SeniorCitizen,Partner,Dependents,tenure,OnlineSecurity,OnlineBackup,DeviceProtection,TechSupport,Contract,PaperlessBilling,PaymentMethod,MonthlyCharges,TotalCharges,Churn
0,Yes,Yes,65,Yes,Yes,Yes,Yes,Two year,No,Credit card (automatic),94.55,6078.75,0
0,No,No,26,No,No,Yes,Yes,Month-to-month,No,Electronic check,35.75,1022.5,0
0,Yes,No,68,No,Yes,Yes,Yes,Two year,No,Credit card (automatic),90.2,6297.65,0
0,No,No,3,No,Yes,No,No,Month-to-month,No,Electronic check,84.3,235.05,0
0,Yes,No,49,Yes,No,No,No,Month-to-month,No,Bank transfer (automatic),40.65,2070.75,0
1,Yes,No,64,Yes,Yes,Yes,No,One year,No,Bank transfer (automatic),97.0,6430.9,0
0,No,No,7,No,No,Yes,Yes,Month-to-month,No,Bank transfer (automatic),64.3,445.95,0
0,No,No,22,No,Yes,No,No,Month-to-month,Yes,Mailed check,93.2,2157.3,0
0,Yes,Yes,31,No,No,Yes,Yes,Month-to-month,No,Mailed check,54.35,1647.0,0
0,No,No,6,No,No,Yes,No,Month-to-month,Yes,Electronic check,47.95,305.1,1
0,No,Yes,1,No internet service,No internet service,No internet service,No internet service,Month-to-month,Yes,Mailed check,19.2,19.2,0
0,No,No,6,Yes,No,No,No,Month-to-month,Yes,Electronic check,79.05,434.5,1
0,No,No,12,Yes,No,No,No,Month-to-month,Yes,Electronic check,79.8,1001.2,0
0,Yes,No,61,No,No,Yes,Yes,Month-to-month,Yes,Electronic check,106.35,6751.35,0
0,No,No,43,No internet service,No internet service,No internet service,No internet service,Two year,Yes,Bank transfer (automatic),19.65,779.25,0
1,No,No,30,No,No,Yes,No,Month-to-month,Yes,Electronic check,40.3,1172.95,1
0,No,No,22,No,Yes,No,Yes,One year,Yes,Credit card (automatic),55.15,1193.05,1
0,Yes,Yes,52,No internet service,No internet service,No internet service,No internet service,Two year,No,Mailed check,23.05,1255.1,0
0,No,No,1,No,No,No,No,Month-to-month,Yes,Electronic check,56.25,56.25,1
0,No,No,57,No,Yes,No,Yes,One year,No,Electronic check,94.7,5468.95,0
0,Yes,No,72,No,Yes,Yes,No,Two year,Yes,Electronic check,54.2,3937.45,1
0,No,No,42,No,Yes,Yes,Yes,Month-to-month,Yes,Bank transfer (automatic),103.8,4327.5,0
0,Yes,Yes,15,No internet service,No internet service,No internet service,No internet service,Month-to-month,No,Mailed check,19.8,272.95,0
0,Yes,Yes,64,Yes,Yes,No,No,Month-to-month,No,Electronic check,81.05,5135.35,0
1,Yes,Yes,47,No,Yes,No,No,One year,Yes,Bank transfer (automatic),84.95,4018.05,0
0,Yes,Yes,2,No,No,No,Yes,Month-to-month,No,Bank transfer (automatic),29.05,44.75,0
0,No,No,1,No internet service,No internet service,No internet service,No internet service,Month-to-month,No,Mailed check,20.2,20.2,0
0,No,No,1,Yes,No,No,No,Month-to-month,Yes,Mailed check,50.7,50.7,0
0,Yes,Yes,72,Yes,Yes,Yes,Yes,Two year,Yes,Bank transfer (automatic),113.1,8248.5,0
0,Yes,Yes,32,Yes,No,No,No,Month-to-month,No,Electronic check,89.6,2901.8,0
1,Yes,No,1,No,No,No,No,Month-to-month,Yes,Electronic check,74.45,74.45,1
0,Yes,No,71,Yes,Yes,Yes,Yes,Two year,Yes,Bank transfer (automatic),47.6,3377.8,0
0,Yes,Yes,15,Yes,No,No,No,Month-to-month,No,Mailed check,75.1,1151.55,0
0,Yes,No,47,No,No,No,No,One year,Yes,Credit card (automatic),95.2,4563.0,0
0,Yes,Yes,34,No,Yes,No,No,Month-to-month,Yes,Bank transfer (automatic),97.7,3410.0,0
0,Yes,Yes,50,No,Yes,Yes,No,Month-to-month,Yes,Bank transfer (automatic),103.85,5017.9,1
0,No,No,10,No internet service,No internet service,No internet service,No internet service,Month-to-month,No,Credit card (automatic),20.0,198.7,0
1,No,No,8,No,No,Yes,No,Month-to-month,Yes,Electronic check,92.1,729.95,1
0,Yes,Yes,23,No internet service,No internet service,No internet service,No internet service,One year,No,Mailed check,19.65,436.9,0
0,No,No,7,No,No,Yes,No,Month-to-month,Yes,Electronic check,74.9,490.55,0
0,Yes,No,23,No,Yes,Yes,No,Month-to-month,No,Electronic check,84.25,1968.1,0
0,Yes,Yes,72,Yes,Yes,Yes,Yes,Two year,No,Credit card (automatic),90.95,6652.45,0
0,No,No,30,No,No,No,Yes,Month-to-month,No,Electronic check,85.15,2555.9,1
1,Yes,No,31,Yes,Yes,Yes,No,One year,Yes,Credit card (automatic),50.4,1580.1,0
0,No,No,3,No,Yes,Yes,No,Month-to-month,No,Mailed check,107.95,313.6,0
1,No,No,24,No internet service,No internet service,No internet service,No internet service,Month-to-month,Yes,Mailed check,20.3,459.95,0
0,No,No,62,Yes,Yes,No,No,One year,Yes,Credit card (automatic),74.3,4698.05,0
0,Yes,Yes,37,Yes,Yes,Yes,No,Month-to-month,No,Bank transfer (automatic),40.2,1448.8,1
0,No,No,62,No internet service,No internet service,No internet service,No internet service,Two year,Yes,Credit card (automatic),19.2,1123.65,0
0,No,No,11,Yes,No,No,No,Month-to-month,Yes,Electronic check,73.5,791.75,1
0,No,No,10,No,Yes,No,Yes,Month-to-month,No,Electronic check,36.25,374.0,0
0,No,No,37,No,Yes,Yes,No,Month-to-month,Yes,Bank transfer (automatic),101.9,3545.35,1
1,No,No,72,No internet service,No internet service,No internet service,No internet service,Two year,Yes,Credit card (automatic),25.1,1789.9,0
0,No,No,19,Yes,No,Yes,No,Month-to-month,Yes,Electronic check,84.75,1651.95,0
0,No,No,1,No internet service,No internet service,No internet service,No internet service,Month-to-month,Yes,Mailed check,19.6,19.6,1
0,Yes,No,23,No,No,No,Yes,Month-to-month,Yes,Credit card (automatic),73.65,1642.75,0
1,Yes,No,43,Yes,No,Yes,Yes,One year,Yes,Mailed check,109.55,4830.25,1
0,No,No,46,No,Yes,Yes,No,One year,Yes,Credit card (automatic),94.9,4422.95,0
0,No,Yes,9,No internet service,No internet service,No internet service,No internet service,Month-to-month,No,Mailed check,20.4,184.1,0
0,Yes,Yes,24,No internet service,No internet service,No internet service,No internet service,Two year,Yes,Mailed check,19.7,494.05,0
1,No,No,8,No,No,No,Yes,Month-to-month,Yes,Credit card (automatic),100.15,908.55,0
0,Yes,Yes,10,No,No,No,No,Month-to-month,No,Electronic check,85.95,858.6,0
0,Yes,Yes,71,Yes,No,Yes,Yes,Two year,Yes,Credit card (automatic),70.85,4973.4,0
0,Yes,Yes,5,No,Yes,No,No,Month-to-month,Yes,Electronic check,30.5,167.2,0
1,Yes,No,41,Yes,No,Yes,No,Month-to-month,Yes,Bank transfer (automatic),83.75,3273.55,1
0,Yes,Yes,58,Yes,Yes,Yes,Yes,Two year,No,Credit card (automatic),71.6,4230.25,0
0,No,No,3,No,No,Yes,No,One year,Yes,Electronic check,69.95,220.45,0
0,Yes,Yes,67,No internet service,No internet service,No internet service,No internet service,Two year,Yes,Credit card (automatic),19.4,1284.2,0
0,No,No,13,Yes,No,No,No,Month-to-month,Yes,Bank transfer (automatic),30.85,394.1,0
0,Yes,Yes,1,No internet service,No internet service,No internet service,No internet service,One year,Yes,Electronic check,20.2,20.2,0
0,Yes,Yes,71,Yes,Yes,Yes,Yes,Two year,No,Credit card (automatic),100.2,7209.0,0
0,No,No,8,No,No,No,No,Month-to-month,Yes,Credit card (automatic),54.75,438.05,0
0,No,No,28,No,Yes,No,Yes,One year,Yes,Bank transfer (automatic),91.25,2483.65,0
0,Yes,No,71,No internet service,No internet service,No internet service,No internet service,Two year,No,Mailed check,23.85,1672.1,0
0,No,No,67,Yes,Yes,Yes,Yes,One year,Yes,Bank transfer (automatic),118.35,7804.15,1
0,Yes,Yes,63,Yes,Yes,Yes,Yes,Two year,Yes,Credit card (automatic),89.4,5597.65,0
0,No,No,5,No,No,No,No,Month-to-month,Yes,Electronic check,80.6,415.55,1
0,No,No,37,Yes,Yes,Yes,Yes,Month-to-month,Yes,Credit card (automatic),78.9,2976.95,0
0,Yes,No,53,No,Yes,Yes,Yes,One year,Yes,Bank transfer (automatic),111.8,5809.75,0
0,No,Yes,12,No,No,No,No,Month-to-month,Yes,Electronic check,44.55,480.6,1
0,No,No,70,No internet service,No internet service,No internet service,No internet service,One year,No,Bank transfer (automatic),19.7,1341.5,0
0,No,No,3,No,No,No,No,Month-to-month,Yes,Electronic check,74.4,229.55,1
0,Yes,No,14,No,Yes,Yes,No,Month-to-month,Yes,Electronic check,82.65,1185.0,0
0,No,No,61,Yes,Yes,Yes,Yes,One year,No,Credit card (automatic),43.7,2696.55,0
0,No,No,4,No,No,No,No,Month-to-month,Yes,Electronic check,88.45,370.65,1
0,No,No,1,No,No,No,No,Month-to-month,No,Electronic check,90.6,90.6,1
1,No,No,10,No,No,No,Yes,Month-to-month,Yes,Electronic check,29.65,291.4,1
0,No,Yes,23,No,Yes,No,Yes,Month-to-month,Yes,Bank transfer (automatic),55.3,1284.2,0
0,No,Yes,27,No internet service,No internet service,No internet service,No internet service,Two year,No,Mailed check,20.6,581.85,0
1,Yes,No,72,Yes,Yes,Yes,Yes,Two year,No,Bank transfer (automatic),78.45,5682.25,0
0,Yes,Yes,66,No,No,No,Yes,Two year,No,Bank transfer (automatic),50.55,3364.55,0
0,Yes,Yes,35,No,Yes,Yes,Yes,Month-to-month,Yes,Electronic check,109.95,3782.4,0
0,No,No,1,No,No,No,No,Month-to-month,Yes,Mailed check,45.3,45.3,1
1,No,No,12,No,No,No,No,Month-to-month,Yes,Credit card (automatic),73.3,828.05,0
0,No,No,26,Yes,Yes,No,No,Month-to-month,Yes,Bank transfer (automatic),44.65,1156.55,0
0,No,No,18,No,No,Yes,Yes,Month-to-month,Yes,Electronic check,35.2,607.3,0
0,Yes,No,3,No,Yes,No,No,Month-to-month,No,Credit card (automatic),29.8,94.4,0
0,No,No,67,No internet service,No internet service,No internet service,No internet service,One year,No,Electronic check,20.55,1343.4,0
0,Yes,Yes,12,No internet service,No internet service,No internet service,No internet service,Two year,No,Bank transfer (automatic),20.3,224.5,0
1,Yes,No,32,No,No,No,No,Month-to-month,Yes,Credit card (automatic),85.95,2628.6,1
1,No,No,9,No,No,No,No,Month-to-month,Yes,Electronic check,85.05,746.5,1
1,Yes,Yes,52,No,Yes,Yes,No,One year,Yes,Electronic check,80.85,4079.55,0
0,No,No,17,No internet service,No internet service,No internet service,No internet service,One year,No,Credit card (automatic),20.05,337.9,0
1,No,No,70,No,No,No,No,One year,Yes,Electronic check,45.25,3264.45,1
0,No,Yes,14,Yes,No,No,Yes,Month-to-month,Yes,Mailed check,86.0,1164.05,0
0,Yes,Yes,18,Yes,Yes,No,Yes,One year,Yes,Mailed check,61.5,1087.45,0
0,No,No,46,Yes,No,Yes,Yes,Two year,Yes,Bank transfer (automatic),60.75,2893.4,0
1,Yes,No,13,No,Yes,Yes,No,Month-to-month,Yes,Electronic check,98.0,1237.85,1
0,No,No,19,No,No,No,No,Month-to-month,Yes,Bank transfer (automatic),78.7,1495.1,0
0,No,No,3,Yes,Yes,No,Yes,Two year,No,Mailed check,71.1,213.35,0
0,Yes,Yes,62,No internet service,No internet service,No internet service,No internet service,Two year,No,Credit card (automatic),20.65,1218.45,0
1,No,No,38,No internet service,No internet service,No internet service,No internet service,Two year,No,Mailed check,20.2,735.9,0
0,No,No,7,No internet service,No internet service,No internet service,No internet service,Month-to-month,No,Electronic check,19.25,112.3,1
0,No,No,46,No,No,No,No,One year,No,Credit card (automatic),55.65,2688.85,0
0,No,Yes,12,Yes,No,No,No,Month-to-month,Yes,Electronic check,78.3,909.25,1
0,Yes,No,10,No internet service,No internet service,No internet service,No internet service,One year,No,Bank transfer (automatic),19.6,189.45,0
0,No,No,9,No,No,Yes,No,Month-to-month,Yes,Electronic check,73.8,704.3,0
0,No,No,24,Yes,No,No,No,Month-to-month,Yes,Electronic check,51.15,1275.7,0
0,Yes,No,4,No,Yes,No,No,Month-to-month,Yes,Electronic check,91.65,365.4,1
0,No,No,46,Yes,Yes,No,No,Month-to-month,No,Mailed check,84.25,3847.6,0
1,No,No,67,Yes,Yes,No,Yes,Two year,Yes,Bank transfer (automatic),92.45,6140.85,0
0,Yes,Yes,14,No,Yes,No,Yes,Month-to-month,No,Credit card (automatic),80.45,1137.05,0
0,Yes,Yes,44,No internet service,No internet service,No internet service,No internet service,Month-to-month,No,Mailed check,19.6,780.25,0
0,No,No,9,No internet service,No internet service,No internet service,No internet service,Month-to-month,No,Mailed check,19.05,157.65,0
0,No,No,1,No,No,No,No,Month-to-month,Yes,Electronic check,81.95,81.95,1
0,Yes,No,57,No,Yes,Yes,Yes,One year,Yes,Bank transfer (automatic),109.4,6252.7,0
0,No,No,1,No internet service,No internet service,No internet service,No internet service,Month-to-month,Yes,Mailed check,20.1,20.1,1
1,Yes,No,69,No,Yes,Yes,Yes,Two year,Yes,Electronic check,109.95,7634.25,0
0,Yes,Yes,65,Yes,No,Yes,Yes,Two year,No,Electronic check,109.3,7337.55,0
0,Yes,No,52,Yes,No,Yes,Yes,Two year,Yes,Credit card (automatic),91.6,4627.8,0
0,No,No,4,No internet service,No internet service,No internet service,No internet service,Month-to-month,Yes,Credit card (automatic),20.15,68.45,0
0,No,No,1,No internet service,No internet service,No internet service,No internet service,Month-to-month,No,Electronic check,18.85,18.85,0
0,No,No,1,No,No,No,No,Month-to-month,No,Electronic check,45.75,45.75,1
0,Yes,No,72,Yes,Yes,Yes,No,Two year,Yes,Electronic check,99.15,7422.1,0
0,No,No,53,Yes,Yes,Yes,Yes,One year,Yes,Electronic check,53.6,2879.2,0
0,No,Yes,72,Yes,Yes,Yes,Yes,Two year,No,Credit card (automatic),67.2,4671.7,0
0,No,No,2,No,No,No,No,Month-to-month,No,Electronic check,69.65,145.15,1
1,No,No,72,Yes,Yes,Yes,Yes,Two year,No,Bank transfer (automatic),113.8,7845.8,0
0,Yes,Yes,1,No,No,No,No,Month-to-month,Yes,Mailed check,45.85,45.85,1
0,Yes,Yes,67,No internet service,No internet service,No internet service,No internet service,Two year,Yes,Mailed check,24.9,1680.25,0
0,No,No,18,No internet service,No internet service,No internet service,No internet service,One year,No,Mailed check,20.1,407.05,0
1,No,No,2,No,No,No,No,Month-to-month,Yes,Electronic check,70.35,139.05,1
0,No,No,12,No,No,No,Yes,One year,No,Mailed check,74.05,872.65,1
0,No,No,42,No,No,Yes,Yes,Two year,No,Credit card (automatic),66.5,2762.75,0
0,No,Yes,31,No,Yes,No,Yes,One year,Yes,Mailed check,79.45,2587.7,1
0,Yes,No,69,Yes,Yes,No,No,One year,Yes,Credit card (automatic),53.65,3804.4,0
0,Yes,Yes,67,Yes,Yes,Yes,No,One year,No,Bank transfer (automatic),84.8,5598.3,0
0,Yes,Yes,51,No internet service,No internet service,No internet service,No internet service,Two year,No,Credit card (automatic),19.55,1086.75,0
0,No,No,65,No internet service,No internet service,No internet service,No internet service,One year,No,Credit card (automatic),24.8,1600.95,0
0,No,No,25,No internet service,No internet service,No internet service,No internet service,Month-to-month,No,Mailed check,20.6,541.5,0
0,Yes,No,58,No,No,Yes,Yes,Month-to-month,Yes,Credit card (automatic),102.1,5885.4,1
1,Yes,No,52,Yes,No,Yes,Yes,One year,Yes,Bank transfer (automatic),104.45,5481.25,0
1,No,No,37,No,Yes,Yes,No,Month-to-month,No,Electronic check,36.65,1315.0,0
0,No,No,4,No internet service,No internet service,No internet service,No internet service,One year,No,Electronic check,23.9,97.5,0
1,No,No,63,No,No,Yes,No,Month-to-month,Yes,Bank transfer (automatic),89.6,5538.8,0
0,Yes,No,53,No,Yes,No,No,One year,Yes,Bank transfer (automatic),94.25,4867.95,1
0,Yes,Yes,32,No,Yes,No,No,Month-to-month,Yes,Electronic check,86.1,2723.75,0
0,No,No,30,No,No,No,Yes,One year,Yes,Bank transfer (automatic),94.4,2638.1,0
0,Yes,No,11,No,No,No,No,Month-to-month,Yes,Electronic check,94.0,1078.9,1
0,Yes,Yes,69,Yes,Yes,Yes,Yes,Two year,No,Bank transfer (automatic),46.25,3121.4,0
0,Yes,Yes,61,No,Yes,Yes,Yes,Two year,No,Credit card (automatic),51.35,3244.4,0
0,No,No,9,No,No,Yes,No,Month-to-month,No,Credit card (automatic),98.3,923.5,1
0,Yes,No,18,No,No,No,Yes,Month-to-month,Yes,Mailed check,50.3,908.75,0
0,Yes,Yes,58,No internet service,No internet service,No internet service,No internet service,Two year,Yes,Mailed check,19.85,1158.85,0
1,No,No,35,Yes,No,No,No,Month-to-month,Yes,Electronic check,99.05,3554.6,0
0,No,Yes,14,Yes,Yes,Yes,Yes,Two year,No,Bank transfer (automatic),76.1,1054.8,0
0,Yes,Yes,58,No internet service,No internet service,No internet service,No internet service,Two year,No,Credit card (automatic),20.5,1191.4,0
0,No,No,9,Yes,Yes,No,No,Month-to-month,Yes,Electronic check,74.65,703.55,1
1,Yes,No,51,Yes,No,No,No,Month-to-month,Yes,Electronic check,77.5,3807.35,1
0,Yes,No,30,No internet service,No internet service,No internet service,No internet service,Two year,No,Mailed check,19.05,637.55,0
0,No,No,4,No,No,No,No,Month-to-month,No,Credit card (automatic),51.75,201.1,1
1,No,No,14,Yes,Yes,No,No,Month-to-month,No,Electronic check,78.85,1043.8,0
1,Yes,No,23,Yes,No,No,No,Month-to-month,Yes,Electronic check,95.1,2326.05,0
0,No,No,17,No,No,No,No,Month-to-month,Yes,Electronic check,70.8,1207.0,0
0,Yes,No,8,No,Yes,No,No,Month-to-month,Yes,Bank transfer (automatic),49.55,393.45,0
0,Yes,No,61,Yes,No,Yes,Yes,Two year,No,Credit card (automatic),75.35,4729.3,0
0,Yes,Yes,72,Yes,Yes,Yes,Yes,Two year,No,Credit card (automatic),107.45,7658.3,0
0,No,No,1,No,No,No,Yes,Month-to-month,No,Credit card (automatic),49.0,49.0,0
0,Yes,Yes,20,No internet service,No internet service,No internet service,No internet service,Month-to-month,No,Electronic check,20.0,417.65,0
0,Yes,Yes,72,Yes,No,Yes,Yes,Two year,Yes,Credit card (automatic),85.9,6110.75,0
0,No,No,71,No,Yes,No,No,One year,Yes,Credit card (automatic),79.05,5552.5,0
0,Yes,Yes,72,Yes,Yes,Yes,Yes,Two year,No,Credit card (automatic),117.5,8670.1,0
0,No,No,37,No,No,No,No,Month-to-month,Yes,Mailed check,70.35,2552.9,0
0,Yes,Yes,70,Yes,Yes,Yes,No,Two year,Yes,Credit card (automatic),80.15,5600.15,0
0,Yes,Yes,51,No,No,Yes,No,One year,Yes,Electronic check,90.15,4554.85,0
0,Yes,Yes,28,No,No,No,No,One year,Yes,Bank transfer (automatic),70.4,1992.2,0
0,Yes,No,1,No,No,No,No,Month-to-month,Yes,Electronic check,68.95,68.95,1
0,Yes,No,40,No internet service,No internet service,No internet service,No internet service,Two year,No,Mailed check,19.1,780.1,0
0,No,No,8,No,No,No,Yes,Month-to-month,No,Electronic check,49.4,408.25,0
1,No,No,13,No,No,Yes,No,Month-to-month,Yes,Electronic check,74.3,940.35,1
0,No,No,1,No,No,Yes,Yes,Month-to-month,No,Mailed check,35.9,35.9,0
1,No,No,17,No internet service,No internet service,No internet service,No internet service,One year,No,Mailed check,20.65,330.6,0
0,Yes,No,16,No,Yes,No,No,Month-to-month,Yes,Bank transfer (automatic),94.65,1461.15,0
0,No,No,1,Yes,No,No,No,Month-to-month,Yes,Mailed check,50.75,50.75,0
0,Yes,Yes,22,No,No,No,No,Month-to-month,Yes,Bank transfer (automatic),75.8,1615.1,0
1,No,No,16,No,No,No,No,Month-to-month,Yes,Electronic check,96.15,1529.2,1
0,Yes,Yes,45,Yes,Yes,No,No,Month-to-month,Yes,Electronic check,105.15,4730.9,0
0,Yes,Yes,3,No,No,No,No,Month-to-month,Yes,Electronic check,69.55,200.2,0
0,No,No,15,No,Yes,No,No,Month-to-month,Yes,Electronic check,100.15,1415.0,0
0,Yes,No,25,No,No,Yes,Yes,Month-to-month,Yes,Bank transfer (automatic),104.95,2566.5,1
1,No,No,1,No,Yes,No,No,Month-to-month,Yes,Electronic check,86.0,86.0,1
0,Yes,No,47,No internet service,No internet service,No internet service,No internet service,One year,No,Bank transfer (automatic),19.9,942.95,0
1,Yes,No,5,No,No,Yes,No,Month-to-month,Yes,Bank transfer (automatic),79.9,343.95,1
0,Yes,No,71,Yes,Yes,Yes,Yes,One year,Yes,Bank transfer (automatic),84.8,6046.1,0
0,No,No,3,No,No,No,No,Month-to-month,No,Electronic check,24.75,66.95,1
0,Yes,Yes,1,No,No,No,No,Month-to-month,Yes,Electronic check,69.8,69.8,1
0,Yes,Yes,50,No,No,Yes,Yes,One year,Yes,Electronic check,69.65,3442.15,0
0,No,No,4,No internet service,No internet service,No internet service,No internet service,Month-to-month,Yes,Electronic check,20.2,55.7,0
1,No,No,43,Yes,Yes,No,Yes,Month-to-month,Yes,Credit card (automatic),108.15,4600.7,1
0,No,No,6,No internet service,No internet service,No internet service,No internet service,Month-to-month,No,Credit card (automatic),19.7,129.55,0
0,No,No,38,No,Yes,No,Yes,Month-to-month,No,Credit card (automatic),68.15,2656.3,0
1,Yes,No,35,No,No,Yes,No,One year,Yes,Bank transfer (automatic),81.6,2815.25,0
0,Yes,No,45,No,Yes,No,No,Month-to-month,No,Bank transfer (automatic),81.4,3775.85,0
0,No,No,10,No internet service,No internet service,No internet service,No internet service,Two year,No,Bank transfer (automatic),25.7,251.6,0
0,Yes,No,64,No internet service,No internet service,No internet service,No internet service,Two year,No,Credit card (automatic),25.0,1584.8,0
0,No,No,31,Yes,Yes,No,No,Month-to-month,No,Electronic check,104.35,3205.6,0
0,No,No,1,No internet service,No internet service,No internet service,No internet service,Month-to-month,No,Mailed check,20.9,20.9,0
0,Yes,No,72,No,Yes,Yes,Yes,One year,Yes,Electronic check,109.25,8109.8,1
0,No,No,1,No,No,No,No,Month-to-month,Yes,Electronic check,45.65,45.65,1
0,No,No,1,No internet service,No internet service,No internet service,No internet service,Month-to-month,Yes,Mailed check,19.5,19.5,0
1,Yes,No,47,Yes,No,No,No,Month-to-month,No,Electronic check,80.35,3825.85,1
1,No,No,71,No,Yes,Yes,No,One year,Yes,Electronic check,105.9,7521.95,0
0,No,Yes,30,No,Yes,Yes,No,One year,No,Credit card (automatic),64.5,1929.95,0
0,Yes,No,71,Yes,Yes,Yes,Yes,Two year,Yes,Bank transfer (automatic),86.1,6045.9,0
0,No,No,3,No,No,No,No,Month-to-month,Yes,Electronic check,69.85,199.85,0
0,Yes,No,22,No,Yes,Yes,No,Month-to-month,Yes,Mailed check,54.7,1178.75,0
1,No,No,67,Yes,Yes,No,Yes,Two year,Yes,Bank transfer (automatic),64.55,4250.1,0
1,Yes,No,59,Yes,Yes,Yes,Yes,One year,Yes,Electronic check,94.05,5483.9,0
1,Yes,No,72,Yes,Yes,Yes,Yes,Two year,Yes,Bank transfer (automatic),116.05,8404.9,0
0,Yes,Yes,12,No internet service,No internet service,No internet service,No internet service,Two year,Yes,Bank transfer (automatic),24.0,269.65,0
0,No,No,1,No,No,No,No,Month-to-month,No,Mailed check,44.4,44.4,1
0,Yes,Yes,64,Yes,Yes,Yes,No,Month-to-month,Yes,Electronic check,91.8,5960.5,0
0,No,No,17,No,No,No,Yes,Month-to-month,No,Mailed check,51.5,900.5,1
0,Yes,Yes,14,Yes,Yes,No,No,Month-to-month,No,Mailed check,69.2,944.65,0
0,Yes,No,44,No,Yes,Yes,Yes,One year,Yes,Electronic check,70.95,3250.45,0
0,Yes,No,58,No,No,No,No,One year,Yes,Credit card (automatic),45.0,2689.35,0
0,No,No,30,Yes,Yes,No,No,Month-to-month,Yes,Credit card (automatic),94.3,2679.7,0
0,No,No,23,No internet service,No internet service,No internet service,No internet service,One year,Yes,Credit card (automatic),19.65,478.1,0
1,No,No,16,No,No,No,No,Month-to-month,Yes,Bank transfer (automatic),74.45,1261.35,0
0,Yes,Yes,13,Yes,No,No,Yes,One year,No,Bank transfer (automatic),54.15,701.05,0
0,No,No,40,No,No,Yes,No,One year,Yes,Mailed check,50.25,2023.55,0
0,Yes,Yes,33,No,No,Yes,Yes,One year,Yes,Electronic check,79.15,2531.4,0
0,No,No,42,No,Yes,No,No,Month-to-month,Yes,Electronic check,49.55,2077.95,0
0,No,No,10,No,No,No,No,Month-to-month,Yes,Mailed check,75.75,777.3,0
0,Yes,Yes,66,No,Yes,Yes,No,One year,Yes,Credit card (automatic),102.45,6615.15,1
0,Yes,No,26,No,No,No,Yes,Month-to-month,No,Credit card (automatic),85.9,2196.45,0
0,Yes,Yes,72,Yes,Yes,Yes,Yes,Two year,Yes,Electronic check,115.5,8425.15,0
0,No,No,71,No internet service,No internet service,No internet service,No internet service,Two year,Yes,Credit card (automatic),19.9,1355.1,0
0,Yes,Yes,5,No,Yes,No,Yes,Month-to-month,No,Electronic check,34.25,163.55,0
0,No,No,25,Yes,Yes,Yes,No,One year,No,Electronic check,61.05,1540.2,0
1,Yes,No,42,Yes,No,Yes,No,One year,Yes,Bank transfer (automatic),105.2,4599.15,0
0,Yes,No,50,No internet service,No internet service,No internet service,No internet service,One year,Yes,Bank transfer (automatic),19.85,943.1,0
0,Yes,Yes,71,Yes,Yes,Yes,Yes,Two year,No,Credit card (automatic),87.25,6328.7,0
0,Yes,Yes,55,No,Yes,No,Yes,Month-to-month,No,Electronic check,79.4,4238.45,0
0,No,No,4,Yes,No,No,No,Month-to-month,Yes,Electronic check,80.15,319.85,0
1,Yes,No,61,No,Yes,No,No,One year,No,Bank transfer (automatic),64.05,3902.6,0
0,Yes,Yes,70,No,Yes,Yes,Yes,One year,Yes,Electronic check,106.15,7475.1,0
0,Yes,Yes,56,Yes,Yes,Yes,Yes,Two year,No,Mailed check,115.85,6567.9,0
0,No,No,8,No,No,Yes,No,Month-to-month,Yes,Electronic check,99.65,820.5,1
0,Yes,Yes,72,Yes,No,Yes,No,Two year,Yes,Bank transfer (automatic),105.55,7542.25,0
0,Yes,Yes,60,No,Yes,Yes,No,One year,No,Electronic check,90.95,5453.4,1
0,Yes,No,28,Yes,No,No,Yes,One year,No,Mailed check,54.35,1426.45,0
0,Yes,Yes,16,Yes,Yes,No,Yes,Month-to-month,No,Electronic check,84.9,1398.25,0
0,No,No,21,Yes,No,Yes,No,Month-to-month,No,Mailed check,103.85,2215.0,0
1,Yes,No,42,No,No,No,No,Month-to-month,Yes,Electronic check,95.05,3944.5,0
0,Yes,No,3,No internet service,No internet service,No internet service,No internet service,Month-to-month,Yes,Mailed check,19.6,55.25,0
1,No,No,9,No,No,No,No,Month-to-month,Yes,Electronic check,74.55,622.9,1
0,Yes,No,59,Yes,Yes,Yes,Yes,Month-to-month,Yes,Electronic check,106.75,6252.9,1
0,Yes,Yes,7,Yes,Yes,Yes,No,Two year,No,Mailed check,38.55,280.0,0
0,Yes,Yes,30,No internet service,No internet service,No internet service,No internet service,Two year,No,Mailed check,21.25,711.9,0
0,No,No,53,Yes,Yes,Yes,Yes,Two year,No,Mailed check,99.5,5424.25,0
0,No,No,69,Yes,Yes,Yes,Yes,One year,Yes,Credit card (automatic),78.6,5356.45,1
0,Yes,Yes,57,No internet service,No internet service,No internet service,No internet service,Two year,No,Bank transfer (automatic),19.5,1167.6,0
0,Yes,No,62,No internet service,No internet service,No internet service,No internet service,Two year,No,Bank transfer (automatic),23.65,1416.75,0
0,Yes,Yes,66,Yes,Yes,Yes,Yes,One year,Yes,Electronic check,75.1,5013.0,0
0,Yes,Yes,34,No,No,Yes,No,Month-to-month,Yes,Credit card (automatic),90.05,3097.0,0
0,No,Yes,1,Yes,No,No,No,Month-to-month,No,Mailed check,51.2,51.2,0
0,Yes,No,60,No,No,Yes,No,Two year,No,Credit card (automatic),101.15,6067.4,0
0,Yes,Yes,23,Yes,Yes,Yes,Yes,One year,Yes,Mailed check,66.25,1533.8,0
0,No,No,66,No,Yes,Yes,No,Month-to-month,No,Electronic check,99.5,6710.5,1
1,No,No,13,No,No,No,No,Month-to-month,Yes,Electronic check,95.05,1290.0,1
0,Yes,Yes,72,No internet service,No internet service,No internet service,No internet service,Two year,No,Bank transfer (automatic),20.3,1401.15,0
0,Yes,Yes,63,Yes,No,No,No,One year,Yes,Credit card (automatic),99.65,6311.2,0
0,Yes,Yes,72,Yes,Yes,Yes,Yes,Two year,Yes,Credit card (automatic),64.8,4719.75,0
0,Yes,Yes,62,Yes,Yes,Yes,Yes,Two year,No,Bank transfer (automatic),115.55,7159.05,0
1,Yes,No,16,No,No,Yes,Yes,Month-to-month,Yes,Electronic check,91.55,1540.05,0
0,Yes,No,71,Yes,No,Yes,No,One year,Yes,Credit card (automatic),104.1,7412.25,0
0,No,No,4,No,No,No,No,Month-to-month,Yes,Electronic check,79.0,303.15,1
0,Yes,No,15,No,No,No,No,Month-to-month,No,Electronic check,88.15,1390.6,1
0,No,No,21,Yes,No,No,Yes,Two year,No,Mailed check,35.1,770.4,0
0,Yes,Yes,20,Yes,No,Yes,Yes,Two year,Yes,Credit card (automatic),39.4,825.4,0
0,Yes,Yes,47,No,Yes,No,No,Month-to-month,No,Electronic check,54.25,2538.2,0
0,Yes,Yes,72,Yes,Yes,Yes,Yes,Two year,No,Bank transfer (automatic),64.45,4528.0,0
0,No,No,18,Yes,No,Yes,Yes,Month-to-month,Yes,Electronic check,68.35,1299.8,0
0,No,No,24,No internet service,No internet service,No internet service,No internet service,One year,No,Bank transfer (automatic),24.6,605.25,0
0,Yes,No,56,No,Yes,No,Yes,One year,Yes,Electronic check,107.25,6033.3,0
0,No,No,5,No,Yes,No,Yes,Month-to-month,Yes,Electronic check,89.35,461.7,1
0,Yes,Yes,17,No internet service,No internet service,No internet service,No internet service,Month-to-month,No,Mailed check,24.1,409.9,1
1,No,No,13,No,No,Yes,No,Month-to-month,Yes,Electronic check,96.85,1235.55,0
0,Yes,Yes,59,No,No,Yes,No,Two year,Yes,Credit card (automatic),99.5,5861.75,0
1,Yes,No,29,No,Yes,Yes,No,Month-to-month,Yes,Electronic check,95.9,2745.2,1
0,Yes,Yes,28,No,No,No,No,Month-to-month,No,Mailed check,49.9,1410.25,0
0,No,No,46,Yes,No,Yes,No,Two year,No,Mailed check,79.2,3593.8,0
1,No,No,2,No,No,No,No,Month-to-month,Yes,Electronic check,44.7,93.7,1
1,No,No,1,No,No,No,No,Month-to-month,Yes,Mailed check,25.7,25.7,1
0,No,No,12,No,No,No,No,Month-to-month,Yes,Bank transfer (automatic),45.4,518.9,1
0,Yes,Yes,51,No internet service,No internet service,No internet service,No internet service,Two year,No,Mailed check,19.95,1028.75,0
0,No,No,60,Yes,Yes,Yes,No,Two year,No,Bank transfer (automatic),39.6,2424.5,0
0,Yes,Yes,16,No internet service,No internet service,No internet service,No internet service,Month-to-month,No,Electronic check,20.15,341.35,0
0,Yes,Yes,70,No,Yes,Yes,Yes,Two year,Yes,Credit card (automatic),85.95,5931.75,0
0,Yes,Yes,35,No internet service,No internet service,No internet service,No internet service,Two year,Yes,Mailed check,19.85,739.35,0
0,Yes,No,37,No,No,Yes,Yes,Two year,No,Mailed check,94.3,3460.95,0
0,Yes,Yes,54,No,Yes,Yes,Yes,Month-to-month,Yes,Electronic check,86.2,4524.05,0
1,Yes,No,72,Yes,Yes,Yes,Yes,Two year,No,Credit card (automatic),89.1,6352.4,0
0,No,No,1,No,Yes,No,No,Month-to-month,Yes,Mailed check,79.15,79.15,0
1,No,No,23,No,No,Yes,No,Month-to-month,Yes,Mailed check,79.35,1835.3,0
0,Yes,Yes,43,No,No,Yes,No,Month-to-month,Yes,Bank transfer (automatic),92.55,4039.0,0
0,No,Yes,70,Yes,Yes,No,Yes,One year,No,Bank transfer (automatic),64.95,4551.5,0
0,No,No,6,No,No,No,No,Month-to-month,No,Credit card (automatic),45.0,298.7,0
0,Yes,No,42,No,No,No,No,Month-to-month,Yes,Credit card (automatic),25.1,1097.15,0
0,No,No,4,No,No,No,No,Month-to-month,Yes,Electronic check,85.65,321.65,1
0,Yes,No,72,Yes,Yes,Yes,Yes,Two year,Yes,Bank transfer (automatic),82.3,5980.55,0
0,Yes,Yes,1,No,No,No,No,Month-to-month,Yes,Electronic check,71.0,71.0,1
0,No,No,10,No,Yes,No,No,Month-to-month,No,Electronic check,79.85,797.25,0
0,No,No,54,No,Yes,No,No,Month-to-month,Yes,Bank transfer (automatic),79.85,4308.25,0
0,Yes,No,71,No internet service,No internet service,No internet service,No internet service,Two year,Yes,Credit card (automatic),24.25,1732.95,0
0,No,No,42,No internet service,No internet service,No internet service,No internet service,One year,No,Electronic check,25.05,949.85,0
0,Yes,Yes,52,No,No,Yes,Yes,Two year,Yes,Bank transfer (automatic),96.25,4990.25,1
0,No,No,3,No,No,No,No,Month-to-month,No,Credit card (automatic),53.4,188.7,1
1,Yes,No,70,No,Yes,No,Yes,One year,Yes,Bank transfer (automatic),105.55,7195.35,0
0,Yes,No,65,No,Yes,No,No,Month-to-month,Yes,Bank transfer (automatic),91.85,5940.85,1
1,Yes,No,72,No internet service,No internet service,No internet service,No internet service,Two year,No,Bank transfer (automatic),24.3,1778.7,0
0,Yes,No,61,Yes,Yes,No,Yes,One year,No,Bank transfer (automatic),93.7,5860.7,0
0,No,No,37,No,Yes,Yes,No,One year,No,Electronic check,80.05,3019.1,0
1,Yes,No,36,No,Yes,No,No,Month-to-month,Yes,Electronic check,96.5,3436.1,1
0,Yes,No,33,No,Yes,Yes,No,Month-to-month,Yes,Electronic check,104.4,3409.6,1
0,No,No,1,No,No,No,No,Month-to-month,Yes,Electronic check,84.6,84.6,0
0,No,No,3,No,No,Yes,Yes,Month-to-month,No,Credit card (automatic),80.1,217.55,1
1,Yes,No,35,No,No,Yes,No,Month-to-month,Yes,Electronic check,100.8,3437.5,0
0,No,No,2,No,No,No,No,Month-to-month,Yes,Electronic check,75.55,166.3,1
0,No,No,1,No internet service,No internet service,No internet service,No internet service,Month-to-month,No,Mailed check,20.3,20.3,0
0,Yes,Yes,72,No,Yes,Yes,Yes,Two year,Yes,Bank transfer (automatic),98.65,7129.45,0
0,No,No,18,No,No,No,Yes,Month-to-month,Yes,Bank transfer (automatic),75.9,1373.05,0
0,No,No,1,No internet service,No internet service,No internet service,No internet service,Month-to-month,Yes,Bank transfer (automatic),19.25,19.25,0
0,Yes,Yes,70,No internet service,No internet service,No internet service,No internet service,Two year,No,Bank transfer (automatic),19.8,1378.75,0
1,No,No,11,No,Yes,Yes,Yes,Month-to-month,Yes,Electronic check,111.4,1183.05,0
1,No,No,3,No,No,No,No,Month-to-month,No,Electronic check,45.0,127.1,1
0,Yes,Yes,5,No,No,No,No,Month-to-month,Yes,Electronic check,80.85,356.1,0
0,No,No,33,No,Yes,No,No,One year,Yes,Electronic check,39.1,1309.0,0
0,No,No,32,No,No,No,No,Month-to-month,Yes,Bank transfer (automatic),85.65,2664.3,0
0,Yes,Yes,48,No internet service,No internet service,No internet service,No internet service,Two year,No,Bank transfer (automatic),20.2,1027.25,0
0,No,No,1,No,No,No,No,Month-to-month,No,Electronic check,78.05,78.05,1
0,No,Yes,18,Yes,No,No,No,Month-to-month,No,Electronic check,64.8,1166.7,0
0,Yes,No,26,No internet service,No internet service,No internet service,No internet service,One year,No,Mailed check,26.0,684.05,0
1,Yes,Yes,56,Yes,No,No,Yes,Two year,Yes,Credit card (automatic),72.6,4084.35,0
1,No,No,35,No,No,Yes,Yes,One year,Yes,Electronic check,73.0,2471.25,0
1,Yes,No,20,No,Yes,No,Yes,Month-to-month,No,Electronic check,107.05,2172.05,0
0,Yes,Yes,58,No internet service,No internet service,No internet service,No internet service,One year,Yes,Credit card (automatic),24.5,1497.9,0
0,Yes,Yes,33,No internet service,No internet service,No internet service,No internet service,Two year,Yes,Mailed check,24.5,740.3,1
0,Yes,Yes,6,No,Yes,No,No,Month-to-month,Yes,Credit card (automatic),83.55,477.55,1
1,No,No,4,No,No,No,No,Month-to-month,Yes,Electronic check,78.85,292.8,1
0,No,Yes,48,No,Yes,Yes,Yes,Two year,Yes,Mailed check,95.5,4627.85,1
0,No,No,63,No internet service,No internet service,No internet service,No internet service,One year,No,Mailed check,20.5,1328.15,0
0,No,No,13,No,No,No,No,Month-to-month,Yes,Electronic check,85.95,1215.65,0
0,Yes,Yes,72,No,Yes,Yes,Yes,Two year,Yes,Electronic check,60.0,4264.0,0
0,No,No,18,No,No,Yes,No,One year,Yes,Credit card (automatic),89.6,1633.0,0
0,Yes,No,32,No internet service,No internet service,No internet service,No internet service,One year,No,Mailed check,19.3,593.2,0
0,No,Yes,5,No,No,No,Yes,Month-to-month,Yes,Bank transfer (automatic),48.65,235.2,0
0,Yes,Yes,23,No,No,Yes,No,Month-to-month,Yes,Credit card (automatic),75.3,1702.9,0
0,No,No,15,No,No,No,No,Month-to-month,Yes,Mailed check,76.0,1130.85,1
0,Yes,No,57,Yes,No,No,No,Month-to-month,Yes,Electronic check,99.65,5497.05,0
0,Yes,Yes,29,No,No,No,No,Month-to-month,Yes,Electronic check,70.75,1974.8,1
0,No,No,20,Yes,No,Yes,No,Month-to-month,No,Credit card (automatic),64.4,1398.6,0
1,No,No,3,No,No,No,No,Month-to-month,Yes,Electronic check,76.05,231.8,1
0,Yes,No,42,No,No,Yes,Yes,Two year,Yes,Credit card (automatic),99.0,4135.0,0
0,Yes,No,36,Yes,No,No,No,Month-to-month,Yes,Electronic check,93.6,3366.05,0
0,No,Yes,48,Yes,No,Yes,No,One year,Yes,Credit card (automatic),78.75,3682.45,0
0,Yes,No,70,No,Yes,Yes,Yes,Two year,Yes,Electronic check,110.5,7752.05,0
0,No,No,3,Yes,No,No,Yes,Month-to-month,No,Mailed check,34.25,139.35,1
0,No,No,20,No,No,No,No,Month-to-month,Yes,Electronic check,85.25,1734.5,1
1,No,No,1,No,No,Yes,No,Month-to-month,Yes,Electronic check,85.0,85.0,1
0,No,No,7,No,No,No,No,Month-to-month,Yes,Electronic check,79.3,523.15,1
0,Yes,Yes,72,Yes,Yes,Yes,No,Two year,Yes,Bank transfer (automatic),110.3,7966.9,0
0,Yes,No,30,No,No,No,No,Month-to-month,No,Electronic check,49.9,1441.95,0
1,Yes,No,54,Yes,Yes,Yes,Yes,One year,Yes,Bank transfer (automatic),115.6,6431.05,0
0,Yes,Yes,48,No internet service,No internet service,No internet service,No internet service,Two year,No,Mailed check,19.55,883.35,0
0,No,No,21,No,No,No,No,Month-to-month,Yes,Electronic check,97.35,2119.5,1
0,Yes,No,70,Yes,Yes,No,Yes,Two year,No,Bank transfer (automatic),84.6,5706.2,0
1,Yes,No,38,No,Yes,Yes,No,Month-to-month,Yes,Electronic check,102.6,4009.2,0
0,No,No,8,No,No,Yes,Yes,Month-to-month,No,Mailed check,64.1,504.05,0
0,No,No,4,No,No,No,No,Month-to-month,No,Mailed check,50.4,206.6,1
0,Yes,Yes,63,Yes,Yes,Yes,No,Two year,No,Credit card (automatic),83.5,5435.0,0
0,Yes,Yes,47,Yes,Yes,Yes,No,Two year,Yes,Credit card (automatic),60.0,2768.65,0
0,Yes,No,72,No internet service,No internet service,No internet service,No internet service,Two year,No,Bank transfer (automatic),20.7,1492.1,0
0,No,No,39,No,No,Yes,Yes,One year,No,Electronic check,81.9,3219.75,0
1,No,No,39,No,No,Yes,No,Month-to-month,Yes,Electronic check,99.75,4036.0,0
0,Yes,Yes,68,Yes,Yes,Yes,Yes,Two year,Yes,Mailed check,56.4,3948.45,0
0,No,No,1,No,No,No,No,Month-to-month,Yes,Mailed check,70.8,70.8,1
1,Yes,No,33,Yes,Yes,No,Yes,One year,Yes,Electronic check,93.55,3055.5,0
0,Yes,No,2,No,No,No,No,Month-to-month,Yes,Electronic check,70.35,120.25,0
1,Yes,No,44,No,No,Yes,Yes,Month-to-month,No,Electronic check,104.15,4495.65,0
0,Yes,Yes,10,No,No,No,No,Month-to-month,Yes,Electronic check,88.85,929.45,0
0,No,Yes,62,No,No,Yes,No,One year,Yes,Electronic check,100.15,6413.65,1
0,No,No,12,Yes,Yes,Yes,No,Month-to-month,Yes,Bank transfer (automatic),99.7,1238.45,1
0,No,No,50,No internet service,No internet service,No internet service,No internet service,One year,Yes,Mailed check,19.35,1033.0,0
0,Yes,No,72,No internet service,No internet service,No internet service,No internet service,Two year,No,Electronic check,24.55,1750.7,0
0,Yes,Yes,10,No,Yes,Yes,No,Month-to-month,Yes,Credit card (automatic),102.1,1068.85,1
0,No,No,48,No internet service,No internet service,No internet service,No internet service,One year,No,Bank transfer (automatic),19.95,1004.5,0
0,Yes,No,15,No,Yes,No,No,Month-to-month,No,Bank transfer (automatic),75.35,1114.55,0
0,No,No,58,No,No,No,Yes,Month-to-month,No,Bank transfer (automatic),80.65,4807.35,0
0,No,No,1,No,No,No,No,Month-to-month,No,Electronic check,25.25,25.25,0
0,No,No,12,No internet service,No internet service,No internet service,No internet service,Month-to-month,No,Mailed check,19.7,220.35,0
0,Yes,No,12,Yes,No,No,Yes,Month-to-month,No,Bank transfer (automatic),80.85,866.45,1
0,No,No,65,No,Yes,Yes,Yes,Two year,Yes,Credit card (automatic),74.2,4805.65,0
0,No,No,7,No internet service,No internet service,No internet service,No internet service,Month-to-month,Yes,Bank transfer (automatic),25.05,152.95,0
1,No,No,2,No,No,No,No,Month-to-month,Yes,Mailed check,24.45,47.5,1
0,No,No,20,No,No,No,No,Month-to-month,No,Electronic check,78.8,1641.3,0
1,Yes,No,65,Yes,Yes,No,No,Two year,Yes,Credit card (automatic),92.7,5968.4,0
1,Yes,No,45,Yes,No,Yes,Yes,Two year,No,Credit card (automatic),75.15,3480.35,0
0,Yes,Yes,12,No,No,No,No,Month-to-month,Yes,Mailed check,56.3,628.65,0
1,Yes,No,6,No,No,No,No,Month-to-month,Yes,Electronic check,84.35,474.9,1
1,No,No,47,Yes,No,No,No,Month-to-month,No,Mailed check,85.5,4042.3,1
0,Yes,Yes,8,No internet service,No internet service,No internet service,No internet service,Two year,No,Mailed check,19.5,162.15,0
0,Yes,No,57,Yes,No,Yes,Yes,Month-to-month,Yes,Bank transfer (automatic),49.9,2782.4,0
0,No,No,2,No internet service,No internet service,No internet service,No internet service,Month-to-month,No,Mailed check,20.35,33.2,1
0,No,No,14,No internet service,No internet service,No internet service,No internet service,One year,Yes,Credit card (automatic),24.8,321.7,0
0,No,No,1,No,No,No,No,Month-to-month,Yes,Electronic check,79.95,79.95,1
0,Yes,No,37,Yes,No,Yes,Yes,One year,Yes,Electronic check,99.2,3754.6,1
0,No,No,14,No,No,No,Yes,Month-to-month,Yes,Electronic check,89.95,1178.4,1
0,No,No,59,No,No,Yes,No,One year,Yes,Bank transfer (automatic),61.35,3645.5,0
0,Yes,Yes,72,No internet service,No internet service,No internet service,No internet service,Two year,No,Credit card (automatic),19.7,1379.8,0
0,No,No,8,No internet service,No internet service,No internet service,No internet service,Month-to-month,No,Mailed check,19.2,156.85,0
0,No,No,1,No,No,No,No,Month-to-month,No,Mailed check,85.8,85.8,1
0,No,No,5,No internet service,No internet service,No internet service,No internet service,Month-to-month,No,Mailed check,20.25,109.8,0
0,No,No,58,No internet service,No internet service,No internet service,No internet service,Two year,Yes,Credit card (automatic),25.3,1474.35,0
0,No,No,10,No,No,No,Yes,Month-to-month,Yes,Electronic check,98.5,1058.25,1
0,Yes,Yes,36,No internet service,No internet service,No internet service,No internet service,Two year,No,Bank transfer (automatic),20.25,717.95,0
1,Yes,No,7,Yes,No,No,No,Month-to-month,No,Bank transfer (automatic),29.8,220.45,0
0,No,Yes,11,Yes,No,No,Yes,One year,Yes,Mailed check,36.05,402.6,0
0,No,No,3,No,Yes,No,No,Month-to-month,No,Mailed check,29.2,98.5,0
0,No,No,4,No internet service,No internet service,No internet service,No internet service,Month-to-month,No,Mailed check,19.75,78.3,0
0,Yes,Yes,15,No,No,No,No,Month-to-month,No,Electronic check,46.3,639.45,0
0,Yes,Yes,2,No,No,No,No,Month-to-month,No,Electronic check,70.4,147.15,1
0,Yes,Yes,28,No,Yes,Yes,No,One year,No,Bank transfer (automatic),100.35,2799.0,0
0,No,No,33,Yes,No,No,No,Month-to-month,Yes,Electronic check,90.65,2989.6,0
1,Yes,Yes,72,Yes,No,Yes,Yes,Two year,Yes,Credit card (automatic),104.1,7447.7,0
0,Yes,No,12,Yes,No,No,Yes,Month-to-month,No,Bank transfer (automatic),54.2,690.5,0
1,Yes,No,27,Yes,No,No,No,Month-to-month,Yes,Bank transfer (automatic),75.2,1929.35,1
1,Yes,No,32,No,No,No,No,Month-to-month,Yes,Electronic check,85.0,2642.05,1
0,No,No,1,No,No,No,No,Month-to-month,No,Electronic check,70.1,70.1,0
1,No,No,68,No internet service,No internet service,No internet service,No internet service,Two year,Yes,Credit card (automatic),20.0,1396.0,0
1,Yes,Yes,72,Yes,Yes,Yes,Yes,Two year,Yes,Bank transfer (automatic),90.15,6716.45,0
0,No,No,35,No,Yes,Yes,No,One year,Yes,Bank transfer (automatic),102.35,3626.1,1
0,Yes,No,72,Yes,Yes,Yes,Yes,Two year,No,Mailed check,68.15,4808.7,0
0,No,Yes,56,No internet service,No internet service,No internet service,No internet service,One year,Yes,Mailed check,21.2,1238.65,0
0,No,No,2,No,No,No,Yes,Month-to-month,Yes,Electronic check,30.9,59.05,1
0,No,No,3,No,No,No,No,Month-to-month,Yes,Electronic check,79.4,244.65,1
0,No,No,64,No internet service,No internet service,No internet service,No internet service,One year,Yes,Bank transfer (automatic),24.4,1601.2,0
0,Yes,No,70,Yes,No,Yes,Yes,Two year,Yes,Credit card (automatic),39.15,2692.75,0
0,Yes,No,63,No,Yes,Yes,No,One year,Yes,Electronic check,107.5,6873.75,1
0,No,No,51,No internet service,No internet service,No internet service,No internet service,One year,Yes,Bank transfer (automatic),19.85,996.95,0
0,Yes,Yes,13,Yes,No,No,No,Month-to-month,Yes,Mailed check,49.95,587.45,0
0,No,No,13,Yes,Yes,No,Yes,Month-to-month,No,Bank transfer (automatic),67.8,842.25,0
1,No,No,3,No,Yes,No,No,Month-to-month,Yes,Electronic check,79.4,205.05,1
0,Yes,No,71,No,Yes,Yes,Yes,Two year,No,Electronic check,109.25,7707.7,0
0,Yes,No,49,No internet service,No internet service,No internet service,No internet service,One year,Yes,Bank transfer (automatic),20.05,923.1,0
0,No,No,1,No internet service,No internet service,No internet service,No internet service,Month-to-month,No,Mailed check,20.4,20.4,0
0,No,No,2,No internet service,No internet service,No internet service,No internet service,Month-to-month,Yes,Mailed check,20.55,33.6,0
1,No,No,1,No,No,No,No,Month-to-month,Yes,Electronic check,74.4,74.4,1
0,No,No,10,No,No,No,Yes,Two year,Yes,Mailed check,29.6,299.05,0
0,No,No,2,No,No,No,No,Month-to-month,Yes,Electronic check,76.5,162.45,1
0,No,No,36,No internet service,No internet service,No internet service,No internet service,Two year,Yes,Credit card (automatic),18.55,689.0,0
0,Yes,No,24,No internet service,No internet service,No internet service,No internet service,One year,No,Mailed check,20.1,533.9,0
0,No,No,13,No,No,No,No,Month-to-month,Yes,Electronic check,84.6,1115.2,1
0,No,No,2,No,No,No,No,Month-to-month,Yes,Mailed check,79.65,152.7,1
1,No,No,49,No,No,Yes,No,Month-to-month,Yes,Credit card (automatic),90.85,4515.85,1
0,Yes,No,38,Yes,Yes,No,Yes,Two year,Yes,Bank transfer (automatic),60.0,2193.2,0
0,No,Yes,66,No internet service,No internet service,No internet service,No internet service,Two year,No,Mailed check,20.55,1357.1,0
1,Yes,No,7,No,No,No,No,Month-to-month,Yes,Electronic check,74.85,485.25,0
0,No,No,14,No,No,Yes,No,Month-to-month,No,Electronic check,75.35,1025.95,1
0,Yes,Yes,11,No internet service,No internet service,No internet service,No internet service,Two year,No,Mailed check,25.0,300.7,0
0,No,No,1,No,No,No,No,Month-to-month,Yes,Electronic check,54.65,54.65,0
0,No,Yes,48,No internet service,No internet service,No internet service,No internet service,One year,No,Mailed check,19.95,936.7,0
0,No,No,13,No internet service,No internet service,No internet service,No internet service,Two year,Yes,Mailed check,20.4,261.3,0
0,Yes,No,33,Yes,No,Yes,Yes,One year,Yes,Electronic check,103.75,3361.05,1
0,Yes,No,28,No internet service,No internet service,No internet service,No internet service,One year,No,Mailed check,25.55,672.2,0
0,Yes,No,21,Yes,No,Yes,No,Month-to-month,Yes,Bank transfer (automatic),104.4,2200.25,1
1,Yes,Yes,32,No,Yes,No,No,Month-to-month,Yes,Mailed check,93.95,2861.45,0
0,No,No,14,No,No,No,Yes,Month-to-month,Yes,Electronic check,69.65,921.4,0
0,Yes,Yes,1,No internet service,No internet service,No internet service,No internet service,One year,No,Mailed check,20.4,20.4,0
0,Yes,Yes,11,Yes,No,No,No,Month-to-month,No,Electronic check,50.55,565.35,0
0,Yes,Yes,44,Yes,No,No,Yes,Month-to-month,No,Bank transfer (automatic),56.25,2419.55,0
0,Yes,Yes,3,No,Yes,No,No,Month-to-month,No,Mailed check,40.3,92.5,0
0,No,No,1,No,No,No,No,Month-to-month,No,Electronic check,43.8,43.8,0
0,No,No,36,No internet service,No internet service,No internet service,No internet service,One year,Yes,Credit card (automatic),20.35,695.85,0
0,No,No,40,No,Yes,No,Yes,One year,No,Credit card (automatic),36.0,1382.9,0
0,Yes,Yes,43,Yes,No,Yes,Yes,One year,Yes,Credit card (automatic),60.4,2640.55,0
0,No,Yes,8,No,No,No,No,Month-to-month,No,Mailed check,25.5,215.2,1
0,Yes,Yes,68,No internet service,No internet service,No internet service,No internet service,Two year,No,Mailed check,25.75,1686.15,0
0,No,No,29,No,No,Yes,Yes,One year,Yes,Bank transfer (automatic),75.35,2243.9,0
1,No,No,3,No,No,Yes,No,Month-to-month,No,Electronic check,91.05,289.1,1
0,Yes,Yes,13,No internet service,No internet service,No internet service,No internet service,Two year,No,Mailed check,19.55,265.3,0
0,Yes,Yes,26,No,Yes,No,Yes,Month-to-month,Yes,Electronic check,60.05,1616.15,1
0,Yes,No,57,No,Yes,Yes,Yes,Two year,Yes,Bank transfer (automatic),57.5,3265.95,0
0,No,No,4,No,No,Yes,No,Month-to-month,No,Electronic check,86.05,308.1,0
0,Yes,Yes,69,No internet service,No internet service,No internet service,No internet service,Two year,No,Credit card (automatic),19.8,1436.95,0
1,No,No,64,Yes,Yes,No,No,Month-to-month,Yes,Bank transfer (automatic),103.5,6548.65,0
1,No,No,11,No,No,No,No,Month-to-month,Yes,Credit card (automatic),79.15,827.7,0
0,Yes,Yes,7,Yes,No,No,No,Month-to-month,No,Credit card (automatic),69.7,516.15,0
1,No,No,45,No,No,Yes,No,One year,Yes,Bank transfer (automatic),102.15,4735.35,0
0,Yes,Yes,67,No,No,Yes,Yes,Two year,Yes,Bank transfer (automatic),69.9,4615.9,0
0,Yes,No,49,No,Yes,No,No,Month-to-month,Yes,Bank transfer (automatic),99.05,4853.75,1
0,Yes,No,67,No internet service,No internet service,No internet service,No internet service,Two year,No,Credit card (automatic),24.85,1583.5,0
0,No,No,45,No internet service,No internet service,No internet service,No internet service,One year,No,Bank transfer (automatic),18.85,867.3,0
0,No,No,54,No,No,Yes,Yes,Two year,Yes,Bank transfer (automatic),95.1,5064.85,0
0,Yes,Yes,51,Yes,Yes,No,No,Month-to-month,Yes,Bank transfer (automatic),79.15,4018.55,0
0,No,Yes,60,Yes,No,Yes,Yes,Two year,Yes,Electronic check,84.95,4984.85,0
0,No,No,20,No,No,Yes,No,Month-to-month,Yes,Electronic check,88.7,1761.45,1
0,Yes,No,72,Yes,Yes,Yes,No,Two year,No,Bank transfer (automatic),100.65,7334.05,0
0,No,No,25,No internet service,No internet service,No internet service,No internet service,Two year,No,Credit card (automatic),19.8,475.2,0
0,No,No,1,No,No,No,No,Month-to-month,Yes,Electronic check,69.2,69.2,1
0,Yes,Yes,8,No,No,Yes,No,Month-to-month,Yes,Electronic check,51.05,415.05,1
0,No,No,26,No,No,Yes,Yes,Month-to-month,Yes,Mailed check,84.3,2281.6,0
0,Yes,No,53,Yes,No,Yes,Yes,One year,No,Bank transfer (automatic),77.4,4155.95,0
0,Yes,Yes,66,Yes,Yes,Yes,No,One year,Yes,Bank transfer (automatic),103.15,7031.3,0
0,Yes,No,25,No,No,No,Yes,Month-to-month,Yes,Credit card (automatic),95.7,2338.35,0
0,Yes,Yes,24,Yes,Yes,Yes,No,Two year,No,Electronic check,64.35,1558.65,0
0,No,No,5,No,No,No,No,Month-to-month,Yes,Mailed check,93.9,486.85,1
1,Yes,No,1,No,No,No,No,Month-to-month,Yes,Electronic check,70.3,70.3,1
1,Yes,No,65,Yes,Yes,Yes,No,Month-to-month,No,Electronic check,94.4,6126.15,0
0,No,No,9,No,No,No,No,Month-to-month,No,Mailed check,59.9,542.4,0
0,Yes,No,10,No internet service,No internet service,No internet service,No internet service,Month-to-month,Yes,Mailed check,20.55,252.75,0
0,No,No,59,No,No,No,Yes,Month-to-month,Yes,Electronic check,51.7,3005.8,0
0,Yes,No,65,Yes,No,Yes,Yes,Two year,No,Bank transfer (automatic),76.15,4929.55,0
0,No,No,40,No internet service,No internet service,No internet service,No internet service,Two year,No,Mailed check,20.15,804.85,0
0,Yes,Yes,20,No,No,No,No,Month-to-month,Yes,Electronic check,70.45,1470.95,1
0,No,No,42,No internet service,No internet service,No internet service,No internet service,One year,No,Bank transfer (automatic),19.8,849.9,0
0,No,No,1,No internet service,No internet service,No internet service,No internet service,Month-to-month,No,Bank transfer (automatic),20.2,20.2,0
0,Yes,Yes,6,No internet service,No internet service,No internet service,No internet service,Two year,No,Mailed check,20.1,100.35,0
0,Yes,No,38,No internet service,No internet service,No internet service,No internet service,One year,Yes,Credit card (automatic),20.25,814.75,0
0,No,No,2,No,No,No,No,Month-to-month,No,Bank transfer (automatic),62.05,118.3,1
1,Yes,No,37,No,No,No,No,Month-to-month,Yes,Electronic check,92.5,3473.4,1
0,No,No,44,No internet service,No internet service,No internet service,No internet service,Two year,No,Credit card (automatic),20.4,905.55,0
0,No,No,10,Yes,No,No,No,Month-to-month,Yes,Mailed check,84.7,832.05,1
0,Yes,No,72,Yes,Yes,Yes,Yes,Two year,No,Bank transfer (automatic),88.05,6520.8,0
0,Yes,Yes,29,No,No,No,No,Month-to-month,Yes,Credit card (automatic),87.8,2621.75,0
0,Yes,No,24,No,No,Yes,No,Month-to-month,Yes,Electronic check,101.05,2391.8,1
1,No,No,4,No,Yes,No,No,Month-to-month,Yes,Credit card (automatic),50.95,207.35,0
0,No,No,33,No,Yes,Yes,No,Month-to-month,Yes,Credit card (automatic),79.0,2576.8,0
1,Yes,No,2,No,No,Yes,No,Month-to-month,Yes,Credit card (automatic),95.5,181.65,0
0,Yes,Yes,72,No,Yes,Yes,Yes,Two year,Yes,Bank transfer (automatic),112.25,8041.65,0
0,Yes,Yes,67,Yes,No,Yes,Yes,Two year,No,Mailed check,67.85,4627.65,0
0,No,No,65,No,Yes,Yes,No,One year,Yes,Electronic check,95.5,6153.85,0
0,No,Yes,8,No internet service,No internet service,No internet service,No internet service,Month-to-month,No,Bank transfer (automatic),19.45,159.2,0
0,Yes,No,53,Yes,Yes,Yes,No,One year,Yes,Bank transfer (automatic),106.1,5769.75,1
0,No,No,2,No internet service,No internet service,No internet service,No internet service,Month-to-month,No,Mailed check,20.05,42.7,0
0,Yes,No,58,Yes,Yes,No,Yes,Two year,Yes,Credit card (automatic),109.1,6393.65,0
0,No,No,16,No internet service,No internet service,No internet service,No internet service,One year,No,Mailed check,20.1,296.15,0
0,No,No,56,No internet service,No internet service,No internet service,No internet service,Two year,Yes,Bank transfer (automatic),25.95,1444.05,0
0,No,No,68,No internet service,No internet service,No internet service,No internet service,Two year,No,Mailed check,24.55,1657.4,0
0,No,Yes,24,No internet service,No internet service,No internet service,No internet service,Two year,No,Mailed check,19.75,498.1,0
0,Yes,Yes,47,No internet service,No internet service,No internet service,No internet service,Two year,No,Mailed check,19.75,948.9,0
0,No,No,1,Yes,No,No,No,Month-to-month,Yes,Electronic check,81.7,81.7,1
0,Yes,Yes,71,Yes,Yes,No,Yes,Two year,No,Mailed check,58.65,4145.25,0
0,No,No,51,Yes,Yes,No,No,One year,Yes,Electronic check,94.8,4837.6,1
0,Yes,No,58,No,No,Yes,No,One year,No,Credit card (automatic),50.3,2878.55,0
0,No,No,10,No,Yes,No,No,Month-to-month,No,Electronic check,51.2,498.25,0
1,Yes,No,28,No internet service,No internet service,No internet service,No internet service,Month-to-month,No,Mailed check,25.7,734.6,0
0,No,No,1,No internet service,No internet service,No internet service,No internet service,Month-to-month,No,Mailed check,20.15,20.15,1
0,No,Yes,60,No internet service,No internet service,No internet service,No internet service,Two year,No,Mailed check,19.95,1189.9,0
0,Yes,Yes,4,No,No,No,No,Month-to-month,No,Mailed check,50.85,239.55,1
0,No,No,22,No,Yes,No,No,Month-to-month,Yes,Electronic check,100.65,2415.95,0
0,No,No,10,No,No,No,No,Month-to-month,Yes,Credit card (automatic),45.8,436.2,0
0,Yes,No,56,No,No,No,No,Month-to-month,No,Mailed check,89.7,4952.95,0
0,No,No,8,No,No,No,No,Month-to-month,Yes,Bank transfer (automatic),80.0,624.6,0
1,No,No,65,No,Yes,Yes,No,Month-to-month,Yes,Bank transfer (automatic),95.45,6223.3,0
0,Yes,Yes,22,No internet service,No internet service,No internet service,No internet service,One year,No,Bank transfer (automatic),20.75,452.35,0
0,No,No,69,No,Yes,Yes,Yes,Two year,Yes,Credit card (automatic),97.65,6743.55,0
0,Yes,No,63,No,Yes,Yes,Yes,Two year,Yes,Bank transfer (automatic),109.25,6841.4,0
0,No,No,42,No,No,Yes,No,Month-to-month,No,Electronic check,79.9,3313.4,0
0,Yes,Yes,14,No,No,No,No,Month-to-month,Yes,Bank transfer (automatic),80.9,1152.8,0
0,No,No,11,No,Yes,Yes,Yes,Month-to-month,Yes,Electronic check,94.2,999.9,0
0,Yes,No,68,Yes,No,Yes,No,Two year,Yes,Bank transfer (automatic),54.1,3794.5,0
1,Yes,No,15,No,No,Yes,Yes,Month-to-month,Yes,Electronic check,83.05,1258.3,1
0,Yes,No,72,Yes,Yes,No,Yes,Two year,No,Bank transfer (automatic),64.75,4804.75,0
0,Yes,Yes,27,Yes,Yes,No,Yes,Month-to-month,No,Electronic check,100.75,2793.55,0
0,No,Yes,1,No internet service,No internet service,No internet service,No internet service,Month-to-month,No,Mailed check,20.75,20.75,0
0,No,No,36,No,Yes,No,No,Month-to-month,Yes,Credit card (automatic),94.8,3565.65,0
1,Yes,No,27,Yes,No,No,No,Month-to-month,No,Credit card (automatic),30.75,805.1,1
0,Yes,No,61,No,Yes,Yes,No,Month-to-month,Yes,Electronic check,105.55,6281.45,1
0,Yes,Yes,2,Yes,No,No,No,Month-to-month,No,Electronic check,97.1,184.15,0
0,No,Yes,35,No,No,Yes,No,One year,Yes,Electronic check,85.15,3030.6,1
0,No,Yes,37,No internet service,No internet service,No internet service,No internet service,One year,No,Bank transfer (automatic),20.3,755.4,0
0,Yes,Yes,61,No internet service,No internet service,No internet service,No internet service,Two year,No,Credit card (automatic),20.55,1305.95,0
0,No,No,12,No internet service,No internet service,No internet service,No internet service,One year,No,Electronic check,20.15,260.7,0
0,No,No,62,No,No,No,No,One year,Yes,Bank transfer (automatic),94.0,5757.2,0
0,No,No,4,No,No,No,No,Month-to-month,No,Electronic check,50.7,214.55,0
0,Yes,Yes,68,Yes,No,Yes,Yes,Two year,Yes,Bank transfer (automatic),109.05,7508.55,0
0,Yes,No,55,No internet service,No internet service,No internet service,No internet service,One year,No,Electronic check,19.7,1140.05,0
0,No,No,37,No,No,Yes,No,Month-to-month,Yes,Credit card (automatic),40.2,1478.85,0
0,No,No,56,Yes,Yes,No,No,Month-to-month,Yes,Credit card (automatic),106.6,5893.95,0
0,Yes,No,44,No,No,No,No,Month-to-month,Yes,Electronic check,96.1,4364.1,1
0,No,No,20,No internet service,No internet service,No internet service,No internet service,Month-to-month,Yes,Bank transfer (automatic),19.5,413.0,0
0,Yes,No,52,Yes,No,No,No,Month-to-month,Yes,Electronic check,39.9,2020.9,0
0,Yes,No,6,No internet service,No internet service,No internet service,No internet service,One year,No,Mailed check,25.1,171.0,0
1,Yes,No,54,No,Yes,Yes,Yes,Two year,Yes,Electronic check,110.45,6077.75,0
0,Yes,Yes,8,Yes,Yes,No,Yes,Two year,Yes,Credit card (automatic),76.15,645.8,0
1,Yes,Yes,32,No,Yes,No,No,Month-to-month,Yes,Electronic check,100.4,3217.65,0
0,Yes,No,60,No,Yes,No,No,Month-to-month,Yes,Electronic check,99.8,5985.75,0
1,No,No,1,No,No,No,No,Month-to-month,No,Electronic check,45.1,45.1,1
0,No,No,10,No,No,No,No,Month-to-month,Yes,Electronic check,74.75,799.65,1
0,Yes,Yes,56,No,No,Yes,No,One year,Yes,Credit card (automatic),99.8,5515.45,0
0,No,No,16,No internet service,No internet service,No internet service,No internet service,Month-to-month,No,Bank transfer (automatic),20.25,327.45,1
0,Yes,No,33,Yes,Yes,No,Yes,Two year,Yes,Mailed check,61.05,2018.4,0
0,No,No,1,No internet service,No internet service,No internet service,No internet service,Month-to-month,No,Mailed check,18.9,18.9,0
0,No,No,11,No internet service,No internet service,No internet service,No internet service,Month-to-month,No,Mailed check,20.25,208.0,0
1,No,No,1,No,No,No,No,Month-to-month,Yes,Electronic check,79.2,79.2,1
0,No,No,72,Yes,No,Yes,Yes,Two year,No,Credit card (automatic),84.3,5997.1,0
0,Yes,Yes,26,No,No,Yes,No,One year,No,Mailed check,50.35,1285.8,0
0,Yes,Yes,7,No internet service,No internet service,No internet service,No internet service,One year,No,Mailed check,20.65,134.05,0
1,No,No,5,No,No,No,No,Month-to-month,No,Electronic check,45.7,198.0,1
0,No,No,22,No,No,No,No,Month-to-month,No,Electronic check,83.05,1799.3,0
0,Yes,Yes,72,No internet service,No internet service,No internet service,No internet service,Two year,Yes,Bank transfer (automatic),25.2,1798.9,0
1,Yes,No,49,Yes,Yes,Yes,No,Month-to-month,Yes,Electronic check,88.2,4159.45,0
0,Yes,Yes,34,No internet service,No internet service,No internet service,No internet service,One year,Yes,Credit card (automatic),25.6,917.15,0
0,Yes,Yes,15,No internet service,No internet service,No internet service,No internet service,Two year,No,Mailed check,19.35,278.85,0
0,No,No,30,No internet service,No internet service,No internet service,No internet service,One year,No,Mailed check,19.7,625.05,0
0,Yes,Yes,1,No,No,No,No,Month-to-month,No,Electronic check,44.55,44.55,0
0,No,No,4,No internet service,No internet service,No internet service,No internet service,Month-to-month,No,Mailed check,19.0,78.9,0
0,No,No,40,Yes,No,Yes,No,Month-to-month,No,Electronic check,67.45,2731.0,0
0,Yes,Yes,62,Yes,Yes,No,Yes,Two year,No,Bank transfer (automatic),48.7,3008.55,0
0,No,No,1,No,No,No,No,Month-to-month,Yes,Electronic check,25.15,25.15,1
1,No,No,23,Yes,No,No,No,Month-to-month,Yes,Bank transfer (automatic),75.4,1643.55,0
0,Yes,Yes,36,Yes,No,Yes,Yes,Two year,No,Credit card (automatic),40.65,1547.35,0
0,Yes,Yes,28,No,Yes,Yes,Yes,One year,No,Bank transfer (automatic),92.9,2768.35,0
0,No,Yes,12,No,No,No,No,Month-to-month,Yes,Electronic check,76.6,893.0,0
0,Yes,Yes,69,No,No,No,Yes,Two year,Yes,Credit card (automatic),95.2,6671.7,0
0,Yes,Yes,18,No,No,No,No,Month-to-month,No,Credit card (automatic),25.55,467.85,0
0,No,No,31,No,No,Yes,Yes,Month-to-month,Yes,Electronic check,55.25,1715.65,1
1,No,No,43,No,Yes,No,No,Month-to-month,Yes,Electronic check,90.25,3838.75,0
0,Yes,Yes,58,No,No,No,No,Two year,No,Bank transfer (automatic),82.5,4828.05,0
0,No,Yes,53,No internet service,No internet service,No internet service,No internet service,Two year,No,Bank transfer (automatic),19.75,1052.35,1
0,No,No,1,No,No,No,No,Month-to-month,Yes,Mailed check,50.1,50.1,1
0,No,No,25,No internet service,No internet service,No internet service,No internet service,Month-to-month,Yes,Credit card (automatic),19.2,532.1,0
0,No,Yes,25,No,Yes,No,Yes,One year,Yes,Credit card (automatic),54.75,1266.35,0
0,No,No,72,Yes,Yes,No,No,Two year,No,Bank transfer (automatic),59.75,4265.0,0
0,No,No,5,Yes,Yes,Yes,Yes,Month-to-month,Yes,Mailed check,43.25,219.0,1
1,Yes,No,32,No,No,No,No,Month-to-month,Yes,Electronic check,93.2,2931.0,1
0,No,No,36,No,No,No,No,Month-to-month,Yes,Electronic check,84.9,3067.2,1
0,Yes,Yes,44,No internet service,No internet service,No internet service,No internet service,One year,No,Mailed check,25.7,1110.5,0
0,No,No,68,Yes,Yes,Yes,Yes,Two year,No,Credit card (automatic),64.35,4539.6,0
0,No,No,29,No,Yes,No,Yes,Month-to-month,No,Electronic check,34.3,1004.75,0
0,No,No,7,No,No,No,No,Month-to-month,Yes,Electronic check,74.9,541.15,1
0,No,No,17,No,No,Yes,Yes,Month-to-month,Yes,Mailed check,69.0,1108.0,0
0,No,No,4,Yes,No,Yes,Yes,Month-to-month,Yes,Bank transfer (automatic),94.4,387.2,1
0,No,No,1,No internet service,No internet service,No internet service,No internet service,Month-to-month,Yes,Mailed check,19.5,19.5,0
0,Yes,No,72,No internet service,No internet service,No internet service,No internet service,Two year,No,Credit card (automatic),25.0,1849.2,0
0,No,No,1,No,No,No,No,Month-to-month,No,Electronic check,44.0,44.0,0
0,No,No,34,No,No,No,No,Month-to-month,Yes,Credit card (automatic),70.0,2416.1,1
0,No,No,2,No,No,No,No,Month-to-month,Yes,Electronic check,45.15,98.5,1
0,Yes,Yes,62,Yes,No,No,No,Two year,Yes,Bank transfer (automatic),101.15,6638.35,0
1,Yes,Yes,46,Yes,Yes,Yes,No,Month-to-month,Yes,Electronic check,100.7,4541.2,1
0,No,No,19,No internet service,No internet service,No internet service,No internet service,One year,No,Mailed check,18.8,279.2,0
0,No,No,1,No internet service,No internet service,No internet service,No internet service,Month-to-month,No,Credit card (automatic),19.8,19.8,0
0,Yes,Yes,72,No internet service,No internet service,No internet service,No internet service,Two year,No,Credit card (automatic),24.1,1734.65,0
0,No,No,6,No,Yes,No,No,Month-to-month,Yes,Mailed check,85.95,514.6,0
0,Yes,Yes,5,No,Yes,No,Yes,Month-to-month,Yes,Mailed check,99.15,465.05,1
0,Yes,Yes,1,No,No,No,No,Month-to-month,Yes,Electronic check,81.05,81.05,0
0,Yes,Yes,72,Yes,Yes,Yes,Yes,Two year,Yes,Credit card (automatic),112.6,8126.65,0
0,No,No,66,Yes,Yes,Yes,Yes,One year,Yes,Bank transfer (automatic),114.3,7383.7,0
0,Yes,No,43,Yes,Yes,No,Yes,Two year,No,Credit card (automatic),86.45,3574.5,0
0,Yes,No,35,Yes,No,No,No,One year,Yes,Bank transfer (automatic),62.15,2215.45,0
1,No,No,63,Yes,Yes,Yes,Yes,One year,No,Bank transfer (automatic),83.0,5243.05,0
0,No,Yes,8,No internet service,No internet service,No internet service,No internet service,Month-to-month,No,Mailed check,20.35,178.7,0
0,Yes,Yes,13,No,No,Yes,No,Month-to-month,Yes,Mailed check,96.65,1162.85,1
0,No,No,24,No,No,No,Yes,Month-to-month,Yes,Electronic check,96.0,2122.45,1
0,No,No,54,Yes,Yes,No,No,Two year,No,Bank transfer (automatic),46.2,2431.95,0
0,No,No,3,Yes,No,Yes,No,Month-to-month,Yes,Electronic check,77.4,206.15,0
0,No,No,12,No,Yes,No,Yes,Month-to-month,Yes,Electronic check,54.3,654.5,0
1,Yes,No,62,Yes,No,Yes,No,One year,Yes,Electronic check,104.85,6312.9,0
0,Yes,No,61,No internet service,No internet service,No internet service,No internet service,Two year,No,Bank transfer (automatic),25.45,1538.6,0
0,No,No,6,No internet service,No internet service,No internet service,No internet service,Month-to-month,No,Bank transfer (automatic),20.15,130.5,0
0,Yes,Yes,30,No,No,Yes,No,One year,No,Electronic check,86.45,2538.05,0
1,No,No,51,No internet service,No internet service,No internet service,No internet service,Two year,No,Credit card (automatic),19.6,967.9,0
0,Yes,Yes,8,No,No,No,No,Month-to-month,Yes,Electronic check,45.45,411.75,0
0,Yes,Yes,69,No,Yes,Yes,Yes,One year,Yes,Bank transfer (automatic),108.75,7493.05,0
0,Yes,No,69,Yes,Yes,No,Yes,One year,Yes,Credit card (automatic),106.4,7251.9,0
0,No,No,1,No,No,No,No,Month-to-month,Yes,Mailed check,45.3,45.3,1
1,Yes,No,69,No,Yes,Yes,Yes,Two year,Yes,Bank transfer (automatic),108.4,7318.2,1
0,No,No,13,No,Yes,Yes,No,Month-to-month,Yes,Electronic check,79.25,1111.65,1
1,Yes,No,62,Yes,No,Yes,Yes,Two year,Yes,Credit card (automatic),79.95,4819.75,0
1,No,No,10,No,Yes,No,No,Month-to-month,Yes,Electronic check,72.85,688.65,1
0,Yes,No,72,Yes,No,Yes,Yes,Two year,Yes,Credit card (automatic),110.15,7881.2,0
0,Yes,No,43,Yes,Yes,No,No,Month-to-month,Yes,Electronic check,94.1,4107.3,0
0,No,No,18,No,No,No,Yes,Month-to-month,Yes,Electronic check,90.1,1612.75,1
0,No,No,2,No,Yes,No,No,Month-to-month,Yes,Mailed check,54.4,114.1,1
0,Yes,No,41,No internet service,No internet service,No internet service,No internet service,Two year,Yes,Electronic check,19.75,899.45,0
0,Yes,No,72,Yes,Yes,Yes,Yes,One year,Yes,Bank transfer (automatic),117.8,8684.8,1
0,No,Yes,7,No internet service,No internet service,No internet service,No internet service,One year,No,Mailed check,19.45,136.75,0
0,No,No,37,Yes,Yes,Yes,Yes,One year,No,Electronic check,67.45,2443.3,0
0,No,No,4,No,No,No,No,Month-to-month,Yes,Mailed check,24.25,96.05,1
0,No,No,69,No internet service,No internet service,No internet service,No internet service,Two year,Yes,Mailed check,19.1,1268.85,0
0,No,No,62,Yes,Yes,Yes,Yes,Two year,Yes,Bank transfer (automatic),43.7,2618.3,0
1,Yes,No,3,No,Yes,No,No,Month-to-month,Yes,Electronic check,30.75,82.85,0
0,Yes,No,30,No,No,Yes,No,Month-to-month,Yes,Mailed check,50.0,1474.9,0
0,Yes,No,42,Yes,No,No,No,One year,No,Credit card (automatic),56.1,2386.85,0
1,Yes,Yes,32,No,No,Yes,No,Month-to-month,Yes,Mailed check,91.35,2896.55,0
0,Yes,No,11,No,No,Yes,No,Month-to-month,Yes,Electronic check,99.5,1056.95,1
0,No,No,12,No internet service,No internet service,No internet service,No internet service,One year,No,Credit card (automatic),20.05,267.0,0
0,No,No,26,No,Yes,Yes,Yes,One year,Yes,Electronic check,85.2,2184.6,0
0,Yes,Yes,58,Yes,Yes,Yes,No,One year,No,Mailed check,50.0,2919.85,0
0,Yes,No,21,No,No,No,Yes,Month-to-month,Yes,Electronic check,86.05,1818.9,0
0,No,Yes,34,Yes,Yes,Yes,Yes,Two year,Yes,Credit card (automatic),116.15,3946.9,0
0,No,No,16,No,No,No,No,Month-to-month,Yes,Credit card (automatic),69.95,1205.5,0
0,No,No,40,No,No,No,No,Month-to-month,No,Bank transfer (automatic),83.85,3532.25,0
0,No,Yes,2,No,No,No,No,Month-to-month,Yes,Electronic check,55.3,108.65,0
0,Yes,No,51,No,No,No,No,Month-to-month,No,Mailed check,69.15,3649.6,0
0,Yes,Yes,31,No,Yes,No,Yes,Two year,No,Bank transfer (automatic),80.55,2471.6,0
0,Yes,Yes,8,No,Yes,No,Yes,Month-to-month,No,Bank transfer (automatic),56.3,401.5,0
0,Yes,Yes,24,No internet service,No internet service,No internet service,No internet service,Two year,Yes,Credit card (automatic),21.1,490.65,0
0,Yes,No,72,No internet service,No internet service,No internet service,No internet service,Two year,No,Mailed check,25.4,1797.1,0
0,Yes,Yes,72,Yes,No,Yes,Yes,Two year,No,Mailed check,48.9,3527.0,0
0,No,No,29,No internet service,No internet service,No internet service,No internet service,One year,No,Mailed check,19.1,529.5,0
0,No,No,1,No internet service,No internet service,No internet service,No internet service,Month-to-month,No,Credit card (automatic),20.3,20.3,0
0,No,No,1,No,No,No,No,Month-to-month,Yes,Electronic check,24.25,24.25,1
0,No,No,19,No internet service,No internet service,No internet service,No internet service,One year,No,Credit card (automatic),20.25,383.65,0
0,No,Yes,2,Yes,No,No,No,Month-to-month,No,Credit card (automatic),80.55,188.1,0
0,Yes,Yes,34,No internet service,No internet service,No internet service,No internet service,One year,No,Credit card (automatic),19.6,678.8,0
1,No,No,6,Yes,No,No,No,Month-to-month,Yes,Electronic check,74.1,450.9,0
0,No,No,14,No,Yes,No,No,One year,Yes,Mailed check,54.25,773.2,0
0,No,No,13,No,No,No,No,Month-to-month,Yes,Mailed check,81.9,1028.9,0
0,No,No,66,Yes,Yes,Yes,Yes,Two year,No,Bank transfer (automatic),68.75,4447.55,0
0,No,No,1,No,No,No,No,Month-to-month,Yes,Electronic check,86.6,86.6,1
1,No,No,35,Yes,Yes,Yes,No,One year,Yes,Electronic check,108.35,3726.15,0
0,No,No,24,No,Yes,No,No,Month-to-month,Yes,Credit card (automatic),90.55,2282.55,1
0,No,No,12,Yes,No,No,Yes,One year,Yes,Mailed check,33.6,435.45,0
0,Yes,No,72,Yes,Yes,Yes,Yes,Two year,Yes,Electronic check,115.55,8425.3,0
0,No,No,16,No,Yes,No,No,Month-to-month,No,Bank transfer (automatic),75.1,1212.85,0
0,Yes,Yes,71,No,Yes,Yes,No,Two year,Yes,Bank transfer (automatic),106.0,7723.7,1
0,Yes,No,30,No,Yes,Yes,Yes,One year,No,Bank transfer (automatic),70.25,2198.9,0
0,Yes,Yes,7,No,No,Yes,No,Month-to-month,No,Electronic check,48.7,340.25,1
0,No,No,9,No,No,No,No,Month-to-month,No,Electronic check,71.0,672.55,1
0,No,No,42,No,No,Yes,Yes,Two year,Yes,Credit card (automatic),78.45,3373.4,0
1,Yes,No,58,Yes,Yes,Yes,No,One year,Yes,Electronic check,108.85,6287.25,1
0,No,No,59,No internet service,No internet service,No internet service,No internet service,Two year,No,Electronic check,24.45,1493.1,0
0,No,No,47,Yes,No,No,No,Month-to-month,No,Credit card (automatic),75.45,3545.1,0
0,No,No,51,Yes,No,No,Yes,Month-to-month,Yes,Credit card (automatic),44.45,2181.55,0
0,No,Yes,41,No,Yes,No,No,Month-to-month,Yes,Bank transfer (automatic),88.5,3645.05,0
0,Yes,Yes,3,Yes,Yes,No,No,Month-to-month,No,Electronic check,89.85,248.4,0
0,No,Yes,13,No,No,No,No,Month-to-month,No,Mailed check,44.0,659.35,0
0,No,No,13,No internet service,No internet service,No internet service,No internet service,One year,No,Mailed check,19.45,270.2,0
0,Yes,Yes,46,No internet service,No internet service,No internet service,No internet service,Two year,No,Mailed check,19.4,967.85,0
0,No,No,24,No internet service,No internet service,No internet service,No internet service,One year,No,Electronic check,24.6,592.65,0
0,Yes,No,62,No internet service,No internet service,No internet service,No internet service,One year,Yes,Credit card (automatic),23.75,1446.8,0
0,Yes,No,13,Yes,No,No,Yes,Month-to-month,Yes,Electronic check,54.45,706.85,1
0,No,No,2,No internet service,No internet service,No internet service,No internet service,One year,No,Mailed check,20.45,34.8,0
0,No,No,8,No,No,No,No,Month-to-month,Yes,Electronic check,66.25,546.45,0
0,Yes,No,2,No,No,No,No,Month-to-month,No,Electronic check,44.6,97.1,1
0,Yes,No,55,Yes,Yes,Yes,Yes,One year,Yes,Electronic check,90.15,4916.95,0
1,Yes,No,28,No,No,No,Yes,Month-to-month,Yes,Credit card (automatic),101.3,2812.2,1
0,No,No,65,Yes,Yes,Yes,Yes,Two year,Yes,Bank transfer (automatic),84.85,5459.2,0
0,Yes,No,53,Yes,Yes,Yes,No,One year,No,Bank transfer (automatic),74.1,3833.95,0
0,No,No,2,No internet service,No internet service,No internet service,No internet service,Month-to-month,No,Mailed check,19.4,61.05,0
0,No,No,18,Yes,No,No,No,Month-to-month,No,Mailed check,56.25,969.85,0
0,No,Yes,17,No,No,No,No,One year,No,Mailed check,44.6,681.4,0
1,No,No,22,No,No,No,No,Month-to-month,Yes,Bank transfer (automatic),74.4,1692.6,1
1,No,No,9,No,Yes,No,No,Month-to-month,Yes,Credit card (automatic),99.45,919.4,1
0,No,Yes,15,No,Yes,No,No,Month-to-month,Yes,Bank transfer (automatic),85.9,1269.55,1
0,Yes,Yes,48,No internet service,No internet service,No internet service,No internet service,Two year,No,Bank transfer (automatic),26.3,1245.05,0
0,No,No,32,No,No,No,No,One year,No,Electronic check,84.05,2781.85,1
1,No,No,50,Yes,Yes,No,No,Month-to-month,Yes,Bank transfer (automatic),70.35,3454.6,0
0,Yes,Yes,4,No internet service,No internet service,No internet service,No internet service,Two year,No,Credit card (automatic),19.5,96.85,0
0,No,No,1,Yes,No,No,No,Month-to-month,No,Bank transfer (automatic),49.55,49.55,0
0,Yes,Yes,32,No,Yes,No,No,Month-to-month,Yes,Electronic check,98.85,3089.6,0
0,Yes,Yes,52,No internet service,No internet service,No internet service,No internet service,One year,Yes,Credit card (automatic),20.85,1071.6,0
0,No,No,32,No,No,No,No,One year,Yes,Bank transfer (automatic),64.85,2010.95,0
0,Yes,Yes,32,No,Yes,Yes,No,Month-to-month,No,Bank transfer (automatic),62.45,2045.55,0
0,No,No,6,No internet service,No internet service,No internet service,No internet service,One year,No,Mailed check,19.15,124.4,0
0,No,No,40,No,Yes,Yes,No,Month-to-month,Yes,Bank transfer (automatic),93.4,3756.4,0
0,No,No,1,No,No,No,No,Month-to-month,Yes,Mailed check,24.9,24.9,0
1,Yes,No,72,Yes,Yes,No,Yes,Two year,Yes,Credit card (automatic),84.8,6141.65,0
0,No,No,17,No internet service,No internet service,No internet service,No internet service,One year,Yes,Mailed check,20.1,279.5,0
1,No,No,49,Yes,No,No,No,Month-to-month,No,Credit card (automatic),101.55,5070.4,0
0,No,No,17,Yes,Yes,No,No,One year,No,Mailed check,56.1,946.95,0
1,Yes,No,20,No,No,Yes,No,Month-to-month,No,Electronic check,90.8,1951.0,1
0,Yes,No,1,No internet service,No internet service,No internet service,No internet service,Month-to-month,Yes,Mailed check,20.65,20.65,0
0,No,No,2,No,Yes,No,No,Month-to-month,No,Electronic check,74.95,151.75,0
0,Yes,Yes,59,Yes,Yes,No,Yes,One year,No,Mailed check,65.5,3801.3,0
0,No,No,27,No,No,No,No,Month-to-month,Yes,Mailed check,69.05,1793.25,0
0,Yes,Yes,72,Yes,Yes,No,No,One year,Yes,Electronic check,104.15,7303.05,0
0,Yes,No,6,No,No,No,No,Month-to-month,Yes,Electronic check,75.5,438.0,1
0,Yes,Yes,27,No internet service,No internet service,No internet service,No internet service,Two year,No,Mailed check,19.9,550.1,0
0,No,No,1,No,No,No,No,Month-to-month,Yes,Credit card (automatic),49.8,49.8,0
0,Yes,No,9,No,No,Yes,No,Month-to-month,Yes,Mailed check,70.05,564.4,0
0,No,No,2,No internet service,No internet service,No internet service,No internet service,Month-to-month,No,Mailed check,19.5,27.55,0
0,Yes,Yes,36,No internet service,No internet service,No internet service,No internet service,Two year,No,Credit card (automatic),19.45,754.5,0
0,No,No,5,No,No,No,Yes,Month-to-month,Yes,Electronic check,96.1,453.4,1
0,No,No,2,No,No,No,No,Month-to-month,Yes,Mailed check,45.25,74.2,0
0,No,No,9,No,No,No,No,Month-to-month,No,Mailed check,70.05,657.5,0
0,Yes,Yes,4,No,No,No,No,Month-to-month,No,Mailed check,45.25,155.35,0
0,No,Yes,1,No internet service,No internet service,No internet service,No internet service,Month-to-month,Yes,Mailed check,20.25,20.25,0
0,No,No,1,No,No,No,No,Month-to-month,No,Electronic check,35.9,35.9,1
0,No,No,38,No internet service,No internet service,No internet service,No internet service,One year,Yes,Electronic check,24.25,914.4,0
0,No,No,1,No internet service,No internet service,No internet service,No internet service,Month-to-month,Yes,Bank transfer (automatic),20.2,20.2,1
0,No,No,1,No,No,No,No,Month-to-month,No,Electronic check,79.9,79.9,1
0,Yes,Yes,61,Yes,Yes,Yes,Yes,One year,Yes,Electronic check,79.4,4820.55,0
0,No,No,6,No internet service,No internet service,No internet service,No internet service,One year,No,Mailed check,20.6,116.6,0
0,Yes,Yes,52,No internet service,No internet service,No internet service,No internet service,Two year,No,Bank transfer (automatic),20.1,1078.75,0
0,Yes,Yes,72,Yes,Yes,Yes,No,Two year,No,Credit card (automatic),38.5,2763.0,0
1,No,No,37,No,No,No,No,Month-to-month,Yes,Electronic check,96.55,3580.3,1
0,Yes,No,71,No,Yes,Yes,Yes,Two year,Yes,Credit card (automatic),108.6,7690.9,1
1,No,No,14,No,No,No,No,Month-to-month,Yes,Electronic check,46.35,672.7,0
0,No,No,9,No,No,No,No,Month-to-month,No,Electronic check,45.15,416.45,1
0,Yes,Yes,7,Yes,No,No,Yes,Month-to-month,No,Mailed check,34.65,246.6,0
0,No,No,4,No,No,No,No,Month-to-month,Yes,Mailed check,46.0,193.6,1
0,Yes,Yes,22,No internet service,No internet service,No internet service,No internet service,Two year,No,Credit card (automatic),25.25,555.4,0
0,No,No,61,No internet service,No internet service,No internet service,No internet service,One year,No,Bank transfer (automatic),19.45,1336.35,0
0,No,No,9,No,No,No,No,Month-to-month,Yes,Electronic check,45.4,418.8,1
1,Yes,No,61,No,Yes,No,No,Month-to-month,Yes,Electronic check,82.15,4904.85,0
0,No,No,3,No,Yes,Yes,Yes,Month-to-month,Yes,Electronic check,107.95,318.6,0
1,No,No,71,Yes,Yes,No,No,One year,Yes,Electronic check,56.45,3985.35,0
0,Yes,No,53,No,No,No,Yes,One year,Yes,Electronic check,91.15,4862.5,0
0,No,No,72,No,Yes,Yes,Yes,Two year,No,Bank transfer (automatic),86.6,6350.5,0
0,Yes,Yes,56,Yes,Yes,No,Yes,One year,Yes,Mailed check,52.0,2884.9,0
0,Yes,Yes,19,No,No,Yes,No,Month-to-month,Yes,Bank transfer (automatic),49.6,962.9,0
0,Yes,Yes,17,No,No,Yes,Yes,One year,Yes,Mailed check,61.95,1070.7,0
0,No,No,3,No,Yes,No,No,Month-to-month,No,Credit card (automatic),74.45,221.1,0
0,No,No,3,No,No,Yes,No,Month-to-month,Yes,Electronic check,49.15,169.05,1
0,Yes,Yes,19,No internet service,No internet service,No internet service,No internet service,One year,No,Mailed check,19.8,344.5,0
0,Yes,No,34,No,No,Yes,No,Month-to-month,No,Electronic check,100.85,3527.3,0
0,No,Yes,9,No,Yes,No,No,Month-to-month,Yes,Electronic check,50.1,484.05,0
0,Yes,Yes,60,Yes,Yes,No,No,One year,No,Bank transfer (automatic),94.15,5811.8,0
0,No,No,5,No,Yes,No,No,Month-to-month,Yes,Credit card (automatic),50.95,229.4,0
0,No,Yes,22,No,No,No,No,Month-to-month,Yes,Electronic check,84.75,1816.75,0
1,No,No,7,No,No,No,No,Month-to-month,No,Mailed check,73.75,545.15,1
0,No,Yes,18,No,No,Yes,No,Month-to-month,Yes,Credit card (automatic),80.55,1406.65,0
0,No,No,29,No,Yes,Yes,No,One year,No,Credit card (automatic),70.9,1964.6,0
0,Yes,Yes,16,No internet service,No internet service,No internet service,No internet service,Month-to-month,No,Electronic check,19.75,313.4,0
0,No,No,32,No internet service,No internet service,No internet service,No internet service,One year,No,Bank transfer (automatic),19.75,624.15,0
0,No,No,19,Yes,No,Yes,Yes,Month-to-month,Yes,Electronic check,106.6,1934.45,1
1,No,No,51,No,No,Yes,No,Month-to-month,Yes,Electronic check,97.8,4913.3,1
0,Yes,No,72,No,Yes,Yes,No,Two year,Yes,Bank transfer (automatic),106.3,7565.35,0
0,No,No,31,No,Yes,No,Yes,Month-to-month,Yes,Electronic check,71.05,2168.15,0
0,No,No,35,Yes,Yes,Yes,No,One year,No,Mailed check,61.2,2021.2,0
0,No,No,35,No internet service,No internet service,No internet service,No internet service,Two year,No,Bank transfer (automatic),23.3,797.1,0
0,No,No,21,Yes,Yes,No,Yes,Two year,No,Credit card (automatic),71.05,1524.85,0
0,No,No,54,No,Yes,Yes,Yes,Month-to-month,No,Electronic check,111.1,6014.85,1
0,Yes,Yes,27,Yes,Yes,Yes,Yes,One year,No,Mailed check,66.15,1874.45,0
0,Yes,No,72,No internet service,No internet service,No internet service,No internet service,Two year,No,Credit card (automatic),20.5,1502.25,0
0,No,Yes,18,No,No,No,No,Month-to-month,Yes,Electronic check,35.0,553.0,1
0,No,No,43,No,No,Yes,Yes,One year,No,Electronic check,44.15,1931.3,0
1,Yes,No,5,No,No,No,No,Month-to-month,No,Electronic check,70.05,302.6,0
0,Yes,No,62,No,Yes,Yes,Yes,Two year,Yes,Credit card (automatic),60.15,3753.2,0
0,Yes,No,61,No,Yes,No,No,Two year,Yes,Bank transfer (automatic),101.05,5971.25,0
0,No,Yes,49,No,No,No,No,Month-to-month,No,Credit card (automatic),75.2,3678.3,1
0,Yes,No,72,Yes,Yes,Yes,No,Two year,Yes,Electronic check,109.55,8165.1,0
0,Yes,Yes,51,No,No,Yes,Yes,One year,Yes,Electronic check,56.15,2898.95,0
0,Yes,Yes,11,No internet service,No internet service,No internet service,No internet service,One year,Yes,Mailed check,20.0,196.35,0
0,Yes,No,67,Yes,No,Yes,Yes,One year,Yes,Electronic check,111.25,7511.65,0
1,Yes,No,72,Yes,Yes,Yes,Yes,Two year,No,Bank transfer (automatic),74.4,5360.75,0
0,No,Yes,29,No internet service,No internet service,No internet service,No internet service,One year,No,Mailed check,19.85,535.05,0
0,No,Yes,3,No,No,Yes,No,Month-to-month,No,Electronic check,91.85,257.05,1
0,Yes,No,72,No,Yes,Yes,Yes,Two year,Yes,Electronic check,108.2,7840.6,0
0,No,No,72,Yes,Yes,Yes,Yes,Two year,No,Bank transfer (automatic),92.0,6632.75,0
0,Yes,No,47,No,Yes,Yes,No,Month-to-month,Yes,Bank transfer (automatic),83.35,4065.0,1
0,No,No,44,No,No,No,No,Month-to-month,No,Credit card (automatic),68.85,2958.95,0
0,No,Yes,8,No internet service,No internet service,No internet service,No internet service,Month-to-month,No,Mailed check,20.05,163.6,0
0,No,No,6,No internet service,No internet service,No internet service,No internet service,Two year,No,Mailed check,19.55,124.45,0
0,No,No,35,No,No,Yes,Yes,Month-to-month,No,Electronic check,95.5,3418.2,0
0,Yes,No,21,Yes,No,Yes,No,Month-to-month,Yes,Electronic check,103.9,2254.2,1
0,Yes,Yes,68,Yes,No,Yes,No,Two year,No,Credit card (automatic),80.35,5375.15,0
0,No,No,16,No,No,No,Yes,Month-to-month,Yes,Credit card (automatic),74.55,1170.5,0
0,No,No,54,No,No,No,Yes,Month-to-month,Yes,Electronic check,100.1,5440.9,1
0,No,No,1,No internet service,No internet service,No internet service,No internet service,Month-to-month,Yes,Electronic check,25.7,25.7,0
0,Yes,Yes,61,No,No,Yes,No,One year,Yes,Electronic check,99.9,6241.35,0
0,No,No,18,No,No,Yes,No,Month-to-month,Yes,Mailed check,50.0,892.7,0
1,Yes,Yes,24,Yes,No,No,No,Month-to-month,Yes,Electronic check,79.85,1857.75,0
0,Yes,Yes,45,No internet service,No internet service,No internet service,No internet service,Two year,No,Mailed check,20.85,892.15,0
0,Yes,Yes,38,No internet service,No internet service,No internet service,No internet service,Month-to-month,No,Electronic check,19.6,717.3,0
0,No,No,18,No internet service,No internet service,No internet service,No internet service,Two year,No,Credit card (automatic),20.05,388.6,0
0,No,No,3,No internet service,No internet service,No internet service,No internet service,Month-to-month,Yes,Mailed check,19.1,53.05,0
0,No,No,1,No,No,No,No,Month-to-month,Yes,Electronic check,89.1,89.1,1
0,Yes,Yes,50,No,Yes,Yes,Yes,One year,Yes,Credit card (automatic),84.15,4164.4,0
0,No,No,59,No,Yes,Yes,Yes,Month-to-month,Yes,Electronic check,111.35,6519.75,0
0,Yes,No,12,No,Yes,No,No,Month-to-month,Yes,Credit card (automatic),85.05,999.8,0
0,No,No,72,No,Yes,Yes,Yes,Two year,Yes,Bank transfer (automatic),111.6,8012.75,0
0,Yes,Yes,24,No internet service,No internet service,No internet service,No internet service,One year,No,Mailed check,20.25,439.75,0
0,No,No,1,No,No,No,Yes,Month-to-month,No,Mailed check,30.55,30.55,0
0,No,No,11,No,No,Yes,No,Month-to-month,No,Electronic check,53.75,608.0,1
0,Yes,No,9,No,Yes,Yes,No,Month-to-month,Yes,Electronic check,79.9,741.7,1
1,No,No,72,No,Yes,Yes,Yes,Two year,No,Electronic check,111.65,7943.45,0
0,Yes,Yes,50,No internet service,No internet service,No internet service,No internet service,Two year,No,Credit card (automatic),20.55,1070.25,0
0,Yes,Yes,7,Yes,No,No,No,One year,Yes,Electronic check,49.75,331.3,1
0,No,No,4,No,Yes,No,No,Month-to-month,No,Mailed check,49.25,208.45,0
1,Yes,Yes,66,No,Yes,Yes,Yes,One year,Yes,Electronic check,108.45,7076.35,0
0,Yes,Yes,16,No internet service,No internet service,No internet service,No internet service,Month-to-month,No,Electronic check,20.4,321.4,0
0,No,No,8,Yes,No,No,No,Month-to-month,Yes,Electronic check,30.45,226.45,1
0,No,No,21,No internet service,No internet service,No internet service,No internet service,Month-to-month,No,Credit card (automatic),20.5,402.85,0
0,Yes,No,45,No,No,Yes,No,Month-to-month,Yes,Credit card (automatic),50.25,2221.55,0
0,No,No,41,No,No,Yes,No,Month-to-month,No,Bank transfer (automatic),98.05,3990.6,0
0,No,No,59,No internet service,No internet service,No internet service,No internet service,Two year,Yes,Bank transfer (automatic),20.2,1192.3,0
1,Yes,No,21,No,No,Yes,No,Month-to-month,No,Bank transfer (automatic),86.55,1857.25,0
0,No,No,1,No,No,No,No,Month-to-month,Yes,Electronic check,80.55,80.55,0
0,Yes,Yes,4,No,No,No,No,Month-to-month,No,Electronic check,80.85,302.75,1
0,No,No,15,No internet service,No internet service,No internet service,No internet service,One year,No,Mailed check,19.8,304.6,0
0,Yes,Yes,51,No internet service,No internet service,No internet service,No internet service,One year,Yes,Mailed check,23.95,1216.35,0
1,No,No,2,No,No,No,No,Month-to-month,Yes,Electronic check,85.55,187.45,1
0,Yes,Yes,59,No internet service,No internet service,No internet service,No internet service,Two year,No,Credit card (automatic),19.3,1192.7,0
0,No,No,67,No internet service,No internet service,No internet service,No internet service,One year,Yes,Mailed check,19.45,1195.95,0
0,Yes,Yes,25,No,No,No,No,Month-to-month,No,Electronic check,60.35,1404.65,0
0,No,No,14,No internet service,No internet service,No internet service,No internet service,Month-to-month,No,Credit card (automatic),19.6,300.4,0
0,No,No,1,No,No,No,No,Month-to-month,Yes,Mailed check,69.95,69.95,1
0,Yes,Yes,22,No,Yes,No,Yes,Month-to-month,No,Electronic check,55.15,1206.05,1
0,No,No,25,Yes,No,No,Yes,Month-to-month,Yes,Credit card (automatic),76.15,1992.95,0
1,Yes,No,72,No,Yes,Yes,No,Two year,Yes,Bank transfer (automatic),104.15,7689.95,1
0,Yes,No,64,Yes,No,Yes,Yes,Two year,No,Electronic check,47.85,3147.5,1
0,Yes,No,62,Yes,Yes,No,No,One year,No,Electronic check,96.1,6001.45,0
0,No,No,10,No,No,No,No,Month-to-month,Yes,Credit card (automatic),44.85,435.4,1
0,Yes,Yes,53,Yes,No,No,Yes,Month-to-month,No,Electronic check,71.85,3827.9,0
1,Yes,No,72,No,Yes,Yes,No,One year,Yes,Credit card (automatic),105.75,7629.85,0
0,Yes,Yes,44,No internet service,No internet service,No internet service,No internet service,One year,Yes,Bank transfer (automatic),20.5,865.05,0
0,No,No,13,No,No,Yes,Yes,Two year,No,Mailed check,35.4,450.4,0
0,No,No,29,No internet service,No internet service,No internet service,No internet service,One year,No,Mailed check,20.0,599.3,0
0,No,No,2,No,Yes,No,Yes,Month-to-month,Yes,Credit card (automatic),55.05,102.75,1
0,Yes,Yes,1,No,No,No,No,Month-to-month,Yes,Electronic check,45.7,45.7,1
0,Yes,Yes,12,No,Yes,Yes,No,Month-to-month,Yes,Electronic check,84.5,916.9,1
0,No,No,2,No,No,No,No,Month-to-month,No,Bank transfer (automatic),46.05,80.35,1
0,No,Yes,1,Yes,No,No,No,Month-to-month,No,Mailed check,50.6,50.6,1
0,No,No,11,Yes,No,No,No,Month-to-month,Yes,Bank transfer (automatic),79.0,929.3,0
0,Yes,No,58,Yes,Yes,Yes,No,Two year,Yes,Electronic check,86.1,4890.5,0
1,Yes,Yes,43,No,Yes,Yes,Yes,Month-to-month,Yes,Bank transfer (automatic),110.75,4687.9,1
0,No,No,15,Yes,No,No,No,Month-to-month,Yes,Electronic check,99.7,1566.75,0
0,Yes,Yes,40,No internet service,No internet service,No internet service,No internet service,Month-to-month,Yes,Bank transfer (automatic),20.4,745.3,0
0,Yes,Yes,24,Yes,No,No,No,One year,No,Mailed check,74.8,1821.2,0
0,No,No,1,No,Yes,No,No,Month-to-month,Yes,Electronic check,85.0,85.0,0
0,No,Yes,1,No,No,Yes,No,Month-to-month,Yes,Electronic check,99.75,99.75,1
0,Yes,Yes,72,No internet service,No internet service,No internet service,No internet service,Two year,No,Bank transfer (automatic),25.1,1857.85,0
0,No,No,29,No,No,No,No,Month-to-month,Yes,Credit card (automatic),25.1,712.85,1
0,No,No,62,No,Yes,Yes,No,Two year,Yes,Credit card (automatic),43.6,2748.7,0
0,Yes,Yes,58,No internet service,No internet service,No internet service,No internet service,Two year,No,Credit card (automatic),20.3,1160.75,0
0,Yes,Yes,64,Yes,No,No,Yes,One year,Yes,Bank transfer (automatic),104.4,6721.6,0
1,Yes,No,29,Yes,No,Yes,No,Month-to-month,Yes,Electronic check,45.0,1228.65,0
0,Yes,No,43,Yes,Yes,No,Yes,Month-to-month,No,Bank transfer (automatic),66.25,2907.35,0
0,No,No,26,No internet service,No internet service,No internet service,No internet service,One year,Yes,Bank transfer (automatic),19.6,471.85,0
1,No,No,5,No,No,No,No,Month-to-month,Yes,Credit card (automatic),83.15,446.05,1
0,No,No,1,No,No,No,No,Month-to-month,Yes,Mailed check,45.4,45.4,0
0,Yes,No,3,No,No,No,No,Month-to-month,Yes,Electronic check,95.2,292.85,1
0,Yes,Yes,51,No,No,No,Yes,Month-to-month,Yes,Electronic check,80.75,4116.9,0
1,No,No,26,No,No,No,No,Month-to-month,Yes,Electronic check,78.8,2006.1,0
0,No,No,45,Yes,No,No,Yes,Two year,No,Mailed check,73.55,3349.1,0
1,Yes,No,33,No,No,No,No,Month-to-month,Yes,Electronic check,94.5,3105.55,1
1,Yes,No,1,No,Yes,No,No,Month-to-month,Yes,Electronic check,90.6,90.6,1
0,No,No,4,No,No,No,Yes,Month-to-month,Yes,Mailed check,100.85,399.25,0
0,Yes,No,52,Yes,Yes,Yes,Yes,One year,Yes,Credit card (automatic),81.4,4354.45,0
0,Yes,No,5,No,No,No,No,Month-to-month,Yes,Electronic check,24.95,100.4,1
0,No,No,42,Yes,Yes,Yes,Yes,One year,Yes,Electronic check,54.75,2348.45,0
0,Yes,Yes,70,Yes,Yes,Yes,Yes,Two year,Yes,Credit card (automatic),101.1,6994.8,0
0,No,No,51,Yes,Yes,Yes,No,One year,No,Bank transfer (automatic),107.45,5680.9,0
1,No,No,1,No,No,No,No,Month-to-month,Yes,Mailed check,70.6,70.6,0
0,No,Yes,9,No,No,No,No,Month-to-month,No,Electronic check,55.35,449.75,1
0,Yes,Yes,61,No,Yes,No,Yes,One year,Yes,Bank transfer (automatic),98.45,6145.2,0
0,No,No,13,No,No,Yes,No,Month-to-month,Yes,Electronic check,83.2,1060.6,1
1,No,No,13,No,Yes,Yes,No,Month-to-month,Yes,Electronic check,54.8,731.3,0
0,No,No,9,Yes,No,No,No,Month-to-month,Yes,Credit card (automatic),74.25,639.65,1
1,Yes,No,3,No,No,No,No,Month-to-month,Yes,Electronic check,80.4,224.05,1
0,Yes,Yes,71,Yes,No,No,No,Two year,Yes,Electronic check,97.2,6910.3,0
0,No,Yes,43,Yes,Yes,Yes,No,Month-to-month,Yes,Electronic check,40.45,1912.85,0
0,Yes,Yes,26,No internet service,No internet service,No internet service,No internet service,Two year,No,Credit card (automatic),19.65,494.9,0
0,No,No,60,No,Yes,Yes,No,Two year,Yes,Electronic check,99.65,5941.05,0
1,Yes,No,45,No,No,Yes,No,Month-to-month,Yes,Electronic check,86.1,3861.45,0
0,Yes,Yes,56,No,No,No,No,One year,No,Bank transfer (automatic),88.9,4968.0,0
0,Yes,Yes,32,No,No,No,No,Month-to-month,Yes,Bank transfer (automatic),69.75,2347.9,1
0,No,No,1,No,Yes,No,No,Month-to-month,No,Electronic check,50.55,50.55,1
0,Yes,Yes,72,Yes,Yes,Yes,Yes,Two year,Yes,Credit card (automatic),104.9,7732.65,0
1,Yes,No,54,No,No,Yes,Yes,One year,Yes,Electronic check,99.1,5437.1,0
1,No,No,52,No,No,No,No,Month-to-month,Yes,Bank transfer (automatic),72.95,3829.75,0
0,No,Yes,12,Yes,No,No,No,Month-to-month,Yes,Mailed check,69.85,837.5,0
0,No,No,49,No,No,No,No,Month-to-month,Yes,Bank transfer (automatic),74.6,3720.35,0
1,Yes,No,71,Yes,Yes,Yes,Yes,Two year,No,Credit card (automatic),46.35,3353.4,0
0,Yes,Yes,58,No,Yes,No,No,Month-to-month,Yes,Electronic check,92.85,5305.05,0
0,No,No,46,No,Yes,Yes,Yes,Two year,Yes,Bank transfer (automatic),104.4,4904.2,0
0,No,No,2,No internet service,No internet service,No internet service,No internet service,One year,No,Mailed check,19.95,47.7,0
0,No,Yes,6,No internet service,No internet service,No internet service,No internet service,Month-to-month,Yes,Mailed check,20.2,98.35,0
1,Yes,No,1,No,No,No,No,Month-to-month,Yes,Electronic check,24.8,24.8,1
0,Yes,Yes,34,No,Yes,Yes,No,Month-to-month,Yes,Electronic check,89.85,3091.75,0
0,Yes,Yes,35,No internet service,No internet service,No internet service,No internet service,Two year,No,Credit card (automatic),19.7,730.4,0
1,No,No,12,No,Yes,No,No,Month-to-month,Yes,Electronic check,91.3,1094.5,1
0,No,No,7,No,Yes,No,No,Month-to-month,Yes,Credit card (automatic),40.1,293.3,1
0,No,No,56,No,Yes,Yes,Yes,Two year,Yes,Credit card (automatic),81.8,4534.45,0
0,Yes,Yes,71,Yes,No,Yes,Yes,One year,No,Electronic check,85.45,6300.85,0
0,Yes,No,72,No,Yes,Yes,Yes,Two year,Yes,Electronic check,110.15,7998.8,0
0,Yes,Yes,49,No internet service,No internet service,No internet service,No internet service,Two year,No,Mailed check,25.25,1211.65,0
0,No,Yes,35,No,No,No,No,Month-to-month,No,Mailed check,50.15,1655.35,0
1,Yes,No,72,Yes,Yes,Yes,Yes,Two year,Yes,Credit card (automatic),115.75,8443.7,0
0,Yes,No,60,Yes,Yes,No,Yes,Two year,No,Bank transfer (automatic),37.7,2288.7,0
0,No,No,55,No,No,No,No,Month-to-month,Yes,Electronic check,96.8,5283.95,1
0,Yes,Yes,37,No,No,No,No,One year,No,Credit card (automatic),91.2,3247.55,0
0,No,No,15,No,No,Yes,No,Month-to-month,Yes,Electronic check,59.45,892.65,1
0,No,No,54,Yes,No,Yes,Yes,One year,No,Electronic check,84.4,4484.05,0
0,Yes,Yes,72,Yes,No,Yes,Yes,Two year,No,Bank transfer (automatic),66.85,4758.8,0
0,No,No,38,No internet service,No internet service,No internet service,No internet service,Two year,No,Mailed check,20.05,741.5,0
0,No,No,9,No internet service,No internet service,No internet service,No internet service,One year,Yes,Mailed check,20.15,163.7,0
0,No,No,3,No,No,No,Yes,Month-to-month,Yes,Electronic check,63.6,155.65,1
0,No,No,25,No internet service,No internet service,No internet service,No internet service,Month-to-month,Yes,Mailed check,20.15,536.35,0
0,No,No,41,No,No,Yes,Yes,One year,Yes,Electronic check,68.6,2877.05,0
0,No,No,5,No,No,Yes,No,One year,Yes,Mailed check,70.0,347.4,1
0,No,No,60,No internet service,No internet service,No internet service,No internet service,Two year,No,Mailed check,20.6,1093.0,0
0,No,No,30,No,No,No,No,Month-to-month,Yes,Electronic check,90.25,2755.35,1
0,No,No,43,No,Yes,No,No,Month-to-month,Yes,Electronic check,101.4,4528.0,1
0,No,No,6,No,No,No,Yes,Month-to-month,Yes,Credit card (automatic),49.5,312.7,0
0,No,No,40,No,Yes,No,No,Month-to-month,No,Credit card (automatic),74.8,2971.7,0
0,No,No,1,No,No,No,No,Month-to-month,Yes,Bank transfer (automatic),43.85,43.85,0
0,Yes,Yes,5,No,No,No,No,Month-to-month,No,Mailed check,44.8,220.45,0
0,No,No,1,No,No,No,No,Month-to-month,No,Mailed check,71.1,71.1,1
0,Yes,Yes,64,No,Yes,Yes,Yes,Two year,No,Electronic check,49.85,3210.35,0
0,No,No,8,Yes,No,No,Yes,Month-to-month,No,Electronic check,71.15,563.65,1
1,Yes,No,58,Yes,Yes,No,Yes,One year,Yes,Credit card (automatic),105.5,6205.5,1
0,Yes,No,60,No,Yes,Yes,No,One year,No,Bank transfer (automatic),102.5,6157.6,0
0,No,No,2,No,Yes,No,No,Month-to-month,Yes,Electronic check,82.0,184.65,1
0,No,No,1,No,No,No,No,Month-to-month,Yes,Electronic check,69.2,69.2,1
0,Yes,No,72,No internet service,No internet service,No internet service,No internet service,Two year,Yes,Mailed check,26.0,1776.0,0
0,Yes,Yes,23,No,No,No,No,Month-to-month,No,Electronic check,85.6,1868.4,0
0,Yes,No,62,No,No,Yes,Yes,Two year,Yes,Bank transfer (automatic),107.6,6912.7,0
0,Yes,Yes,4,No,No,No,No,Month-to-month,Yes,Electronic check,85.95,381.3,1
0,Yes,Yes,64,No,Yes,Yes,No,One year,Yes,Electronic check,92.85,5980.75,0
0,Yes,Yes,4,No internet service,No internet service,No internet service,No internet service,Month-to-month,No,Mailed check,18.85,84.2,0
1,Yes,No,13,No,No,No,No,Month-to-month,No,Bank transfer (automatic),70.45,849.1,0
0,Yes,Yes,28,Yes,No,Yes,Yes,One year,No,Mailed check,50.8,1386.8,0
0,Yes,Yes,57,No,Yes,No,No,One year,Yes,Electronic check,95.0,5535.8,0
0,Yes,Yes,52,Yes,No,Yes,Yes,Month-to-month,Yes,Bank transfer (automatic),84.05,4326.8,0
0,Yes,Yes,72,Yes,Yes,Yes,Yes,Two year,Yes,Credit card (automatic),106.1,7548.6,0
0,Yes,No,25,No,No,Yes,No,Month-to-month,No,Credit card (automatic),55.55,1405.3,0
0,Yes,Yes,27,Yes,Yes,No,No,One year,Yes,Credit card (automatic),80.65,2209.75,0
0,No,No,53,Yes,Yes,No,No,Month-to-month,Yes,Bank transfer (automatic),46.3,2546.85,0
0,Yes,No,72,No internet service,No internet service,No internet service,No internet service,Two year,No,Credit card (automatic),19.3,1304.8,0
0,No,No,5,No,Yes,Yes,No,Month-to-month,No,Electronic check,96.55,500.1,0
0,Yes,Yes,72,No,Yes,Yes,No,Two year,Yes,Bank transfer (automatic),75.4,5480.25,0
1,Yes,Yes,62,No,Yes,Yes,No,Month-to-month,Yes,Credit card (automatic),96.1,6019.35,0
0,Yes,No,42,No internet service,No internet service,No internet service,No internet service,Two year,No,Electronic check,25.25,1108.2,0
0,No,No,18,Yes,No,No,No,Month-to-month,No,Electronic check,49.4,874.8,1
1,No,No,70,No,Yes,Yes,Yes,Two year,Yes,Bank transfer (automatic),75.5,5212.65,0
0,No,No,9,No,No,No,No,Month-to-month,Yes,Electronic check,24.95,190.25,0
0,No,No,2,No internet service,No internet service,No internet service,No internet service,Month-to-month,Yes,Electronic check,19.65,31.2,0
0,No,Yes,5,No internet service,No internet service,No internet service,No internet service,Month-to-month,No,Mailed check,20.2,83.75,0
1,No,No,65,No,Yes,Yes,No,Month-to-month,Yes,Bank transfer (automatic),99.1,6496.15,0
0,Yes,Yes,52,No internet service,No internet service,No internet service,No internet service,Two year,No,Mailed check,19.85,1070.5,0
0,No,No,7,No,No,Yes,Yes,Month-to-month,Yes,Electronic check,100.4,715.0,0
0,Yes,No,1,Yes,Yes,No,No,Month-to-month,Yes,Mailed check,53.55,53.55,0
0,No,No,18,No,No,Yes,Yes,Month-to-month,Yes,Bank transfer (automatic),95.05,1679.4,0
0,Yes,Yes,60,No internet service,No internet service,No internet service,No internet service,Two year,Yes,Bank transfer (automatic),20.95,1270.55,0
0,No,No,1,No internet service,No internet service,No internet service,No internet service,Month-to-month,Yes,Mailed check,20.15,20.15,1
1,No,No,2,No,No,No,No,Month-to-month,Yes,Electronic check,44.15,92.65,1
0,No,No,72,Yes,Yes,Yes,Yes,Two year,Yes,Electronic check,114.9,8496.7,0
0,No,No,2,No internet service,No internet service,No internet service,No internet service,Month-to-month,Yes,Mailed check,20.05,39.25,0
1,Yes,No,50,No,Yes,No,No,Month-to-month,Yes,Electronic check,88.05,4367.35,1
0,Yes,Yes,1,No,No,No,No,Month-to-month,Yes,Credit card (automatic),69.95,69.95,0
0,Yes,No,64,No,Yes,Yes,Yes,Two year,Yes,Bank transfer (automatic),76.1,4818.8,0
1,Yes,No,43,No,Yes,Yes,No,Month-to-month,No,Credit card (automatic),55.55,2342.2,1
1,No,No,1,No,No,No,No,Month-to-month,Yes,Mailed check,45.85,45.85,0
0,No,No,26,No internet service,No internet service,No internet service,No internet service,Month-to-month,No,Mailed check,20.9,518.3,0
1,Yes,No,68,Yes,Yes,No,No,One year,Yes,Credit card (automatic),96.55,6581.9,1
0,No,Yes,13,No,Yes,No,No,Month-to-month,No,Electronic check,30.15,382.2,0
0,No,No,7,No,No,Yes,No,Month-to-month,Yes,Electronic check,90.45,593.45,1
0,Yes,Yes,43,Yes,No,Yes,No,Two year,No,Bank transfer (automatic),75.2,3254.35,0
0,No,Yes,19,Yes,Yes,Yes,No,Month-to-month,Yes,Electronic check,60.6,1297.8,0
0,Yes,Yes,55,No internet service,No internet service,No internet service,No internet service,Month-to-month,No,Credit card (automatic),20.0,1087.25,0
0,Yes,Yes,72,Yes,Yes,Yes,Yes,Two year,No,Bank transfer (automatic),111.95,8033.1,0
0,Yes,Yes,28,No internet service,No internet service,No internet service,No internet service,Month-to-month,Yes,Bank transfer (automatic),19.55,543.8,0
0,No,No,37,No,No,No,Yes,Month-to-month,No,Bank transfer (automatic),98.8,3475.55,1
1,Yes,No,10,No,No,No,No,Month-to-month,No,Electronic check,85.55,851.75,1
0,Yes,Yes,72,Yes,Yes,No,No,Two year,Yes,Bank transfer (automatic),95.9,6954.15,0
0,No,No,11,No,No,Yes,No,Month-to-month,Yes,Electronic check,89.2,990.3,0
0,Yes,Yes,72,Yes,Yes,Yes,Yes,Two year,Yes,Credit card (automatic),116.4,8543.25,0
0,No,No,2,No,Yes,Yes,Yes,Month-to-month,Yes,Credit card (automatic),40.4,77.15,1
0,Yes,Yes,26,No internet service,No internet service,No internet service,No internet service,Two year,Yes,Credit card (automatic),19.15,515.75,0
0,Yes,Yes,64,No,Yes,Yes,Yes,Two year,Yes,Credit card (automatic),109.2,6741.15,0
1,Yes,No,68,No,Yes,Yes,Yes,One year,Yes,Bank transfer (automatic),60.65,3975.9,0
0,Yes,Yes,35,Yes,No,No,Yes,Two year,Yes,Credit card (automatic),46.35,1662.05,0
0,No,Yes,1,No,No,No,No,Month-to-month,Yes,Mailed check,70.45,70.45,1
0,No,No,23,No,No,No,No,Month-to-month,Yes,Electronic check,44.95,996.85,0
0,Yes,No,17,No,Yes,No,No,Month-to-month,Yes,Mailed check,49.8,836.35,0
1,Yes,No,66,No,Yes,Yes,No,One year,No,Bank transfer (automatic),45.55,3027.25,0
0,No,No,3,No,No,No,No,Month-to-month,No,Mailed check,54.65,189.1,0
0,No,No,30,Yes,No,Yes,No,Two year,Yes,Mailed check,55.65,1653.85,0
1,No,No,6,No,No,No,No,Month-to-month,Yes,Electronic check,79.7,497.6,0
1,Yes,Yes,12,No,No,No,Yes,Month-to-month,Yes,Mailed check,29.3,355.9,0
0,Yes,No,68,Yes,Yes,No,Yes,Two year,Yes,Bank transfer (automatic),79.6,5515.8,0
0,Yes,No,48,No,No,Yes,Yes,Month-to-month,Yes,Credit card (automatic),100.05,4834.0,0
0,Yes,No,57,Yes,Yes,No,Yes,Two year,Yes,Credit card (automatic),70.35,4124.65,0
1,Yes,No,18,No,No,No,No,Month-to-month,No,Electronic check,78.55,1422.65,1
0,No,No,21,Yes,No,No,Yes,Month-to-month,Yes,Mailed check,43.55,1011.5,0
0,Yes,No,26,No internet service,No internet service,No internet service,No internet service,One year,No,Mailed check,19.2,459.6,0
0,No,Yes,4,No,No,Yes,Yes,Month-to-month,Yes,Mailed check,87.1,341.45,1
0,Yes,No,72,Yes,No,Yes,Yes,Two year,Yes,Credit card (automatic),110.9,8240.85,0
1,No,No,1,No,No,Yes,No,Month-to-month,Yes,Bank transfer (automatic),75.3,75.3,1
1,Yes,No,40,Yes,No,No,No,Month-to-month,No,Electronic check,101.85,4086.3,1
0,Yes,Yes,62,No internet service,No internet service,No internet service,No internet service,One year,No,Bank transfer (automatic),19.95,1244.8,0
0,Yes,No,48,No,Yes,No,Yes,Month-to-month,Yes,Credit card (automatic),105.1,5083.55,0
0,Yes,No,14,No,Yes,Yes,Yes,Two year,No,Mailed check,81.95,1181.75,0
0,Yes,Yes,39,No,Yes,Yes,Yes,One year,Yes,Electronic check,89.55,3474.45,1
0,No,No,9,Yes,No,Yes,Yes,Month-to-month,Yes,Mailed check,69.5,653.25,0
0,Yes,Yes,57,No,Yes,No,No,Month-to-month,Yes,Electronic check,100.6,5611.7,0
0,No,No,28,No,No,No,Yes,Month-to-month,Yes,Credit card (automatic),30.1,810.85,0
0,Yes,Yes,22,No,No,Yes,No,Month-to-month,Yes,Electronic check,88.75,1885.15,0
0,Yes,No,45,No internet service,No internet service,No internet service,No internet service,Two year,No,Mailed check,25.5,1121.05,0
0,Yes,No,70,Yes,Yes,Yes,Yes,Two year,No,Credit card (automatic),64.95,4523.25,0
0,No,No,1,No internet service,No internet service,No internet service,No internet service,Month-to-month,No,Mailed check,20.2,20.2,1
0,Yes,Yes,16,Yes,Yes,No,No,One year,Yes,Mailed check,55.85,857.8,0
0,Yes,Yes,41,No internet service,No internet service,No internet service,No internet service,Two year,Yes,Mailed check,20.0,879.8,0
0,Yes,Yes,53,Yes,Yes,No,Yes,Two year,Yes,Mailed check,69.7,3729.6,0
0,No,No,26,No,No,Yes,Yes,Month-to-month,Yes,Electronic check,98.65,2537.0,0
0,Yes,Yes,14,No,No,No,No,Month-to-month,Yes,Electronic check,84.8,1203.9,0
0,Yes,Yes,70,No internet service,No internet service,No internet service,No internet service,Two year,No,Mailed check,25.4,1782.05,0
0,No,No,26,Yes,No,Yes,Yes,One year,Yes,Credit card (automatic),87.15,2274.1,0
0,No,No,57,No,Yes,Yes,Yes,Two year,No,Mailed check,69.75,3894.4,0
0,Yes,Yes,70,Yes,Yes,No,No,Two year,Yes,Credit card (automatic),69.2,4872.35,0
0,Yes,Yes,72,No,Yes,Yes,No,One year,Yes,Credit card (automatic),104.45,7459.0,0
1,No,No,49,Yes,Yes,Yes,Yes,One year,No,Bank transfer (automatic),103.0,5166.2,0
0,Yes,Yes,72,Yes,No,No,No,Two year,No,Bank transfer (automatic),79.05,5730.7,0
0,No,No,37,Yes,Yes,Yes,Yes,One year,Yes,Bank transfer (automatic),90.6,3358.65,0
0,Yes,Yes,60,Yes,Yes,Yes,No,Two year,No,Bank transfer (automatic),60.5,3694.45,0
0,Yes,Yes,64,Yes,Yes,Yes,Yes,One year,No,Electronic check,113.35,7222.75,0
0,No,Yes,12,No,No,No,No,Month-to-month,Yes,Credit card (automatic),73.75,871.4,1
0,No,No,7,No,No,No,No,Month-to-month,Yes,Electronic check,73.85,511.25,1
0,No,No,4,No,No,No,No,Month-to-month,Yes,Electronic check,70.2,237.95,1
0,No,No,3,No,No,No,No,Month-to-month,Yes,Electronic check,75.8,246.3,1
1,No,Yes,1,No,No,Yes,No,Month-to-month,Yes,Mailed check,50.15,50.15,1
0,Yes,Yes,3,No,No,No,No,Month-to-month,Yes,Bank transfer (automatic),84.75,264.85,1
0,No,No,2,No,No,No,No,Month-to-month,Yes,Bank transfer (automatic),46.6,87.9,0
0,No,No,23,No,No,No,No,Month-to-month,No,Bank transfer (automatic),75.6,1758.6,1
1,Yes,No,9,No internet service,No internet service,No internet service,No internet service,Month-to-month,Yes,Mailed check,21.25,204.55,0
0,Yes,No,72,Yes,Yes,Yes,Yes,Two year,Yes,Bank transfer (automatic),103.95,7556.9,0
0,Yes,No,51,Yes,Yes,Yes,Yes,Two year,Yes,Credit card (automatic),83.85,4307.1,0
0,Yes,Yes,72,Yes,Yes,Yes,Yes,Two year,No,Bank transfer (automatic),65.7,4575.35,0
0,Yes,Yes,69,No,Yes,Yes,Yes,One year,No,Bank transfer (automatic),59.1,4134.7,0
0,No,No,35,No,No,No,No,Month-to-month,No,Mailed check,55.0,2010.55,1
0,Yes,No,12,No internet service,No internet service,No internet service,No internet service,Two year,Yes,Electronic check,20.05,264.55,0
0,No,No,1,No,No,No,No,Month-to-month,Yes,Electronic check,79.05,79.05,1
0,Yes,Yes,60,No,Yes,Yes,Yes,Two year,Yes,Bank transfer (automatic),80.6,4946.7,0
1,Yes,No,70,No,Yes,Yes,No,One year,Yes,Electronic check,104.8,7308.95,0
0,No,No,1,No,No,No,No,Month-to-month,Yes,Electronic check,55.0,55.0,1
0,No,No,30,Yes,Yes,Yes,No,Month-to-month,Yes,Credit card (automatic),84.3,2438.6,0
0,No,No,10,Yes,No,No,No,Month-to-month,Yes,Credit card (automatic),54.5,568.2,0
0,No,No,11,Yes,No,Yes,No,Month-to-month,Yes,Bank transfer (automatic),79.5,795.65,0
0,No,No,5,No internet service,No internet service,No internet service,No internet service,Month-to-month,No,Mailed check,21.05,113.85,1
0,Yes,Yes,72,Yes,No,Yes,No,Two year,Yes,Bank transfer (automatic),71.45,5025.85,0
0,Yes,No,31,Yes,Yes,Yes,Yes,One year,Yes,Credit card (automatic),75.5,2424.45,0
1,No,No,38,Yes,Yes,No,No,Month-to-month,Yes,Credit card (automatic),57.15,2250.65,1
0,No,No,12,No,No,Yes,No,Month-to-month,Yes,Electronic check,96.0,1062.1,1
1,No,No,34,No,Yes,Yes,No,One year,Yes,Electronic check,99.85,3343.15,0
0,Yes,No,22,Yes,No,No,No,One year,Yes,Bank transfer (automatic),59.75,1374.35,0
0,No,No,33,No,Yes,Yes,No,Month-to-month,No,Electronic check,107.55,3645.5,0
0,No,No,58,No internet service,No internet service,No internet service,No internet service,Two year,No,Credit card (automatic),20.3,1131.5,0
0,No,No,64,Yes,Yes,No,No,One year,Yes,Credit card (automatic),84.3,5289.05,0
0,Yes,Yes,72,Yes,Yes,Yes,Yes,Two year,Yes,Bank transfer (automatic),115.6,8220.4,0
0,Yes,Yes,25,No,Yes,Yes,No,One year,No,Mailed check,53.65,1355.45,0
0,No,No,11,Yes,No,No,No,Month-to-month,No,Electronic check,76.4,838.7,0
1,No,No,9,No,No,No,No,Month-to-month,Yes,Electronic check,84.45,762.5,1
0,Yes,No,37,No,No,Yes,No,Month-to-month,Yes,Electronic check,99.5,3762.0,1
0,Yes,Yes,2,No,Yes,No,No,Month-to-month,Yes,Mailed check,30.25,63.75,0
1,No,No,2,No,No,No,No,Month-to-month,Yes,Mailed check,74.85,156.4,1
0,Yes,No,4,No,Yes,No,No,Month-to-month,Yes,Electronic check,48.55,201.0,1
0,No,No,58,Yes,Yes,Yes,Yes,One year,Yes,Credit card (automatic),71.1,4299.2,0
0,No,No,4,No,No,Yes,No,Month-to-month,Yes,Credit card (automatic),82.85,319.6,0
0,No,No,1,No,No,Yes,Yes,Month-to-month,Yes,Electronic check,75.5,75.5,0
0,Yes,No,62,Yes,Yes,No,Yes,Two year,Yes,Credit card (automatic),38.6,2345.55,0
0,Yes,No,55,Yes,Yes,No,Yes,One year,Yes,Credit card (automatic),66.05,3462.1,0
1,Yes,No,66,No,Yes,Yes,Yes,One year,Yes,Bank transfer (automatic),107.35,7051.95,0
1,Yes,No,72,Yes,Yes,Yes,Yes,Two year,Yes,Bank transfer (automatic),114.65,8333.95,0
0,Yes,No,52,Yes,No,No,No,Month-to-month,No,Electronic check,84.1,4348.65,1
1,No,No,19,Yes,No,No,No,Month-to-month,Yes,Electronic check,87.3,1637.3,0
0,Yes,Yes,6,Yes,No,No,No,Month-to-month,Yes,Electronic check,49.15,295.65,0
1,No,No,53,No,Yes,No,No,Month-to-month,Yes,Credit card (automatic),73.8,4003.85,0
0,No,No,12,Yes,No,No,Yes,Month-to-month,No,Mailed check,56.65,654.85,1
0,Yes,Yes,15,No internet service,No internet service,No internet service,No internet service,Month-to-month,No,Mailed check,20.05,284.3,0
0,Yes,Yes,71,Yes,Yes,No,Yes,One year,Yes,Credit card (automatic),66.85,4748.7,0
0,Yes,No,30,No internet service,No internet service,No internet service,No internet service,One year,No,Credit card (automatic),19.8,576.65,0
0,Yes,Yes,72,No,Yes,Yes,No,One year,Yes,Credit card (automatic),103.2,7362.9,0
0,No,No,16,No internet service,No internet service,No internet service,No internet service,Month-to-month,No,Mailed check,20.0,275.7,0
1,Yes,No,70,Yes,Yes,Yes,No,Two year,No,Credit card (automatic),105.35,7511.9,0
0,No,No,25,No,No,No,No,Month-to-month,Yes,Electronic check,84.8,2043.45,1
0,No,No,13,Yes,No,No,No,Month-to-month,Yes,Credit card (automatic),80.0,1029.35,0
0,No,No,63,Yes,Yes,Yes,Yes,One year,No,Electronic check,71.5,4576.3,0
0,Yes,No,29,No,No,Yes,No,Month-to-month,Yes,Credit card (automatic),75.3,2263.4,0
0,No,No,1,No,Yes,No,Yes,Month-to-month,Yes,Mailed check,44.65,44.65,1
0,Yes,Yes,26,No,No,No,No,Month-to-month,Yes,Electronic check,90.8,2361.8,1
0,No,No,10,No internet service,No internet service,No internet service,No internet service,Month-to-month,No,Credit card (automatic),19.75,208.25,0
0,Yes,Yes,10,No,Yes,No,No,One year,No,Mailed check,49.55,475.7,0
0,No,No,9,No,No,No,No,Month-to-month,Yes,Credit card (automatic),75.2,633.85,0
0,No,No,1,No,No,No,No,Month-to-month,Yes,Mailed check,85.45,85.45,1
0,No,No,10,No internet service,No internet service,No internet service,No internet service,One year,No,Mailed check,19.5,225.85,0
0,No,No,54,Yes,No,Yes,Yes,Two year,No,Bank transfer (automatic),87.1,4735.2,0
0,Yes,Yes,38,No internet service,No internet service,No internet service,No internet service,One year,No,Mailed check,20.3,749.35,0
0,No,No,12,No,No,No,No,Month-to-month,Yes,Electronic check,96.05,1148.1,1
1,No,No,40,No,No,Yes,Yes,One year,Yes,Credit card (automatic),103.75,4188.4,0
0,No,No,46,No internet service,No internet service,No internet service,No internet service,Two year,Yes,Electronic check,21.1,937.1,0
0,No,No,56,Yes,Yes,No,Yes,One year,Yes,Bank transfer (automatic),64.65,3665.55,0
0,Yes,No,54,Yes,Yes,Yes,Yes,One year,Yes,Mailed check,114.65,6049.5,0
0,Yes,No,46,Yes,Yes,Yes,Yes,Two year,No,Mailed check,65.65,3047.15,0
0,Yes,Yes,24,Yes,Yes,No,No,One year,No,Electronic check,78.4,1832.4,0
0,No,No,68,Yes,Yes,Yes,No,One year,No,Credit card (automatic),76.75,5233.25,0
0,Yes,Yes,11,No,No,No,No,Month-to-month,No,Electronic check,90.6,1020.2,0
0,No,No,31,No,Yes,Yes,No,One year,Yes,Electronic check,103.45,3066.45,1
0,No,No,15,Yes,No,Yes,Yes,Month-to-month,No,Electronic check,105.1,1582.75,1
0,No,No,6,Yes,Yes,No,No,Month-to-month,Yes,Bank transfer (automatic),55.7,335.65,0
0,Yes,Yes,72,Yes,Yes,Yes,Yes,Two year,Yes,Bank transfer (automatic),108.65,7726.35,0
0,Yes,No,40,No,Yes,No,No,Month-to-month,No,Credit card (automatic),56.6,2379.1,0
1,No,No,57,No,Yes,Yes,No,Two year,Yes,Bank transfer (automatic),79.75,4438.2,0
0,Yes,Yes,63,No,Yes,Yes,Yes,Two year,No,Bank transfer (automatic),39.35,2395.05,0
0,No,No,3,No,Yes,No,Yes,Month-to-month,Yes,Electronic check,75.3,244.1,0
0,No,No,10,No,No,No,No,Month-to-month,No,Mailed check,45.25,428.7,0
0,No,No,13,Yes,No,Yes,No,Month-to-month,Yes,Electronic check,78.75,995.35,0
0,Yes,No,70,Yes,No,Yes,Yes,Two year,Yes,Credit card (automatic),74.8,5315.8,0
0,Yes,Yes,30,No,Yes,Yes,No,Month-to-month,No,Bank transfer (automatic),82.05,2570.2,0
0,No,Yes,40,Yes,No,No,Yes,Month-to-month,Yes,Credit card (automatic),64.1,2460.35,0
1,No,No,22,No,No,No,No,Month-to-month,Yes,Electronic check,96.7,2082.95,1
0,No,No,40,No,No,No,Yes,Month-to-month,Yes,Electronic check,51.1,2092.9,0
0,No,No,1,No internet service,No internet service,No internet service,No internet service,Month-to-month,No,Electronic check,19.3,19.3,1
0,No,No,47,Yes,Yes,Yes,Yes,One year,Yes,Bank transfer (automatic),86.95,4138.9,0
0,Yes,No,27,No,Yes,No,Yes,Month-to-month,Yes,Electronic check,53.8,1389.85,0
0,No,No,1,No,No,No,No,Month-to-month,Yes,Electronic check,45.6,45.6,1
0,Yes,No,10,No,No,Yes,No,Month-to-month,Yes,Electronic check,98.5,1037.75,1
0,No,No,18,No,Yes,No,No,Month-to-month,Yes,Electronic check,80.65,1451.9,1
1,Yes,No,46,No,No,Yes,No,Month-to-month,Yes,Electronic check,101.0,4680.05,1
0,No,No,1,No internet service,No internet service,No internet service,No internet service,Month-to-month,Yes,Mailed check,20.25,20.25,0
0,Yes,Yes,57,Yes,Yes,No,Yes,Month-to-month,No,Bank transfer (automatic),65.2,3687.85,0
0,No,No,1,No,No,No,No,Month-to-month,Yes,Electronic check,69.8,69.8,1
0,Yes,No,3,No,No,No,No,Month-to-month,Yes,Credit card (automatic),74.1,228.0,1
0,No,No,6,Yes,Yes,No,No,Month-to-month,No,Electronic check,56.25,389.1,1
0,Yes,No,64,Yes,Yes,No,Yes,Two year,Yes,Credit card (automatic),104.05,6605.55,0
0,No,No,72,Yes,Yes,Yes,Yes,Two year,No,Bank transfer (automatic),113.4,8164.1,0
0,Yes,No,63,Yes,No,Yes,No,Two year,No,Credit card (automatic),99.7,6330.4,0
0,No,No,12,No,Yes,No,Yes,Month-to-month,No,Mailed check,34.0,442.45,0
0,No,No,12,No,No,No,Yes,Month-to-month,Yes,Mailed check,99.95,1132.75,1
0,Yes,Yes,72,Yes,Yes,Yes,No,Two year,Yes,Credit card (automatic),83.6,5959.3,0
0,Yes,Yes,44,No,Yes,No,Yes,Month-to-month,Yes,Bank transfer (automatic),54.9,2549.1,0
0,No,No,4,No internet service,No internet service,No internet service,No internet service,Month-to-month,Yes,Electronic check,19.85,63.0,0
0,Yes,Yes,29,No internet service,No internet service,No internet service,No internet service,Month-to-month,Yes,Mailed check,20.65,654.85,0
1,Yes,Yes,72,Yes,Yes,Yes,Yes,Two year,Yes,Bank transfer (automatic),64.8,4732.35,0
0,No,No,2,No,No,No,No,Month-to-month,Yes,Credit card (automatic),73.25,131.05,1
0,Yes,No,72,No internet service,No internet service,No internet service,No internet service,Two year,Yes,Credit card (automatic),24.15,1776.45,0
0,Yes,Yes,64,No internet service,No internet service,No internet service,No internet service,Two year,Yes,Mailed check,24.05,1559.15,0
0,Yes,No,43,Yes,Yes,Yes,No,Month-to-month,Yes,Credit card (automatic),86.1,3551.65,0
0,Yes,No,71,Yes,Yes,No,Yes,Two year,No,Credit card (automatic),73.5,5357.75,0
0,Yes,No,69,No,Yes,No,Yes,Two year,Yes,Mailed check,92.45,6460.55,0
1,Yes,No,41,No,Yes,No,No,Month-to-month,Yes,Electronic check,94.55,3851.45,0
0,No,No,2,No,Yes,No,No,Month-to-month,No,Electronic check,51.4,96.8,0
1,No,No,71,Yes,Yes,No,Yes,One year,Yes,Credit card (automatic),99.65,7181.25,0
0,No,No,8,No,No,No,No,Month-to-month,No,Bank transfer (automatic),70.7,553.4,0
0,Yes,No,14,No,No,No,Yes,Month-to-month,No,Bank transfer (automatic),48.8,664.4,0
0,No,No,6,Yes,No,Yes,Yes,Month-to-month,No,Credit card (automatic),78.65,483.3,0
0,No,Yes,18,Yes,No,No,No,Month-to-month,No,Mailed check,57.65,992.7,0
0,No,No,3,No,No,No,No,Month-to-month,Yes,Mailed check,50.65,151.3,1
0,No,No,64,No,No,Yes,No,One year,Yes,Credit card (automatic),100.05,6254.2,1
0,No,No,66,No internet service,No internet service,No internet service,No internet service,Two year,No,Mailed check,25.1,1697.7,0
0,Yes,Yes,56,Yes,No,Yes,Yes,Month-to-month,Yes,Mailed check,109.6,5953.0,0
0,No,No,2,No,No,Yes,No,Month-to-month,No,Mailed check,80.6,155.8,1
0,No,No,22,No internet service,No internet service,No internet service,No internet service,Two year,No,Mailed check,26.25,605.9,0
0,No,No,57,No,No,No,No,One year,Yes,Electronic check,86.9,4939.25,0
0,Yes,No,68,Yes,No,Yes,No,One year,Yes,Electronic check,54.4,3723.65,0
0,No,No,10,No internet service,No internet service,No internet service,No internet service,Month-to-month,Yes,Credit card (automatic),20.0,198.6,0
0,Yes,Yes,69,Yes,Yes,No,Yes,Two year,Yes,Credit card (automatic),106.35,7261.75,0
0,No,No,1,Yes,No,No,No,Month-to-month,No,Mailed check,29.7,29.7,1
0,No,No,1,No,No,No,No,Month-to-month,Yes,Electronic check,70.3,70.3,1
0,No,No,10,No internet service,No internet service,No internet service,No internet service,Month-to-month,Yes,Electronic check,21.2,222.65,0
1,Yes,No,65,Yes,No,No,No,One year,Yes,Electronic check,100.75,6674.65,0
0,No,No,38,Yes,Yes,Yes,Yes,Month-to-month,No,Electronic check,69.95,2657.55,0
0,Yes,No,50,No,No,No,Yes,One year,No,Electronic check,99.4,5059.75,0
0,Yes,Yes,6,No,No,No,Yes,Month-to-month,Yes,Electronic check,80.5,502.85,1
0,No,Yes,9,No,No,Yes,Yes,Month-to-month,Yes,Mailed check,72.9,651.4,1
0,No,No,1,No,No,Yes,No,Month-to-month,Yes,Mailed check,49.65,49.65,1
1,No,No,14,No,No,No,No,Month-to-month,Yes,Electronic check,74.3,1096.25,1
0,Yes,Yes,72,No,Yes,Yes,No,Two year,Yes,Electronic check,103.4,7372.65,1
0,Yes,No,72,Yes,No,No,No,Two year,No,Bank transfer (automatic),80.45,5737.6,0
1,Yes,No,18,No,No,Yes,No,Month-to-month,Yes,Electronic check,48.35,810.7,1
0,Yes,Yes,46,No internet service,No internet service,No internet service,No internet service,Two year,No,Bank transfer (automatic),20.25,890.35,0
0,No,No,15,No internet service,No internet service,No internet service,No internet service,Month-to-month,No,Bank transfer (automatic),19.4,289.3,1
1,Yes,No,72,Yes,Yes,Yes,Yes,Two year,Yes,Bank transfer (automatic),114.85,8317.95,0
0,No,Yes,3,No,Yes,No,No,Month-to-month,No,Mailed check,29.65,90.05,0
0,No,Yes,11,No,No,No,No,Month-to-month,No,Electronic check,25.2,321.05,0
0,No,No,44,No,Yes,Yes,Yes,One year,Yes,Bank transfer (automatic),85.25,3704.15,0
1,Yes,No,72,Yes,No,No,No,Two year,No,Bank transfer (automatic),78.5,5602.25,0
0,No,No,8,No,Yes,No,Yes,Month-to-month,Yes,Electronic check,65.45,554.45,0
0,Yes,Yes,72,No internet service,No internet service,No internet service,No internet service,Two year,No,Bank transfer (automatic),25.2,1787.35,0
0,Yes,No,6,No,Yes,Yes,No,Month-to-month,Yes,Electronic check,91.0,531.0,1
0,No,No,24,No,No,No,No,Month-to-month,Yes,Credit card (automatic),79.85,2001.0,0
0,No,No,24,No,No,Yes,No,Month-to-month,Yes,Electronic check,98.75,2407.3,1
0,Yes,No,72,No,Yes,Yes,Yes,Two year,Yes,Credit card (automatic),110.6,7962.2,0
0,Yes,No,64,Yes,No,No,No,Month-to-month,Yes,Mailed check,73.55,4764.0,0
0,No,No,36,Yes,Yes,Yes,Yes,Two year,Yes,Mailed check,53.1,1901.25,0
0,Yes,No,72,Yes,Yes,Yes,Yes,Two year,No,Credit card (automatic),115.8,8332.15,0
0,No,No,48,Yes,No,Yes,Yes,Two year,Yes,Credit card (automatic),102.5,4904.25,0
0,No,No,56,Yes,No,Yes,Yes,One year,Yes,Credit card (automatic),60.25,3282.75,0
0,Yes,No,4,No,Yes,No,No,Month-to-month,Yes,Electronic check,100.2,420.2,1
0,No,No,20,No,Yes,No,No,Month-to-month,Yes,Mailed check,51.8,1023.85,0
0,Yes,No,36,No internet service,No internet service,No internet service,No internet service,One year,No,Mailed check,20.0,666.75,0
0,Yes,Yes,21,No,Yes,No,No,One year,Yes,Credit card (automatic),58.85,1215.45,0
0,No,No,28,No,Yes,No,No,One year,No,Electronic check,100.2,2688.45,0
0,Yes,No,41,No,No,Yes,No,One year,Yes,Electronic check,73.0,3001.2,1
0,No,No,53,No internet service,No internet service,No internet service,No internet service,Two year,No,Mailed check,20.25,1048.45,0
0,No,No,64,No,Yes,Yes,Yes,Two year,No,Credit card (automatic),86.55,5632.55,0
0,Yes,Yes,55,No,Yes,Yes,Yes,One year,Yes,Bank transfer (automatic),103.7,5656.75,0
0,No,No,54,Yes,No,No,Yes,Two year,No,Credit card (automatic),45.2,2460.55,0
0,No,No,36,No,No,No,No,Month-to-month,Yes,Electronic check,84.75,3050.15,1
0,No,No,48,Yes,No,No,Yes,One year,Yes,Bank transfer (automatic),70.95,3629.2,0
0,No,No,28,Yes,Yes,No,No,Month-to-month,Yes,Credit card (automatic),94.5,2659.4,1
1,No,No,19,No,Yes,No,No,Month-to-month,Yes,Electronic check,88.2,1775.8,1
0,Yes,Yes,72,Yes,No,Yes,No,Two year,No,Bank transfer (automatic),105.25,7609.75,0
1,No,No,50,No,No,Yes,Yes,Month-to-month,Yes,Electronic check,104.95,5222.35,0
0,Yes,No,50,No,Yes,No,No,One year,Yes,Electronic check,98.25,4858.7,0
0,Yes,Yes,58,No,Yes,No,Yes,One year,Yes,Credit card (automatic),75.2,4300.8,0
1,Yes,No,70,No,Yes,Yes,No,Month-to-month,Yes,Electronic check,102.95,7101.5,1
0,Yes,No,3,No,No,No,No,Month-to-month,Yes,Electronic check,70.3,208.85,1
0,Yes,No,20,No internet service,No internet service,No internet service,No internet service,Month-to-month,No,Bank transfer (automatic),19.25,375.25,0
0,No,No,12,Yes,Yes,No,Yes,Month-to-month,Yes,Electronic check,67.25,832.3,0
1,Yes,No,13,No,No,No,No,Month-to-month,Yes,Electronic check,95.25,1233.65,1
0,No,No,10,Yes,No,No,No,Month-to-month,No,Electronic check,98.55,1008.55,1
0,Yes,No,19,Yes,Yes,No,Yes,Month-to-month,Yes,Credit card (automatic),88.8,1672.35,0
0,Yes,No,52,Yes,Yes,Yes,Yes,Two year,No,Credit card (automatic),66.25,3330.1,0
0,Yes,Yes,66,Yes,Yes,Yes,Yes,Two year,No,Mailed check,65.85,4097.05,0
0,No,No,39,Yes,Yes,No,No,Month-to-month,Yes,Electronic check,106.4,4040.65,0
0,No,Yes,27,No internet service,No internet service,No internet service,No internet service,Two year,No,Credit card (automatic),19.7,509.3,0
0,Yes,Yes,72,Yes,Yes,Yes,Yes,Two year,Yes,Credit card (automatic),65.25,4478.85,0
1,Yes,No,68,Yes,Yes,Yes,No,Two year,Yes,Electronic check,41.95,2965.75,0
1,No,No,35,No,No,Yes,No,Month-to-month,Yes,Electronic check,39.85,1434.6,0
0,Yes,No,63,Yes,No,No,Yes,Two year,Yes,Credit card (automatic),84.65,5377.8,0
0,No,No,1,No internet service,No internet service,No internet service,No internet service,Month-to-month,Yes,Mailed check,24.05,24.05,1
0,Yes,Yes,6,No internet service,No internet service,No internet service,No internet service,Month-to-month,No,Credit card (automatic),19.85,138.85,0
1,Yes,No,64,No,No,Yes,Yes,Two year,No,Electronic check,102.1,6538.45,0
0,No,No,64,No internet service,No internet service,No internet service,No internet service,One year,No,Mailed check,24.7,1642.75,0
0,Yes,No,13,No,No,Yes,No,Month-to-month,Yes,Credit card (automatic),102.25,1359.0,1
1,Yes,No,12,No,Yes,No,No,Month-to-month,Yes,Electronic check,101.35,1218.55,1
0,Yes,Yes,30,No,No,Yes,Yes,One year,Yes,Electronic check,64.5,1985.15,0
0,No,No,3,No internet service,No internet service,No internet service,No internet service,Month-to-month,Yes,Mailed check,19.8,58.15,1
1,No,No,1,Yes,No,Yes,No,Month-to-month,Yes,Electronic check,55.8,55.8,1
0,Yes,No,69,No internet service,No internet service,No internet service,No internet service,Two year,Yes,Credit card (automatic),24.95,1718.35,0
0,Yes,Yes,70,No,Yes,Yes,Yes,Two year,Yes,Bank transfer (automatic),80.4,5717.85,0
0,No,No,1,No internet service,No internet service,No internet service,No internet service,Month-to-month,Yes,Mailed check,20.3,20.3,1
1,No,No,4,No,No,Yes,No,Month-to-month,Yes,Electronic check,94.75,422.4,0
0,Yes,Yes,72,Yes,No,Yes,Yes,Two year,Yes,Electronic check,80.8,5728.55,0
0,Yes,No,72,No,No,Yes,No,Two year,Yes,Electronic check,97.85,6841.3,0
0,No,No,2,Yes,Yes,No,No,Month-to-month,Yes,Mailed check,53.85,108.15,1
0,No,No,1,No,No,No,No,Month-to-month,Yes,Mailed check,44.0,44.0,0
0,Yes,Yes,1,No internet service,No internet service,No internet service,No internet service,Month-to-month,Yes,Mailed check,19.0,19.0,0
0,Yes,Yes,72,Yes,No,Yes,No,One year,Yes,Bank transfer (automatic),106.1,7848.5,0
0,Yes,No,24,Yes,Yes,Yes,No,Month-to-month,No,Mailed check,66.3,1559.45,0
1,Yes,Yes,65,No,Yes,Yes,No,One year,Yes,Electronic check,107.45,7047.5,0
0,No,No,8,No,No,No,No,Month-to-month,Yes,Electronic check,73.5,632.2,0
0,Yes,No,71,Yes,Yes,Yes,Yes,Two year,No,Bank transfer (automatic),90.55,6404.0,0
0,Yes,Yes,42,No,No,No,No,Month-to-month,Yes,Electronic check,94.2,4186.3,1
1,Yes,Yes,48,Yes,No,Yes,Yes,Month-to-month,Yes,Electronic check,104.5,5068.05,0
0,Yes,Yes,11,No internet service,No internet service,No internet service,No internet service,Month-to-month,No,Bank transfer (automatic),20.95,267.35,0
0,Yes,No,16,Yes,Yes,No,No,Month-to-month,No,Bank transfer (automatic),80.75,1321.3,0
0,No,No,13,Yes,No,No,No,Month-to-month,Yes,Electronic check,71.95,923.85,0
0,No,No,5,No internet service,No internet service,No internet service,No internet service,Month-to-month,No,Mailed check,20.35,92.75,0
0,Yes,No,41,Yes,Yes,Yes,Yes,Month-to-month,Yes,Bank transfer (automatic),113.6,4594.95,1
0,No,No,19,No,No,Yes,No,Month-to-month,Yes,Mailed check,56.1,1033.9,0
0,No,No,1,No internet service,No internet service,No internet service,No internet service,Month-to-month,No,Mailed check,19.55,19.55,0
1,No,No,46,No,Yes,No,No,One year,No,Credit card (automatic),95.25,4424.2,1
0,No,No,1,No internet service,No internet service,No internet service,No internet service,Month-to-month,Yes,Credit card (automatic),19.75,19.75,0
0,No,No,13,No internet service,No internet service,No internet service,No internet service,Month-to-month,Yes,Mailed check,20.3,275.4,0
0,Yes,Yes,42,Yes,No,Yes,Yes,Two year,No,Credit card (automatic),48.15,2032.3,0
0,No,No,23,No,No,Yes,No,Month-to-month,Yes,Electronic check,81.0,1917.1,1
0,No,No,19,No internet service,No internet service,No internet service,No internet service,Two year,Yes,Mailed check,19.95,373.5,0
0,No,No,9,Yes,No,No,No,Month-to-month,Yes,Electronic check,81.15,784.45,0
0,No,No,3,Yes,Yes,No,No,Month-to-month,Yes,Mailed check,35.45,106.85,1
0,Yes,No,38,No,No,Yes,Yes,One year,No,Credit card (automatic),69.0,2669.45,0
1,No,No,2,Yes,No,No,No,Month-to-month,Yes,Electronic check,49.25,91.1,1
0,No,No,64,No,Yes,Yes,No,Two year,Yes,Bank transfer (automatic),104.4,6692.65,0
1,Yes,No,24,No,No,Yes,No,Month-to-month,Yes,Credit card (automatic),40.65,933.3,1
0,No,No,4,No internet service,No internet service,No internet service,No internet service,One year,No,Mailed check,19.95,68.2,0
0,No,Yes,7,No internet service,No internet service,No internet service,No internet service,One year,No,Mailed check,20.05,96.8,0
0,No,No,1,Yes,No,No,No,Month-to-month,No,Electronic check,50.15,50.15,0
0,No,No,72,Yes,Yes,Yes,Yes,Two year,Yes,Electronic check,118.2,8547.15,0
0,No,No,28,Yes,Yes,No,No,Month-to-month,No,Electronic check,56.05,1522.65,0
0,No,No,15,Yes,Yes,No,No,Month-to-month,Yes,Credit card (automatic),99.1,1426.4,1
0,No,No,28,Yes,No,Yes,No,One year,No,Mailed check,59.0,1654.45,0
0,Yes,No,13,Yes,No,No,No,Month-to-month,Yes,Electronic check,65.85,902.25,0
0,No,No,70,No,Yes,Yes,Yes,One year,Yes,Bank transfer (automatic),90.25,6385.95,0
0,Yes,Yes,5,No internet service,No internet service,No internet service,No internet service,One year,No,Mailed check,20.1,85.1,0
1,Yes,No,28,No,Yes,Yes,Yes,Month-to-month,Yes,Electronic check,110.85,3204.4,0
0,Yes,Yes,8,No internet service,No internet service,No internet service,No internet service,Two year,No,Bank transfer (automatic),19.5,159.35,0
0,No,No,12,No,No,No,No,Month-to-month,No,Bank transfer (automatic),43.8,540.95,0
0,No,No,10,No internet service,No internet service,No internet service,No internet service,One year,Yes,Mailed check,19.8,198.25,0
0,No,No,43,No,Yes,No,No,Month-to-month,Yes,Electronic check,77.85,3365.85,1
1,Yes,No,11,No,No,Yes,No,Month-to-month,Yes,Electronic check,99.55,1131.2,1
1,No,No,67,No internet service,No internet service,No internet service,No internet service,Two year,No,Credit card (automatic),25.1,1672.15,0
0,Yes,No,65,Yes,Yes,No,Yes,One year,Yes,Bank transfer (automatic),100.15,6643.5,0
0,Yes,Yes,55,No internet service,No internet service,No internet service,No internet service,One year,No,Credit card (automatic),19.15,998.1,0
0,No,No,46,No,No,No,No,Month-to-month,No,Bank transfer (automatic),72.8,3249.4,0
0,No,Yes,6,No,No,Yes,No,Month-to-month,No,Mailed check,94.5,575.45,1
1,Yes,No,65,No,Yes,Yes,No,One year,Yes,Bank transfer (automatic),103.15,6792.45,0
0,No,No,31,No,No,Yes,Yes,Two year,No,Bank transfer (automatic),99.45,3109.9,0
0,No,Yes,1,No,No,Yes,No,Month-to-month,No,Electronic check,48.95,48.95,1
0,Yes,Yes,2,No internet service,No internet service,No internet service,No internet service,Month-to-month,No,Mailed check,20.3,40.25,0
0,No,Yes,50,Yes,Yes,No,No,One year,Yes,Bank transfer (automatic),43.05,2208.05,0
0,No,No,10,No,Yes,No,Yes,One year,No,Mailed check,64.9,685.55,0
0,Yes,Yes,58,No,No,Yes,Yes,One year,Yes,Bank transfer (automatic),105.05,6004.85,0
1,Yes,No,13,No,No,No,No,Month-to-month,No,Electronic check,45.3,528.45,0
0,No,No,22,No,Yes,Yes,No,One year,No,Bank transfer (automatic),65.25,1441.8,0
0,No,No,52,Yes,Yes,Yes,Yes,Two year,Yes,Mailed check,89.25,4652.4,0
0,Yes,Yes,41,No internet service,No internet service,No internet service,No internet service,One year,No,Bank transfer (automatic),19.5,798.2,0
0,Yes,No,71,No internet service,No internet service,No internet service,No internet service,Two year,No,Credit card (automatic),25.05,1873.7,0
0,Yes,Yes,57,No internet service,No internet service,No internet service,No internet service,Two year,No,Bank transfer (automatic),19.75,1272.05,0
0,No,No,44,No,No,Yes,No,One year,Yes,Electronic check,49.05,2265.0,0
0,Yes,Yes,61,No internet service,No internet service,No internet service,No internet service,One year,No,Credit card (automatic),19.1,1143.8,0
0,Yes,Yes,72,Yes,No,Yes,Yes,Two year,Yes,Bank transfer (automatic),110.45,8058.85,0
0,No,Yes,1,No internet service,No internet service,No internet service,No internet service,Month-to-month,No,Mailed check,19.75,19.75,1
0,Yes,No,71,Yes,Yes,Yes,Yes,Two year,No,Credit card (automatic),93.2,6506.15,0
0,Yes,Yes,38,No,No,Yes,Yes,Two year,Yes,Bank transfer (automatic),94.9,3616.25,0
0,No,No,45,Yes,Yes,No,No,One year,Yes,Electronic check,100.3,4483.95,0
0,Yes,No,57,No,No,Yes,No,One year,Yes,Credit card (automatic),100.75,5985.0,0
0,No,No,59,Yes,Yes,Yes,Yes,One year,No,Credit card (automatic),79.85,4786.1,0
1,No,No,56,Yes,No,Yes,Yes,Two year,No,Bank transfer (automatic),73.25,4054.2,0
0,Yes,No,54,No,Yes,No,No,Month-to-month,No,Electronic check,30.4,1621.35,0
0,Yes,Yes,22,No internet service,No internet service,No internet service,No internet service,Month-to-month,No,Bank transfer (automatic),19.05,454.05,0
0,Yes,Yes,30,No,Yes,Yes,Yes,Month-to-month,Yes,Electronic check,107.5,3242.5,0
0,No,No,27,No internet service,No internet service,No internet service,No internet service,Two year,No,Credit card (automatic),19.85,470.0,0
0,Yes,Yes,4,No,No,No,No,Month-to-month,Yes,Mailed check,69.55,284.9,0
0,No,No,10,Yes,No,Yes,No,Month-to-month,Yes,Mailed check,79.85,887.35,0
1,No,No,5,No,No,No,No,Month-to-month,Yes,Mailed check,69.05,318.5,1
0,Yes,No,3,No,Yes,No,No,Month-to-month,Yes,Credit card (automatic),91.5,242.95,1
0,Yes,Yes,72,Yes,Yes,Yes,Yes,Two year,Yes,Bank transfer (automatic),116.6,8337.45,0
0,No,Yes,3,No,No,No,No,Month-to-month,No,Electronic check,69.65,220.1,1
0,Yes,Yes,45,No internet service,No internet service,No internet service,No internet service,Two year,Yes,Bank transfer (automatic),20.0,886.4,0
0,No,No,21,Yes,No,Yes,Yes,One year,Yes,Electronic check,60.25,1258.35,0
0,Yes,Yes,59,No internet service,No internet service,No internet service,No internet service,Two year,No,Mailed check,20.6,1286.0,0
0,Yes,Yes,4,No,No,Yes,No,Month-to-month,Yes,Electronic check,73.75,325.45,1
0,No,No,10,No,No,No,No,Month-to-month,No,Electronic check,86.45,830.85,1
0,No,No,15,No,No,No,No,Month-to-month,Yes,Electronic check,49.1,679.55,1
0,No,No,9,Yes,No,Yes,Yes,One year,No,Mailed check,50.8,463.6,0
0,Yes,Yes,48,Yes,Yes,No,Yes,Two year,No,Mailed check,39.4,1978.65,0
0,Yes,No,10,No internet service,No internet service,No internet service,No internet service,Month-to-month,Yes,Bank transfer (automatic),19.95,187.75,0
0,Yes,No,42,Yes,Yes,No,Yes,Month-to-month,Yes,Credit card (automatic),66.4,2727.8,0
0,No,No,36,No,Yes,No,No,Month-to-month,Yes,Electronic check,99.15,3615.6,1
0,Yes,Yes,59,No internet service,No internet service,No internet service,No internet service,Two year,No,Mailed check,19.5,1147.85,0
0,Yes,Yes,47,No,Yes,No,Yes,Two year,No,Bank transfer (automatic),63.8,3007.25,0
0,No,No,6,Yes,No,No,No,Month-to-month,Yes,Bank transfer (automatic),59.15,336.7,0
0,No,Yes,54,Yes,Yes,No,Yes,One year,Yes,Electronic check,105.85,5826.65,0
0,Yes,Yes,72,Yes,Yes,Yes,Yes,Two year,Yes,Credit card (automatic),91.95,6614.9,0
0,No,No,4,Yes,Yes,No,Yes,Month-to-month,Yes,Mailed check,94.9,360.55,0
1,Yes,Yes,66,Yes,Yes,Yes,Yes,Two year,No,Credit card (automatic),79.4,5154.6,1
1,Yes,No,30,No,No,No,No,Month-to-month,No,Mailed check,77.9,2351.45,0
0,No,No,22,Yes,No,No,Yes,Month-to-month,Yes,Mailed check,59.05,1253.5,0
0,No,No,47,No internet service,No internet service,No internet service,No internet service,Two year,No,Mailed check,20.15,1046.2,0
1,No,No,27,No,Yes,Yes,No,Month-to-month,Yes,Bank transfer (automatic),86.45,2401.05,0
0,Yes,No,53,No,No,Yes,No,One year,Yes,Bank transfer (automatic),94.85,5000.2,1
0,Yes,Yes,33,No,No,No,No,Month-to-month,No,Credit card (automatic),86.15,2745.7,1
0,No,No,2,Yes,No,No,No,Month-to-month,No,Mailed check,50.95,123.05,0
0,Yes,Yes,46,Yes,No,Yes,Yes,Two year,No,Mailed check,99.65,4630.2,0
0,No,No,65,No,Yes,Yes,No,Two year,No,Credit card (automatic),105.1,6631.85,0
0,Yes,No,38,No internet service,No internet service,No internet service,No internet service,Two year,No,Bank transfer (automatic),20.4,743.5,0
0,No,No,26,No,Yes,Yes,No,Month-to-month,No,Electronic check,89.8,2335.3,1
0,No,No,1,No,No,No,No,Month-to-month,Yes,Mailed check,44.9,44.9,0
1,Yes,No,71,Yes,Yes,Yes,Yes,Two year,Yes,Bank transfer (automatic),115.05,8016.6,0
0,No,No,4,No,Yes,No,No,Month-to-month,Yes,Electronic check,90.05,368.1,1
0,No,No,70,Yes,Yes,Yes,Yes,Two year,Yes,Bank transfer (automatic),113.65,7939.25,0
0,Yes,Yes,63,Yes,Yes,Yes,No,Two year,No,Electronic check,59.0,3707.6,0
0,Yes,Yes,22,No internet service,No internet service,No internet service,No internet service,One year,No,Mailed check,20.15,419.9,0
0,No,No,56,No,Yes,No,Yes,Month-to-month,Yes,Electronic check,94.45,5124.6,1
0,Yes,Yes,58,No internet service,No internet service,No internet service,No internet service,Two year,No,Credit card (automatic),19.55,1079.65,0
0,No,No,5,No,No,Yes,No,Month-to-month,Yes,Electronic check,100.5,514.0,1
0,No,No,64,Yes,Yes,No,No,One year,Yes,Credit card (automatic),100.3,6603.8,0
0,No,No,63,Yes,Yes,Yes,Yes,Two year,Yes,Credit card (automatic),80.3,4995.35,0
0,Yes,Yes,17,No internet service,No internet service,No internet service,No internet service,One year,No,Mailed check,20.75,418.25,0
1,Yes,No,69,Yes,No,Yes,Yes,One year,Yes,Mailed check,110.55,7610.1,0
0,Yes,Yes,70,Yes,Yes,Yes,Yes,One year,No,Bank transfer (automatic),78.35,5445.95,0
0,No,No,7,No,No,No,No,Month-to-month,Yes,Electronic check,66.85,458.1,0
0,No,No,24,Yes,No,No,Yes,Month-to-month,No,Electronic check,54.95,1348.5,0
0,No,No,6,Yes,Yes,No,No,Month-to-month,No,Mailed check,55.15,322.9,0
0,No,No,10,No,Yes,No,No,Month-to-month,Yes,Bank transfer (automatic),80.7,788.8,1
1,No,No,30,No,Yes,No,No,Month-to-month,Yes,Electronic check,99.7,2967.35,1
1,Yes,Yes,72,Yes,Yes,Yes,Yes,Two year,Yes,Credit card (automatic),88.05,6425.65,0
0,Yes,No,72,No,Yes,Yes,Yes,Two year,Yes,Credit card (automatic),85.45,6227.5,0
1,Yes,No,4,Yes,No,No,No,Month-to-month,Yes,Electronic check,99.6,347.65,1
0,No,Yes,16,No,No,No,No,Month-to-month,Yes,Electronic check,81.0,1312.15,1
0,No,No,1,No internet service,No internet service,No internet service,No internet service,Month-to-month,No,Mailed check,20.45,20.45,0
0,Yes,No,29,No internet service,No internet service,No internet service,No internet service,Month-to-month,No,Mailed check,19.85,573.05,0
0,No,No,13,No internet service,No internet service,No internet service,No internet service,Month-to-month,Yes,Electronic check,20.4,251.65,0
1,Yes,No,1,No internet service,No internet service,No internet service,No internet service,Month-to-month,Yes,Mailed check,20.85,20.85,1
0,Yes,No,70,No,No,Yes,No,One year,Yes,Electronic check,97.65,6982.5,0
0,Yes,Yes,69,Yes,Yes,Yes,Yes,One year,Yes,Credit card (automatic),105.1,7234.8,0
0,Yes,Yes,46,Yes,No,Yes,Yes,Two year,No,Mailed check,81.0,3846.35,0
0,No,Yes,1,No,No,No,No,Month-to-month,Yes,Electronic check,44.4,44.4,1
1,Yes,No,37,No,No,No,No,Month-to-month,Yes,Electronic check,85.7,3171.15,1
0,Yes,Yes,41,No internet service,No internet service,No internet service,No internet service,Two year,No,Bank transfer (automatic),19.7,804.25,0
0,Yes,No,1,Yes,No,No,No,Month-to-month,Yes,Electronic check,95.0,95.0,1
0,Yes,No,63,No,No,Yes,Yes,Two year,No,Credit card (automatic),79.8,5034.05,0
0,No,Yes,1,No internet service,No internet service,No internet service,No internet service,Month-to-month,No,Mailed check,25.4,25.4,0
0,Yes,Yes,41,Yes,Yes,Yes,No,Month-to-month,Yes,Credit card (automatic),74.55,3023.55,0
0,Yes,Yes,72,Yes,Yes,Yes,Yes,Two year,Yes,Credit card (automatic),55.45,4179.2,0
1,No,No,16,No,No,No,Yes,Month-to-month,No,Electronic check,59.4,1023.9,1
0,No,Yes,13,Yes,No,No,No,Month-to-month,Yes,Credit card (automatic),52.1,670.65,0
0,Yes,No,68,No,Yes,No,Yes,Two year,No,Bank transfer (automatic),64.1,4326.25,0
0,No,Yes,22,No,No,Yes,No,One year,Yes,Credit card (automatic),49.45,1031.4,0
0,No,No,7,No,No,No,No,Month-to-month,Yes,Mailed check,80.3,526.7,1
0,Yes,Yes,9,No,No,Yes,Yes,Month-to-month,No,Electronic check,103.1,970.45,0
1,Yes,No,4,No,No,No,No,Month-to-month,No,Electronic check,74.95,308.7,1
0,Yes,No,71,No,Yes,Yes,Yes,Two year,Yes,Credit card (automatic),83.3,5894.5,0
0,Yes,Yes,72,Yes,Yes,Yes,Yes,Two year,Yes,Bank transfer (automatic),115.8,8476.5,0
0,Yes,Yes,52,No internet service,No internet service,No internet service,No internet service,Two year,No,Mailed check,19.2,1054.75,0
1,No,No,54,No,Yes,No,Yes,One year,No,Mailed check,72.1,3886.05,0
0,Yes,Yes,63,No internet service,No internet service,No internet service,No internet service,Two year,No,Mailed check,19.7,1275.85,0
1,Yes,No,60,No,Yes,Yes,No,Month-to-month,Yes,Electronic check,105.9,6401.25,0
0,Yes,Yes,22,No,No,No,No,Month-to-month,Yes,Electronic check,80.15,1790.65,0
0,Yes,Yes,8,No internet service,No internet service,No internet service,No internet service,One year,No,Mailed check,24.4,203.95,0
1,Yes,No,27,Yes,No,Yes,No,One year,Yes,Electronic check,85.9,2220.1,0
0,No,No,1,No,No,No,No,Month-to-month,Yes,Mailed check,55.7,55.7,1
0,No,No,52,Yes,Yes,No,Yes,Two year,No,Mailed check,39.1,1982.1,0
1,No,No,9,No,No,No,No,Month-to-month,Yes,Electronic check,83.85,790.15,1
0,Yes,Yes,33,No internet service,No internet service,No internet service,No internet service,One year,No,Mailed check,20.1,579.4,0
0,Yes,Yes,40,No internet service,No internet service,No internet service,No internet service,Two year,Yes,Mailed check,24.8,1024.7,0
1,No,No,6,Yes,No,No,No,Month-to-month,Yes,Bank transfer (automatic),85.15,503.6,1
0,No,No,5,No,No,Yes,No,Month-to-month,Yes,Electronic check,70.05,346.4,1
0,Yes,Yes,5,No,Yes,No,No,Month-to-month,Yes,Electronic check,83.6,404.2,1
0,No,No,13,No,No,No,No,Month-to-month,Yes,Mailed check,75.0,999.45,1
0,No,No,1,No,No,No,No,Month-to-month,No,Electronic check,45.8,45.8,1
0,No,No,15,Yes,No,No,No,Month-to-month,Yes,Bank transfer (automatic),87.75,1242.2,0
0,Yes,Yes,13,No internet service,No internet service,No internet service,No internet service,One year,No,Mailed check,20.0,218.55,0
0,No,No,12,No,No,No,Yes,One year,Yes,Mailed check,75.85,854.45,0
0,No,No,19,No,No,No,No,Month-to-month,Yes,Bank transfer (automatic),45.0,865.85,0
0,Yes,Yes,56,No internet service,No internet service,No internet service,No internet service,One year,Yes,Mailed check,24.45,1431.65,0
0,No,No,72,No internet service,No internet service,No internet service,No internet service,Two year,No,Bank transfer (automatic),19.85,1434.1,0
0,Yes,Yes,30,No,Yes,Yes,Yes,Two year,No,Bank transfer (automatic),80.8,2369.3,0
1,Yes,No,10,Yes,No,No,No,Month-to-month,No,Electronic check,75.3,720.45,0
0,No,No,20,No internet service,No internet service,No internet service,No internet service,One year,Yes,Mailed check,19.7,415.9,0
0,No,No,5,No,No,No,Yes,Month-to-month,Yes,Electronic check,49.2,216.9,1
0,No,No,9,No internet service,No internet service,No internet service,No internet service,One year,Yes,Electronic check,19.9,164.6,0
0,No,No,34,No,No,No,No,Month-to-month,Yes,Bank transfer (automatic),25.05,852.7,0
0,Yes,No,27,Yes,No,No,No,One year,No,Credit card (automatic),48.7,1421.75,0
0,No,No,24,No,No,No,No,Month-to-month,Yes,Electronic check,94.1,2322.85,0
1,Yes,No,34,No,No,Yes,Yes,One year,No,Bank transfer (automatic),64.2,2106.3,0
0,Yes,Yes,21,Yes,No,No,No,One year,Yes,Bank transfer (automatic),75.9,1549.75,0
0,Yes,Yes,7,No,No,No,No,Month-to-month,No,Electronic check,44.75,333.65,0
0,No,No,46,No,No,No,No,Month-to-month,No,Bank transfer (automatic),44.95,2168.9,0
0,Yes,Yes,5,No,Yes,No,No,Month-to-month,Yes,Electronic check,80.15,385.0,1
0,No,No,65,Yes,No,Yes,Yes,One year,Yes,Credit card (automatic),110.0,7138.65,0
0,No,No,2,No,No,No,No,Month-to-month,No,Mailed check,70.7,129.2,0
0,Yes,Yes,65,Yes,Yes,Yes,No,One year,No,Credit card (automatic),72.45,4653.85,1
1,Yes,No,24,No,No,No,No,Month-to-month,Yes,Electronic check,93.55,2264.05,1
0,No,No,43,Yes,No,No,No,Month-to-month,Yes,Electronic check,75.2,3198.6,1
0,Yes,Yes,18,Yes,No,Yes,Yes,Month-to-month,No,Electronic check,83.25,1611.15,0
0,Yes,Yes,39,No,No,No,No,One year,Yes,Credit card (automatic),25.25,947.75,0
0,No,No,22,No,Yes,No,No,Month-to-month,Yes,Mailed check,78.85,1600.25,0
0,No,No,1,No,No,No,No,Month-to-month,No,Electronic check,79.6,79.6,1
0,No,Yes,25,No internet service,No internet service,No internet service,No internet service,Month-to-month,No,Mailed check,20.8,460.2,0
0,No,No,29,Yes,Yes,No,Yes,Month-to-month,No,Mailed check,67.45,1801.1,0
0,No,No,29,No,No,No,No,One year,Yes,Credit card (automatic),71.0,2080.1,0
0,Yes,Yes,1,No internet service,No internet service,No internet service,No internet service,Two year,No,Mailed check,20.35,20.35,0
0,Yes,Yes,72,Yes,Yes,Yes,Yes,Two year,Yes,Electronic check,74.35,5237.4,0
1,No,No,55,No,No,Yes,No,One year,Yes,Bank transfer (automatic),50.05,2743.45,0
0,Yes,No,48,Yes,Yes,Yes,No,Two year,Yes,Bank transfer (automatic),96.9,4473.45,0
0,Yes,No,70,Yes,Yes,Yes,Yes,Two year,Yes,Credit card (automatic),94.8,6859.05,0
0,No,No,8,No,No,No,No,Month-to-month,Yes,Bank transfer (automatic),80.1,679.3,1
1,No,No,10,No,No,No,No,Month-to-month,Yes,Electronic check,79.25,793.55,1
0,No,No,64,No,Yes,No,Yes,One year,Yes,Credit card (automatic),105.65,6903.1,1
0,Yes,Yes,27,Yes,Yes,No,No,Month-to-month,Yes,Credit card (automatic),54.75,1510.3,0
0,No,No,48,Yes,Yes,Yes,No,One year,Yes,Credit card (automatic),83.45,3887.85,0
0,Yes,Yes,45,No internet service,No internet service,No internet service,No internet service,One year,Yes,Credit card (automatic),25.9,1216.6,0
0,No,No,12,No,No,No,No,Month-to-month,Yes,Electronic check,86.55,1066.9,0
0,Yes,No,71,No internet service,No internet service,No internet service,No internet service,Two year,No,Bank transfer (automatic),24.45,1730.65,0
0,No,No,1,No,No,No,No,Month-to-month,No,Electronic check,70.5,70.5,1
0,Yes,Yes,70,No internet service,No internet service,No internet service,No internet service,Two year,No,Credit card (automatic),20.05,1360.25,0
1,No,No,29,Yes,Yes,No,No,Month-to-month,Yes,Bank transfer (automatic),58.55,1718.95,0
0,Yes,Yes,58,No,Yes,Yes,No,Month-to-month,Yes,Electronic check,91.55,5511.65,0
0,No,No,5,Yes,No,No,Yes,Month-to-month,Yes,Electronic check,64.35,352.65,0
0,No,No,6,No internet service,No internet service,No internet service,No internet service,Month-to-month,No,Mailed check,20.65,109.3,0
0,Yes,Yes,71,Yes,Yes,No,Yes,Two year,No,Bank transfer (automatic),59.7,4122.65,0
0,Yes,Yes,68,Yes,Yes,No,No,One year,No,Mailed check,44.8,2983.65,0
0,No,No,1,No,No,No,No,Month-to-month,No,Mailed check,70.6,70.6,1
0,Yes,Yes,50,Yes,No,No,Yes,One year,No,Electronic check,75.5,4025.6,0
0,No,No,39,No,No,No,Yes,One year,No,Electronic check,59.3,2209.15,0
0,No,No,66,Yes,No,Yes,Yes,Two year,Yes,Bank transfer (automatic),105.65,6844.5,0
0,Yes,Yes,67,Yes,Yes,No,Yes,One year,No,Mailed check,60.05,3994.05,0
0,Yes,No,66,Yes,Yes,Yes,Yes,Two year,Yes,Bank transfer (automatic),85.9,5595.3,0
0,No,No,9,No,Yes,Yes,No,Month-to-month,No,Electronic check,80.55,653.9,0
1,No,No,39,No,No,No,No,Month-to-month,Yes,Bank transfer (automatic),95.65,3759.05,1
0,No,No,12,No,Yes,No,No,Month-to-month,Yes,Electronic check,49.4,611.65,0
0,No,No,17,No internet service,No internet service,No internet service,No internet service,Two year,No,Mailed check,19.15,343.45,0
1,No,No,26,No internet service,No internet service,No internet service,No internet service,One year,No,Credit card (automatic),19.3,504.2,0
0,Yes,No,12,No,No,Yes,Yes,Month-to-month,Yes,Electronic check,74.15,741.4,0
1,No,No,16,Yes,No,No,No,Month-to-month,Yes,Electronic check,54.1,889.0,0
0,Yes,No,56,No,Yes,No,No,One year,No,Credit card (automatic),100.3,5614.45,1
0,No,No,50,No,No,Yes,Yes,Two year,Yes,Bank transfer (automatic),89.7,4304.5,0
0,Yes,Yes,64,Yes,No,No,Yes,One year,No,Mailed check,65.8,4068.0,0
0,No,No,13,Yes,No,No,No,Month-to-month,Yes,Credit card (automatic),73.75,956.65,0
0,No,Yes,6,No internet service,No internet service,No internet service,No internet service,Month-to-month,No,Mailed check,19.7,111.65,0
0,Yes,Yes,1,No internet service,No internet service,No internet service,No internet service,One year,No,Mailed check,18.8,18.8,0
0,No,No,69,Yes,Yes,Yes,Yes,Two year,Yes,Credit card (automatic),81.5,5553.25,0
0,Yes,Yes,15,No internet service,No internet service,No internet service,No internet service,Month-to-month,Yes,Electronic check,20.0,288.05,1
0,No,No,15,No,No,Yes,No,Month-to-month,No,Electronic check,85.3,1219.85,0
0,No,No,14,No,No,No,Yes,One year,No,Credit card (automatic),59.1,772.85,0
0,Yes,Yes,69,No,Yes,Yes,No,Two year,Yes,Electronic check,105.0,7297.75,0
0,No,No,18,No,No,Yes,Yes,One year,Yes,Credit card (automatic),82.0,1425.45,1
1,Yes,No,21,No,No,No,No,Month-to-month,Yes,Electronic check,69.1,1474.75,1
0,No,No,25,No,No,No,No,Month-to-month,Yes,Mailed check,84.6,2088.05,0
0,Yes,No,57,No,Yes,Yes,Yes,One year,No,Bank transfer (automatic),74.6,4368.95,0
0,No,No,5,No,No,Yes,Yes,Month-to-month,No,Bank transfer (automatic),75.15,392.65,0
0,No,Yes,6,No internet service,No internet service,No internet service,No internet service,Month-to-month,No,Mailed check,19.65,100.9,0
1,No,No,4,No,No,No,No,Month-to-month,Yes,Electronic check,94.3,424.45,1
1,Yes,No,7,No,No,No,No,Month-to-month,Yes,Mailed check,70.1,467.55,1
0,No,No,3,No,No,No,No,Month-to-month,No,Electronic check,25.1,79.8,0
0,Yes,Yes,60,Yes,No,Yes,Yes,Two year,No,Credit card (automatic),59.85,3590.2,0
0,No,Yes,31,No,No,No,No,Month-to-month,Yes,Credit card (automatic),86.55,2697.4,1
0,Yes,Yes,23,Yes,Yes,No,Yes,One year,Yes,Mailed check,57.75,1282.85,0
0,No,No,20,Yes,Yes,Yes,Yes,Month-to-month,Yes,Credit card (automatic),55.0,1165.55,0
0,Yes,No,67,No,Yes,Yes,Yes,Two year,No,Bank transfer (automatic),86.15,5883.85,0
0,No,No,9,No internet service,No internet service,No internet service,No internet service,Month-to-month,No,Bank transfer (automatic),20.15,238.15,0
0,Yes,Yes,72,Yes,Yes,Yes,No,Two year,No,Credit card (automatic),68.75,4888.2,0
0,No,No,41,No internet service,No internet service,No internet service,No internet service,Month-to-month,No,Electronic check,20.45,775.6,0
0,Yes,Yes,45,Yes,Yes,Yes,Yes,Month-to-month,No,Mailed check,81.3,3541.1,0
0,Yes,Yes,53,No,Yes,No,Yes,Month-to-month,No,Credit card (automatic),65.0,3363.8,0
0,Yes,Yes,52,No internet service,No internet service,No internet service,No internet service,Two year,No,Mailed check,24.8,1229.1,0
0,Yes,No,63,Yes,Yes,Yes,Yes,Two year,Yes,Credit card (automatic),110.1,6705.7,0
0,No,No,54,No,Yes,No,No,Two year,Yes,Bank transfer (automatic),97.2,5129.45,0
0,No,No,9,No internet service,No internet service,No internet service,No internet service,Month-to-month,No,Mailed check,20.4,181.8,0
0,Yes,No,69,Yes,Yes,Yes,Yes,Two year,Yes,Electronic check,116.0,8182.85,0
0,Yes,Yes,13,No internet service,No internet service,No internet service,No internet service,Two year,Yes,Bank transfer (automatic),25.0,332.5,0
0,No,No,72,No,No,Yes,Yes,Two year,Yes,Credit card (automatic),107.5,7853.7,0
0,Yes,No,9,Yes,Yes,Yes,No,Month-to-month,No,Bank transfer (automatic),91.75,865.8,1
0,Yes,Yes,72,No internet service,No internet service,No internet service,No internet service,Two year,No,Electronic check,20.35,1354.4,0
0,No,No,66,Yes,Yes,Yes,No,Two year,Yes,Bank transfer (automatic),61.15,4017.45,0
1,No,No,15,No,Yes,No,No,Month-to-month,Yes,Electronic check,74.4,1074.3,1
1,No,No,4,No,Yes,No,No,Month-to-month,No,Electronic check,72.75,317.75,0
0,Yes,Yes,15,No,Yes,Yes,Yes,Month-to-month,No,Bank transfer (automatic),76.5,1155.6,0
0,Yes,Yes,51,Yes,Yes,Yes,No,One year,No,Electronic check,59.3,3014.65,1
0,No,No,41,No,No,No,No,Month-to-month,No,Bank transfer (automatic),70.25,2868.05,1
0,No,No,64,No internet service,No internet service,No internet service,No internet service,Two year,No,Mailed check,19.55,1240.15,0
0,Yes,Yes,45,No,Yes,Yes,Yes,One year,No,Bank transfer (automatic),51.0,2264.5,0
0,Yes,Yes,15,Yes,No,No,Yes,One year,No,Electronic check,101.9,1667.25,0
1,No,No,69,No internet service,No internet service,No internet service,No internet service,Two year,No,Credit card (automatic),20.3,1356.3,0
0,No,No,36,Yes,No,Yes,Yes,Month-to-month,Yes,Credit card (automatic),79.2,2854.95,0
0,Yes,Yes,72,Yes,Yes,Yes,Yes,Two year,Yes,Bank transfer (automatic),93.25,6688.95,0
0,Yes,No,71,No,No,Yes,No,One year,Yes,Credit card (automatic),98.65,6962.85,0
1,No,No,66,Yes,No,No,No,Two year,Yes,Bank transfer (automatic),102.4,6471.85,0
0,No,No,3,Yes,No,No,Yes,Month-to-month,Yes,Mailed check,82.3,214.4,0
0,No,No,2,No internet service,No internet service,No internet service,No internet service,Month-to-month,Yes,Bank transfer (automatic),20.7,39.85,0
0,No,No,60,No,No,Yes,No,One year,Yes,Bank transfer (automatic),79.2,4765.0,0
0,Yes,Yes,72,Yes,No,Yes,Yes,Two year,Yes,Credit card (automatic),66.5,4811.6,0
0,No,No,48,No,Yes,Yes,No,One year,Yes,Credit card (automatic),106.1,5082.8,1
0,No,Yes,1,Yes,No,No,Yes,Month-to-month,No,Electronic check,54.5,54.5,0
0,No,Yes,8,Yes,No,No,Yes,Two year,Yes,Mailed check,44.55,343.45,0
0,No,No,42,Yes,Yes,No,Yes,One year,Yes,Mailed check,67.7,2882.25,0
0,No,No,20,No,No,No,No,Month-to-month,No,Credit card (automatic),70.55,1493.55,0
0,No,No,48,No internet service,No internet service,No internet service,No internet service,Two year,No,Credit card (automatic),19.85,916.0,0
0,No,No,6,No internet service,No internet service,No internet service,No internet service,Month-to-month,No,Mailed check,20.7,112.75,0
0,Yes,Yes,33,No internet service,No internet service,No internet service,No internet service,Two year,No,Credit card (automatic),19.8,641.35,0
0,Yes,No,37,Yes,No,Yes,Yes,One year,No,Credit card (automatic),68.1,2479.25,0
0,Yes,No,2,No,No,No,No,Month-to-month,Yes,Electronic check,70.7,141.45,1
0,No,No,30,Yes,Yes,Yes,No,One year,No,Bank transfer (automatic),90.4,2820.65,0
0,No,No,1,No internet service,No internet service,No internet service,No internet service,Month-to-month,No,Credit card (automatic),19.4,19.4,0
0,Yes,Yes,24,Yes,Yes,Yes,Yes,Two year,Yes,Mailed check,52.5,1208.15,0
0,No,No,13,No,No,Yes,No,Month-to-month,No,Electronic check,49.15,649.4,0
0,Yes,No,59,Yes,No,No,Yes,One year,Yes,Mailed check,69.1,4096.9,0
0,Yes,No,72,Yes,Yes,Yes,Yes,Two year,Yes,Bank transfer (automatic),115.8,8424.9,0
0,Yes,No,24,No,No,No,No,Month-to-month,Yes,Credit card (automatic),75.4,1747.85,1
0,No,No,13,No,No,No,Yes,Month-to-month,No,Electronic check,100.75,1313.25,0
0,Yes,No,72,Yes,Yes,Yes,Yes,Two year,Yes,Credit card (automatic),90.25,6369.45,0
0,No,No,65,No internet service,No internet service,No internet service,No internet service,Two year,No,Mailed check,25.75,1654.75,0
0,Yes,Yes,2,No internet service,No internet service,No internet service,No internet service,One year,No,Mailed check,20.3,31.9,0
1,Yes,No,58,No,Yes,Yes,No,Month-to-month,Yes,Electronic check,45.3,2651.2,1
0,Yes,Yes,7,Yes,No,Yes,Yes,Two year,No,Credit card (automatic),49.65,305.55,0
0,No,No,4,No,No,No,No,Month-to-month,No,Electronic check,54.3,195.3,1
0,No,No,21,No,No,No,No,Month-to-month,No,Mailed check,75.3,1570.7,0
0,Yes,No,53,No internet service,No internet service,No internet service,No internet service,One year,No,Credit card (automatic),19.05,990.45,0
0,No,No,21,No internet service,No internet service,No internet service,No internet service,One year,Yes,Mailed check,20.35,422.7,0
0,Yes,Yes,53,Yes,No,Yes,Yes,Month-to-month,No,Electronic check,85.7,4616.1,0
0,No,No,2,No,No,No,No,Month-to-month,Yes,Credit card (automatic),46.0,84.5,1
0,No,No,70,Yes,Yes,Yes,Yes,Two year,Yes,Bank transfer (automatic),114.95,7711.25,0
0,Yes,No,7,No,No,Yes,No,Month-to-month,Yes,Electronic check,86.25,587.1,1
0,Yes,No,59,Yes,Yes,Yes,Yes,One year,Yes,Credit card (automatic),107.0,6152.3,0
0,Yes,No,69,Yes,Yes,Yes,Yes,Two year,Yes,Bank transfer (automatic),112.55,7806.5,0
0,No,No,48,Yes,Yes,No,No,Two year,No,Credit card (automatic),55.5,2627.35,0
0,No,No,6,No,No,Yes,No,Month-to-month,No,Mailed check,60.9,414.1,0
0,Yes,Yes,16,No internet service,No internet service,No internet service,No internet service,Two year,No,Mailed check,20.5,290.55,0
0,No,No,3,Yes,No,No,Yes,Month-to-month,Yes,Credit card (automatic),64.4,195.65,0
0,Yes,Yes,69,No,Yes,No,Yes,Two year,Yes,Bank transfer (automatic),93.3,6398.05,0
0,Yes,Yes,35,No internet service,No internet service,No internet service,No internet service,One year,No,Electronic check,19.9,666.0,0
0,Yes,No,44,No,Yes,Yes,No,Two year,No,Bank transfer (automatic),54.3,2390.45,0
0,Yes,No,7,No,No,No,No,Month-to-month,Yes,Bank transfer (automatic),69.2,477.55,0
0,No,No,1,No,No,No,No,Month-to-month,Yes,Electronic check,45.3,45.3,1
0,Yes,No,24,No,No,Yes,No,Month-to-month,No,Electronic check,29.1,688.0,0
1,Yes,No,1,No,No,No,No,Month-to-month,No,Electronic check,46.0,46.0,1
0,Yes,Yes,16,Yes,No,Yes,No,Two year,No,Mailed check,64.25,1024.0,0
0,Yes,No,24,No,Yes,Yes,No,Month-to-month,Yes,Electronic check,104.65,2542.45,1
1,Yes,No,71,No,Yes,Yes,No,Two year,No,Credit card (automatic),89.45,6435.25,0
0,No,No,13,No internet service,No internet service,No internet service,No internet service,Two year,No,Credit card (automatic),20.0,268.45,0
0,No,No,17,No,No,Yes,No,Month-to-month,No,Bank transfer (automatic),80.05,1345.65,0
0,Yes,Yes,25,Yes,Yes,Yes,No,One year,Yes,Bank transfer (automatic),61.6,1611.0,0
1,No,No,3,No,No,No,No,Month-to-month,Yes,Electronic check,70.3,235.5,1
0,Yes,No,1,No,No,No,No,Month-to-month,Yes,Electronic check,90.75,90.75,1
0,Yes,Yes,50,Yes,Yes,Yes,Yes,One year,Yes,Bank transfer (automatic),80.05,4042.2,0
1,Yes,Yes,24,No,No,Yes,No,Two year,Yes,Electronic check,96.55,2263.45,0
0,No,No,35,No internet service,No internet service,No internet service,No internet service,One year,No,Bank transfer (automatic),20.6,754.0,0
1,No,No,1,No,No,No,No,Month-to-month,Yes,Electronic check,89.3,89.3,1
0,No,Yes,4,No,No,Yes,Yes,Month-to-month,Yes,Bank transfer (automatic),98.1,396.3,1
0,No,No,1,No internet service,No internet service,No internet service,No internet service,Month-to-month,No,Mailed check,19.1,19.1,0
0,No,No,1,No,No,No,No,Month-to-month,Yes,Electronic check,50.15,50.15,0
0,Yes,No,47,No,Yes,No,No,One year,Yes,Electronic check,78.9,3650.35,0
0,Yes,Yes,4,No internet service,No internet service,No internet service,No internet service,Month-to-month,No,Mailed check,20.35,76.35,1
0,No,No,32,No,Yes,No,No,Month-to-month,Yes,Electronic check,54.2,1739.6,0
0,No,No,1,No,Yes,No,No,Month-to-month,No,Electronic check,54.3,54.3,0
0,No,No,3,No,No,No,No,Month-to-month,Yes,Electronic check,76.95,228.4,1
0,No,No,53,No internet service,No internet service,No internet service,No internet service,One year,No,Bank transfer (automatic),24.05,1301.9,0
0,Yes,Yes,3,No,No,No,No,Month-to-month,No,Mailed check,44.3,134.5,1
1,No,No,40,Yes,Yes,No,No,Month-to-month,Yes,Credit card (automatic),79.2,3233.85,1
0,Yes,No,4,No,No,Yes,No,Month-to-month,No,Electronic check,65.6,250.1,0
0,No,No,58,Yes,Yes,Yes,Yes,Two year,Yes,Credit card (automatic),64.9,3795.45,0
0,Yes,Yes,56,No internet service,No internet service,No internet service,No internet service,Two year,No,Mailed check,20.05,1090.1,0
0,Yes,Yes,24,Yes,No,Yes,No,Two year,No,Credit card (automatic),78.6,1846.65,0
0,No,No,47,Yes,No,Yes,Yes,Two year,No,Mailed check,41.9,1875.25,0
0,No,No,69,No,Yes,Yes,Yes,Two year,Yes,Bank transfer (automatic),110.5,7455.45,0
0,Yes,Yes,61,Yes,Yes,Yes,Yes,Two year,Yes,Bank transfer (automatic),68.05,4158.25,0
0,No,No,1,No,No,No,Yes,Month-to-month,Yes,Electronic check,50.8,50.8,1
0,Yes,Yes,71,Yes,Yes,Yes,Yes,Two year,No,Electronic check,90.4,6668.05,0
0,No,Yes,38,No,No,Yes,No,Month-to-month,Yes,Bank transfer (automatic),99.25,3777.15,1
1,Yes,No,37,No,No,Yes,Yes,Month-to-month,No,Electronic check,90.0,3371.75,0
0,Yes,No,66,No,No,No,Yes,Month-to-month,No,Electronic check,63.85,4264.6,0
0,Yes,Yes,18,No internet service,No internet service,No internet service,No internet service,Month-to-month,No,Mailed check,20.45,357.0,0
0,Yes,No,71,Yes,Yes,No,Yes,Two year,No,Bank transfer (automatic),65.15,4681.75,0
0,No,No,1,No internet service,No internet service,No internet service,No internet service,Month-to-month,Yes,Mailed check,20.05,20.05,0
0,No,No,59,Yes,No,No,Yes,One year,No,Bank transfer (automatic),68.7,4070.95,0
0,Yes,Yes,41,No,No,Yes,No,Month-to-month,Yes,Bank transfer (automatic),94.9,3848.0,0
0,Yes,No,18,No,Yes,No,No,Month-to-month,No,Credit card (automatic),56.8,1074.65,0
0,No,Yes,12,No,Yes,Yes,No,Month-to-month,Yes,Electronic check,105.3,1275.65,0
0,Yes,Yes,23,No,No,No,No,One year,Yes,Credit card (automatic),48.35,1067.15,1
0,No,No,1,Yes,No,No,No,Month-to-month,No,Mailed check,51.25,51.25,0
1,Yes,No,34,No,No,Yes,No,Month-to-month,Yes,Credit card (automatic),85.2,2874.45,0
0,Yes,No,55,No internet service,No internet service,No internet service,No internet service,Two year,No,Bank transfer (automatic),25.7,1443.65,0
0,Yes,No,72,Yes,Yes,Yes,No,Two year,Yes,Credit card (automatic),97.95,7114.25,0
0,No,No,57,No,Yes,No,Yes,One year,Yes,Mailed check,54.65,3134.7,0
1,No,No,9,No,No,No,Yes,Month-to-month,No,Mailed check,49.2,447.9,0
0,Yes,No,53,Yes,Yes,Yes,Yes,One year,No,Electronic check,110.5,5835.5,0
0,No,No,19,No internet service,No internet service,No internet service,No internet service,Two year,No,Mailed check,19.65,358.15,0
0,No,No,56,Yes,No,No,Yes,Month-to-month,Yes,Mailed check,105.35,5794.45,0
1,No,No,20,Yes,No,No,Yes,One year,No,Mailed check,54.0,1055.9,0
0,No,No,23,No internet service,No internet service,No internet service,No internet service,One year,No,Mailed check,20.45,481.1,0
0,Yes,No,2,No,No,Yes,Yes,Month-to-month,Yes,Electronic check,104.4,242.8,1
1,No,No,3,No,Yes,No,No,Month-to-month,Yes,Electronic check,81.35,233.7,1
0,No,No,35,No internet service,No internet service,No internet service,No internet service,Month-to-month,Yes,Electronic check,25.6,901.25,0
1,No,No,50,No,No,No,No,Month-to-month,Yes,Electronic check,95.7,4816.7,1
0,No,No,66,Yes,Yes,Yes,Yes,Month-to-month,Yes,Bank transfer (automatic),103.1,6595.0,0
0,Yes,Yes,4,No internet service,No internet service,No internet service,No internet service,One year,No,Credit card (automatic),24.1,73.1,0
0,Yes,No,71,Yes,Yes,Yes,Yes,Two year,No,Credit card (automatic),85.75,6223.8,0
0,No,No,8,No internet service,No internet service,No internet service,No internet service,Two year,No,Mailed check,20.25,174.65,0
0,Yes,Yes,69,Yes,Yes,No,Yes,Two year,No,Bank transfer (automatic),80.65,5542.55,0
1,No,No,25,No,Yes,No,No,Month-to-month,Yes,Electronic check,89.7,2187.55,1
0,No,No,20,Yes,No,No,Yes,Month-to-month,No,Bank transfer (automatic),59.2,1191.2,0
0,Yes,No,55,No,No,Yes,Yes,One year,Yes,Electronic check,104.15,5743.05,1
1,No,No,20,No,No,Yes,No,Month-to-month,Yes,Electronic check,98.55,1842.8,1
0,Yes,No,42,Yes,No,No,Yes,One year,No,Credit card (automatic),80.45,3375.9,0
0,Yes,No,64,No,Yes,No,Yes,Two year,Yes,Electronic check,105.25,6823.4,0
0,Yes,Yes,42,No,No,No,No,Month-to-month,Yes,Credit card (automatic),77.95,3384.0,1
0,Yes,Yes,19,Yes,No,No,No,One year,Yes,Bank transfer (automatic),48.95,955.6,0
0,Yes,Yes,23,No internet service,No internet service,No internet service,No internet service,Two year,Yes,Mailed check,19.65,451.55,0
0,No,No,31,No internet service,No internet service,No internet service,No internet service,Two year,No,Mailed check,20.45,638.55,0
0,No,No,48,No internet service,No internet service,No internet service,No internet service,One year,No,Credit card (automatic),25.05,1171.5,0
0,Yes,Yes,70,Yes,Yes,No,No,Month-to-month,Yes,Electronic check,106.05,7554.05,0
0,Yes,Yes,32,No,No,Yes,No,Month-to-month,Yes,Bank transfer (automatic),91.05,2954.5,1
0,Yes,Yes,10,No internet service,No internet service,No internet service,No internet service,Two year,No,Mailed check,20.15,220.8,0
0,Yes,No,57,Yes,Yes,No,Yes,Two year,Yes,Electronic check,59.75,3450.15,0
0,No,No,5,Yes,No,No,Yes,Month-to-month,Yes,Mailed check,55.75,266.95,0
0,No,Yes,2,No,Yes,No,No,Month-to-month,No,Mailed check,51.55,106.2,0
1,No,No,65,Yes,No,Yes,Yes,Two year,Yes,Electronic check,109.05,7108.2,0
0,No,No,64,Yes,No,Yes,Yes,Two year,No,Credit card (automatic),99.25,6549.45,0
0,No,Yes,48,Yes,Yes,Yes,No,One year,Yes,Bank transfer (automatic),64.4,3035.35,0
0,No,No,1,No,No,No,No,Month-to-month,Yes,Electronic check,69.6,69.6,1
0,No,No,4,Yes,Yes,No,No,Month-to-month,Yes,Electronic check,33.65,137.85,1
0,No,No,45,Yes,No,Yes,No,Month-to-month,Yes,Electronic check,75.95,3273.8,0
0,No,No,23,Yes,No,No,No,Month-to-month,No,Electronic check,54.4,1249.25,0
0,No,No,7,No,No,No,No,Month-to-month,No,Mailed check,95.0,655.5,1
0,Yes,Yes,30,No internet service,No internet service,No internet service,No internet service,Two year,Yes,Mailed check,25.1,789.55,0
1,Yes,Yes,72,Yes,Yes,Yes,Yes,Two year,Yes,Credit card (automatic),115.75,8399.15,0
1,Yes,Yes,71,Yes,Yes,Yes,No,One year,Yes,Bank transfer (automatic),86.7,6179.35,0
0,Yes,Yes,32,Yes,Yes,No,No,One year,Yes,Electronic check,90.8,3023.85,0
0,No,No,58,No internet service,No internet service,No internet service,No internet service,Two year,Yes,Bank transfer (automatic),19.15,1035.5,0
0,No,No,4,No,No,No,No,Month-to-month,Yes,Electronic check,56.4,234.85,0
0,No,No,70,Yes,No,Yes,Yes,Two year,Yes,Bank transfer (automatic),58.35,4214.25,0
0,No,Yes,62,No internet service,No internet service,No internet service,No internet service,Two year,No,Bank transfer (automatic),26.0,1638.7,0
0,No,No,30,Yes,Yes,Yes,Yes,Month-to-month,Yes,Credit card (automatic),95.0,2852.4,0
0,Yes,No,71,Yes,Yes,Yes,Yes,One year,No,Bank transfer (automatic),66.8,4689.15,0
0,No,No,16,No internet service,No internet service,No internet service,No internet service,Two year,No,Credit card (automatic),18.95,326.8,0
1,No,No,1,No,No,No,No,Month-to-month,No,Electronic check,25.25,25.25,1
0,No,No,3,No,Yes,No,No,Month-to-month,Yes,Electronic check,95.1,307.4,1
0,Yes,Yes,1,No,No,No,No,Month-to-month,Yes,Electronic check,90.1,90.1,0
0,Yes,Yes,37,No,Yes,Yes,No,Month-to-month,Yes,Electronic check,95.15,3532.85,0
0,Yes,No,17,Yes,Yes,Yes,No,Month-to-month,No,Credit card (automatic),90.2,1454.15,1
1,Yes,Yes,72,Yes,Yes,Yes,Yes,Two year,Yes,Bank transfer (automatic),114.95,8196.4,0
0,No,No,30,Yes,No,Yes,No,One year,Yes,Credit card (automatic),79.3,2427.1,0
0,Yes,Yes,52,No internet service,No internet service,No internet service,No internet service,Two year,No,Mailed check,25.75,1345.85,0
0,Yes,Yes,31,Yes,Yes,No,Yes,One year,Yes,Bank transfer (automatic),75.25,2344.5,0
0,No,No,6,Yes,No,No,No,Month-to-month,No,Bank transfer (automatic),29.45,161.45,0
0,Yes,Yes,5,No,No,No,Yes,Month-to-month,Yes,Electronic check,85.75,470.95,1
0,Yes,Yes,12,No internet service,No internet service,No internet service,No internet service,Two year,Yes,Bank transfer (automatic),25.4,313.0,0
0,Yes,No,42,Yes,No,No,No,Month-to-month,Yes,Bank transfer (automatic),40.15,1626.05,0
1,No,No,18,No,No,No,No,Month-to-month,Yes,Electronic check,95.45,1752.55,1
0,No,Yes,39,No,No,Yes,No,Month-to-month,No,Credit card (automatic),30.1,1131.3,1
0,Yes,Yes,49,No,No,No,No,Month-to-month,No,Electronic check,84.5,4254.85,1
0,Yes,Yes,7,Yes,No,Yes,Yes,Month-to-month,Yes,Credit card (automatic),71.35,515.75,0
0,Yes,Yes,72,No,Yes,Yes,Yes,Two year,No,Credit card (automatic),110.9,7922.75,0
0,Yes,No,3,No,No,No,No,Month-to-month,Yes,Credit card (automatic),74.75,229.5,1
0,No,No,56,No internet service,No internet service,No internet service,No internet service,Two year,Yes,Bank transfer (automatic),19.55,1080.55,0
1,No,No,8,No,No,Yes,No,Month-to-month,Yes,Bank transfer (automatic),74.05,600.15,0
1,Yes,No,1,No,No,No,No,Month-to-month,Yes,Electronic check,73.55,73.55,1
0,No,No,4,Yes,Yes,No,Yes,Month-to-month,Yes,Mailed check,60.4,272.15,1
0,Yes,No,68,No,Yes,Yes,Yes,Two year,Yes,Bank transfer (automatic),110.0,7611.85,1
0,Yes,Yes,71,Yes,Yes,Yes,Yes,Two year,Yes,Bank transfer (automatic),114.0,8175.9,0
0,Yes,Yes,48,No,No,No,No,One year,Yes,Mailed check,82.05,4029.95,1
0,Yes,Yes,14,Yes,Yes,No,No,Month-to-month,Yes,Electronic check,65.45,937.6,1
0,Yes,No,13,No,Yes,Yes,No,Month-to-month,No,Electronic check,94.1,1215.6,1
0,Yes,No,31,No,Yes,No,No,Month-to-month,Yes,Bank transfer (automatic),83.85,2674.15,0
1,Yes,No,32,No,No,Yes,No,Month-to-month,No,Mailed check,79.3,2570.0,0
0,Yes,No,52,No,Yes,No,Yes,Month-to-month,Yes,Credit card (automatic),95.65,5088.4,0
0,Yes,Yes,2,No,No,No,No,Month-to-month,Yes,Electronic check,44.5,90.05,0
1,No,No,28,No,No,Yes,Yes,Month-to-month,Yes,Electronic check,103.3,2890.65,1
0,Yes,Yes,1,No internet service,No internet service,No internet service,No internet service,Month-to-month,No,Mailed check,20.05,20.05,0
0,No,No,51,No,Yes,Yes,Yes,One year,Yes,Electronic check,111.5,5703.25,0
1,Yes,No,55,No,Yes,Yes,No,Month-to-month,Yes,Electronic check,85.45,4874.7,1
0,No,No,59,Yes,Yes,Yes,No,Month-to-month,Yes,Bank transfer (automatic),99.45,5623.7,0
0,No,No,1,No internet service,No internet service,No internet service,No internet service,Month-to-month,No,Mailed check,20.35,20.35,0
1,Yes,No,51,Yes,No,Yes,No,One year,Yes,Bank transfer (automatic),93.65,4839.15,0
0,No,No,34,Yes,Yes,No,No,One year,No,Electronic check,64.35,2053.05,0
0,Yes,Yes,22,No internet service,No internet service,No internet service,No internet service,One year,No,Mailed check,19.95,433.5,0
0,No,No,72,Yes,Yes,Yes,Yes,Two year,Yes,Electronic check,109.9,7624.2,0
0,Yes,Yes,47,Yes,No,Yes,No,Month-to-month,No,Electronic check,90.05,4137.2,0
0,No,No,3,No,No,No,No,Month-to-month,Yes,Credit card (automatic),75.1,270.7,1
0,Yes,No,71,No,Yes,Yes,Yes,Two year,No,Credit card (automatic),84.2,5956.85,0
0,No,No,38,No,No,Yes,Yes,One year,No,Bank transfer (automatic),95.0,3605.6,0
0,No,No,12,No internet service,No internet service,No internet service,No internet service,Month-to-month,No,Mailed check,20.4,266.6,0
0,Yes,Yes,56,No internet service,No internet service,No internet service,No internet service,Two year,Yes,Credit card (automatic),24.95,1468.9,0
1,Yes,No,34,No,No,No,No,Month-to-month,No,Credit card (automatic),71.55,2427.35,0
1,Yes,No,71,No,Yes,Yes,No,Month-to-month,Yes,Bank transfer (automatic),52.3,3765.05,0
1,No,No,40,No,No,No,No,Month-to-month,Yes,Electronic check,91.55,3673.6,0
0,No,Yes,1,No,No,No,No,Month-to-month,Yes,Electronic check,89.35,89.35,0
0,No,No,34,No,Yes,No,Yes,Month-to-month,Yes,Electronic check,105.35,3540.65,0
1,Yes,No,23,No,No,No,No,Month-to-month,No,Electronic check,86.8,1975.85,0
0,No,No,8,No,No,No,No,Month-to-month,Yes,Electronic check,75.25,576.7,0
0,Yes,Yes,39,No,Yes,No,No,Month-to-month,Yes,Mailed check,86.3,3266.0,1
0,Yes,Yes,52,No,Yes,Yes,Yes,Month-to-month,No,Bank transfer (automatic),85.8,4433.3,0
0,Yes,No,72,Yes,No,Yes,Yes,Two year,No,Credit card (automatic),86.65,6094.25,0
0,No,No,10,No internet service,No internet service,No internet service,No internet service,One year,Yes,Mailed check,19.3,185.2,0
0,No,No,13,No internet service,No internet service,No internet service,No internet service,Two year,No,Mailed check,19.95,243.65,0
1,Yes,No,34,Yes,No,No,Yes,One year,No,Mailed check,90.15,3128.8,0
1,Yes,No,36,No,Yes,No,No,Month-to-month,Yes,Credit card (automatic),91.95,3301.05,0
0,No,No,28,No,Yes,No,No,Month-to-month,Yes,Electronic check,89.95,2625.55,1
0,No,No,57,No internet service,No internet service,No internet service,No internet service,Two year,No,Credit card (automatic),18.8,1094.35,0
0,Yes,Yes,24,No internet service,No internet service,No internet service,No internet service,Two year,No,Mailed check,24.7,571.75,0
0,Yes,Yes,48,Yes,No,Yes,Yes,One year,No,Bank transfer (automatic),69.7,3023.65,0
0,Yes,Yes,13,No internet service,No internet service,No internet service,No internet service,Two year,Yes,Bank transfer (automatic),19.75,246.7,0
1,No,No,1,No,No,No,No,Month-to-month,Yes,Electronic check,69.95,69.95,1
0,No,No,20,No,No,No,Yes,Month-to-month,No,Mailed check,50.0,1003.05,0
0,No,No,6,No,No,Yes,Yes,Month-to-month,Yes,Mailed check,99.95,547.65,1
0,Yes,No,66,No,Yes,Yes,No,Month-to-month,Yes,Credit card (automatic),105.0,7133.25,1
0,Yes,Yes,70,Yes,Yes,Yes,Yes,Two year,Yes,Bank transfer (automatic),114.2,7723.9,1
0,Yes,Yes,55,No internet service,No internet service,No internet service,No internet service,Two year,No,Mailed check,20.5,1177.95,0
0,Yes,Yes,38,No internet service,No internet service,No internet service,No internet service,Two year,Yes,Mailed check,20.2,746.05,0
0,Yes,Yes,5,No internet service,No internet service,No internet service,No internet service,Month-to-month,No,Mailed check,19.45,86.05,0
0,No,No,3,No,Yes,No,No,Month-to-month,Yes,Electronic check,29.6,79.45,1
0,Yes,Yes,61,No internet service,No internet service,No internet service,No internet service,Two year,Yes,Mailed check,24.1,1551.6,0
0,No,No,20,No internet service,No internet service,No internet service,No internet service,Two year,No,Mailed check,19.7,406.95,0
0,Yes,Yes,62,No internet service,No internet service,No internet service,No internet service,One year,No,Bank transfer (automatic),24.8,1476.25,0
0,No,No,25,No internet service,No internet service,No internet service,No internet service,Two year,No,Credit card (automatic),24.75,692.1,1
0,No,No,11,No,No,No,Yes,Month-to-month,No,Mailed check,70.5,829.3,0
0,Yes,Yes,23,No internet service,No internet service,No internet service,No internet service,Two year,No,Mailed check,23.85,625.65,0
1,Yes,No,46,No,No,No,No,Month-to-month,Yes,Electronic check,80.4,3605.2,1
0,No,No,1,No,No,No,No,Month-to-month,Yes,Credit card (automatic),44.55,44.55,0
1,No,No,20,No,Yes,Yes,No,Month-to-month,Yes,Electronic check,94.1,1782.4,1
0,Yes,No,63,No,Yes,Yes,No,Month-to-month,Yes,Electronic check,102.4,6444.05,0
0,No,No,1,No internet service,No internet service,No internet service,No internet service,Month-to-month,No,Mailed check,21.1,21.1,0
1,Yes,No,62,No,Yes,No,No,Month-to-month,Yes,Bank transfer (automatic),89.8,5629.55,0
0,No,No,16,No,Yes,Yes,No,Month-to-month,Yes,Credit card (automatic),93.2,1573.7,1
0,Yes,Yes,35,No internet service,No internet service,No internet service,No internet service,Two year,No,Bank transfer (automatic),25.45,809.25,0
0,No,No,2,No,No,No,No,Month-to-month,Yes,Electronic check,80.65,144.15,1
0,Yes,No,27,Yes,No,No,Yes,One year,Yes,Credit card (automatic),101.9,2681.15,0
0,No,No,42,Yes,Yes,Yes,Yes,One year,No,Credit card (automatic),73.9,3160.55,1
0,No,No,42,No internet service,No internet service,No internet service,No internet service,One year,Yes,Mailed check,20.65,958.1,0
1,No,No,5,No,No,No,No,Month-to-month,Yes,Electronic check,91.4,449.75,1
0,Yes,No,1,No internet service,No internet service,No internet service,No internet service,Month-to-month,Yes,Bank transfer (automatic),20.3,20.3,0
0,No,No,5,No,No,No,Yes,Month-to-month,Yes,Mailed check,75.65,399.45,0
0,No,No,39,No,Yes,No,No,One year,Yes,Credit card (automatic),58.6,2224.5,0
1,No,No,5,No,No,No,No,Month-to-month,Yes,Mailed check,71.45,371.6,0
1,No,No,2,No,No,No,No,Month-to-month,Yes,Electronic check,69.6,131.65,1
0,No,No,2,No,No,Yes,No,Month-to-month,Yes,Electronic check,91.4,193.6,1
0,No,No,1,No,No,No,No,Month-to-month,No,Credit card (automatic),43.95,43.95,0
0,Yes,No,71,No,Yes,Yes,No,One year,Yes,Bank transfer (automatic),105.7,7472.15,0
0,Yes,No,49,No,Yes,No,No,Month-to-month,Yes,Credit card (automatic),85.3,4297.95,0
1,Yes,No,71,No internet service,No internet service,No internet service,No internet service,Two year,No,Credit card (automatic),25.45,1789.65,0
0,Yes,Yes,67,Yes,No,Yes,Yes,One year,Yes,Electronic check,109.4,7281.6,0
0,Yes,No,72,Yes,Yes,Yes,Yes,Two year,No,Bank transfer (automatic),65.5,4919.7,0
1,No,No,1,No,No,Yes,No,Month-to-month,Yes,Electronic check,88.8,88.8,1
0,No,No,5,No,Yes,Yes,No,Month-to-month,No,Electronic check,105.3,550.6,0
0,Yes,No,40,No,Yes,Yes,No,One year,No,Electronic check,80.8,3132.75,0
1,No,No,25,No,Yes,Yes,No,Month-to-month,No,Mailed check,105.95,2655.25,1
1,Yes,No,11,No,No,No,Yes,Month-to-month,Yes,Electronic check,82.9,880.05,0
1,Yes,No,70,No,No,No,No,Two year,Yes,Credit card (automatic),75.65,5411.4,0
0,Yes,Yes,8,No internet service,No internet service,No internet service,No internet service,Two year,No,Credit card (automatic),19.6,125.0,0
0,No,No,15,No internet service,No internet service,No internet service,No internet service,Month-to-month,No,Mailed check,19.6,299.4,0
0,Yes,Yes,49,No,Yes,No,No,One year,Yes,Bank transfer (automatic),51.8,2541.25,1
0,No,No,11,No,No,Yes,No,Month-to-month,Yes,Electronic check,69.35,712.25,0
0,Yes,No,15,Yes,No,Yes,No,Month-to-month,No,Electronic check,101.75,1669.4,0
0,Yes,Yes,1,No internet service,No internet service,No internet service,No internet service,Month-to-month,No,Electronic check,19.25,19.25,0
0,Yes,Yes,58,No internet service,No internet service,No internet service,No internet service,Two year,No,Credit card (automatic),25.15,1509.9,0
0,Yes,Yes,2,No,No,No,No,Month-to-month,Yes,Bank transfer (automatic),89.55,185.55,1
0,No,No,4,No internet service,No internet service,No internet service,No internet service,Month-to-month,No,Mailed check,20.35,77.5,1
0,Yes,Yes,38,No internet service,No internet service,No internet service,No internet service,Month-to-month,No,Mailed check,20.45,781.25,0
0,Yes,Yes,18,No,No,No,Yes,Month-to-month,Yes,Electronic check,85.6,1601.5,0
0,Yes,Yes,3,No internet service,No internet service,No internet service,No internet service,Two year,No,Mailed check,19.1,52.0,0
0,Yes,Yes,2,Yes,Yes,No,Yes,Two year,No,Mailed check,59.5,130.5,0
0,No,No,1,No,No,No,No,Month-to-month,Yes,Electronic check,93.85,93.85,1
0,No,No,15,No,Yes,No,Yes,Month-to-month,Yes,Credit card (automatic),58.6,939.7,1
0,Yes,No,4,No,No,No,No,Month-to-month,Yes,Electronic check,25.15,99.95,0
0,No,No,1,No,No,No,Yes,Month-to-month,No,Electronic check,74.0,74.0,0
0,No,No,10,Yes,No,No,No,Month-to-month,Yes,Electronic check,98.7,973.25,1
1,No,No,15,No,No,No,No,Month-to-month,Yes,Mailed check,74.45,1145.7,1
0,No,No,66,Yes,Yes,Yes,Yes,Two year,Yes,Mailed check,47.4,3177.25,0
1,Yes,No,52,No,Yes,Yes,No,One year,Yes,Bank transfer (automatic),105.1,5376.4,0
0,Yes,No,68,Yes,Yes,Yes,No,Two year,No,Bank transfer (automatic),70.95,4741.45,0
1,Yes,Yes,41,No,Yes,Yes,Yes,One year,Yes,Electronic check,111.95,4534.9,1
0,No,Yes,16,Yes,Yes,No,No,Month-to-month,Yes,Electronic check,69.1,1083.7,0
0,Yes,Yes,28,No,No,No,Yes,One year,Yes,Electronic check,90.45,2509.25,0
0,No,No,7,No,Yes,No,No,Month-to-month,Yes,Electronic check,94.25,669.0,1
1,No,No,55,Yes,No,No,No,Month-to-month,Yes,Electronic check,98.8,5617.75,1
0,No,No,67,Yes,Yes,No,Yes,One year,No,Credit card (automatic),60.5,3870.0,0
0,No,No,41,No,Yes,No,No,One year,Yes,Credit card (automatic),56.3,2364.0,0
0,No,No,45,Yes,Yes,Yes,Yes,Month-to-month,Yes,Electronic check,115.65,5125.5,0
1,No,No,23,No,Yes,Yes,No,Month-to-month,Yes,Electronic check,106.4,2483.5,1
0,No,No,1,No,No,No,Yes,Month-to-month,Yes,Mailed check,74.3,74.3,0
0,Yes,No,42,No internet service,No internet service,No internet service,No internet service,Two year,No,Electronic check,20.25,835.5,0
0,Yes,Yes,17,No,No,No,No,Month-to-month,Yes,Electronic check,92.55,1515.1,1
0,No,No,4,No,Yes,No,No,Month-to-month,Yes,Electronic check,88.95,355.2,1
0,No,No,1,No internet service,No internet service,No internet service,No internet service,Month-to-month,No,Mailed check,20.9,20.9,1
1,Yes,No,22,No internet service,No internet service,No internet service,No internet service,One year,No,Bank transfer (automatic),25.6,548.8,0
0,No,No,39,No,Yes,Yes,Yes,Month-to-month,No,Bank transfer (automatic),41.1,1597.05,0
0,Yes,No,56,No,No,Yes,Yes,Month-to-month,Yes,Electronic check,98.7,5669.5,0
0,Yes,No,42,No,Yes,Yes,Yes,Month-to-month,Yes,Electronic check,99.45,4138.05,1
0,Yes,Yes,16,No,Yes,No,No,Month-to-month,Yes,Credit card (automatic),79.95,1267.95,0
1,No,No,1,No,No,No,No,Month-to-month,Yes,Electronic check,69.25,69.25,1
0,Yes,Yes,58,No,Yes,No,No,Month-to-month,Yes,Bank transfer (automatic),66.8,3970.4,0
0,No,No,28,No,Yes,No,Yes,Month-to-month,No,Bank transfer (automatic),54.65,1517.5,0
0,Yes,Yes,69,No,Yes,Yes,No,Two year,Yes,Credit card (automatic),54.95,3772.5,0
0,No,No,13,No,Yes,No,No,Month-to-month,Yes,Electronic check,31.05,347.25,1
0,Yes,Yes,1,No,No,No,No,Month-to-month,No,Mailed check,89.15,89.15,1
0,Yes,Yes,61,No,No,Yes,Yes,Two year,Yes,Bank transfer (automatic),73.8,4616.05,0
0,Yes,Yes,72,Yes,Yes,Yes,Yes,Two year,No,Credit card (automatic),72.1,5016.65,0
0,Yes,No,3,No,No,Yes,Yes,Month-to-month,Yes,Mailed check,55.8,154.55,0
0,No,No,6,No,No,No,No,Month-to-month,No,Electronic check,89.3,577.6,1
0,No,Yes,23,No internet service,No internet service,No internet service,No internet service,One year,No,Mailed check,19.8,465.45,0
0,No,No,8,No internet service,No internet service,No internet service,No internet service,Month-to-month,Yes,Credit card (automatic),20.45,162.3,0
1,Yes,Yes,38,No,Yes,No,No,Month-to-month,No,Electronic check,101.15,3741.85,0
0,No,No,2,No,No,No,No,Month-to-month,Yes,Mailed check,45.85,105.6,0
0,No,No,8,No,No,No,No,Month-to-month,No,Bank transfer (automatic),95.65,778.1,1
0,Yes,No,34,No,No,Yes,No,Month-to-month,Yes,Electronic check,100.45,3414.65,0
0,Yes,No,34,No,Yes,No,No,Month-to-month,No,Mailed check,88.85,3000.25,0
0,No,No,60,Yes,No,Yes,Yes,Month-to-month,Yes,Bank transfer (automatic),104.95,6236.75,0
0,No,Yes,66,No,Yes,Yes,Yes,Two year,Yes,Credit card (automatic),79.5,5196.1,0
1,No,No,15,No,Yes,No,No,Month-to-month,No,Credit card (automatic),89.0,1288.3,0
0,No,No,13,No,No,No,No,Month-to-month,Yes,Mailed check,70.15,886.7,0
0,No,No,7,No,No,No,No,One year,Yes,Credit card (automatic),24.35,150.85,0
0,Yes,No,67,Yes,Yes,Yes,Yes,Two year,Yes,Electronic check,111.05,7321.05,0
0,Yes,Yes,52,No internet service,No internet service,No internet service,No internet service,Two year,No,Mailed check,24.55,1331.05,0
0,No,No,65,No internet service,No internet service,No internet service,No internet service,Two year,Yes,Bank transfer (automatic),25.1,1725.0,0
0,Yes,Yes,66,No,Yes,Yes,No,Two year,Yes,Credit card (automatic),56.75,3708.4,0
0,No,No,57,No,No,No,Yes,Two year,Yes,Credit card (automatic),90.45,5229.8,0
1,Yes,No,26,No,No,Yes,No,Month-to-month,Yes,Bank transfer (automatic),98.1,2510.7,0
0,No,No,1,No,No,Yes,No,Month-to-month,Yes,Electronic check,74.9,74.9,1
0,No,Yes,2,Yes,No,No,No,Month-to-month,Yes,Credit card (automatic),61.2,125.95,0
1,No,No,27,Yes,Yes,Yes,No,One year,Yes,Bank transfer (automatic),110.5,2857.6,0
0,No,No,22,No,No,No,No,Month-to-month,Yes,Mailed check,69.7,1490.4,0
0,Yes,Yes,9,No,No,Yes,No,Month-to-month,Yes,Bank transfer (automatic),79.35,661.25,1
0,Yes,No,42,No,No,No,No,Month-to-month,Yes,Electronic check,50.25,2203.65,1
0,Yes,Yes,32,No,No,Yes,No,Month-to-month,No,Credit card (automatic),50.6,1653.45,0
0,Yes,Yes,19,No internet service,No internet service,No internet service,No internet service,Month-to-month,No,Mailed check,20.2,382.2,0
0,No,No,16,No,No,Yes,No,Month-to-month,Yes,Credit card (automatic),65.2,1043.35,1
0,No,No,4,No,No,No,No,Month-to-month,Yes,Electronic check,24.45,86.6,1
0,No,No,17,No internet service,No internet service,No internet service,No internet service,One year,No,Bank transfer (automatic),19.9,323.15,0
0,Yes,No,55,No,No,Yes,No,Month-to-month,Yes,Electronic check,77.75,4458.15,1
0,No,No,38,Yes,Yes,No,No,One year,Yes,Electronic check,104.85,3887.25,0
1,No,No,2,No,No,Yes,No,Month-to-month,Yes,Electronic check,88.55,179.25,1
0,Yes,No,27,No,No,No,No,Month-to-month,No,Credit card (automatic),95.0,2462.55,0
0,Yes,No,50,No internet service,No internet service,No internet service,No internet service,Two year,No,Mailed check,20.55,1067.65,0
0,Yes,Yes,59,Yes,Yes,No,Yes,Two year,Yes,Mailed check,111.1,6555.2,0
0,Yes,Yes,52,No,Yes,Yes,No,One year,Yes,Credit card (automatic),95.7,4976.15,0
0,Yes,Yes,1,No internet service,No internet service,No internet service,No internet service,One year,No,Credit card (automatic),19.85,19.85,0
0,No,Yes,1,No internet service,No internet service,No internet service,No internet service,Month-to-month,Yes,Mailed check,19.45,19.45,1
0,No,No,29,No,No,No,No,One year,Yes,Mailed check,24.85,788.05,0
0,No,No,26,No,No,No,No,Month-to-month,Yes,Electronic check,83.95,2254.2,1
0,No,No,63,No,Yes,No,No,One year,No,Credit card (automatic),90.45,5825.5,0
0,No,No,44,No,Yes,Yes,No,Month-to-month,Yes,Credit card (automatic),88.15,3973.2,0
0,No,No,10,No,No,Yes,No,Month-to-month,Yes,Electronic check,100.6,1060.2,1
0,Yes,Yes,23,No internet service,No internet service,No internet service,No internet service,One year,No,Mailed check,20.05,415.1,0
0,No,No,1,No,No,No,No,Month-to-month,No,Credit card (automatic),46.2,46.2,1
0,No,Yes,54,No,Yes,Yes,Yes,One year,Yes,Electronic check,61.0,3283.05,0
0,No,No,16,No,Yes,No,No,Month-to-month,Yes,Mailed check,80.55,1248.9,0
0,No,No,1,No,No,Yes,No,Month-to-month,No,Mailed check,50.9,50.9,1
0,Yes,Yes,15,No,Yes,Yes,Yes,Month-to-month,Yes,Mailed check,69.5,1071.4,0
1,Yes,No,1,Yes,No,No,No,Month-to-month,Yes,Electronic check,49.55,49.55,1
0,Yes,Yes,53,No,Yes,Yes,No,One year,Yes,Electronic check,105.25,5576.3,0
0,No,No,18,Yes,No,Yes,No,Month-to-month,Yes,Mailed check,60.6,1156.35,0
0,Yes,No,51,Yes,Yes,Yes,Yes,Two year,Yes,Credit card (automatic),83.25,4089.45,0
0,No,Yes,15,No,Yes,No,No,Month-to-month,Yes,Electronic check,91.0,1430.05,0
0,Yes,No,24,Yes,No,No,Yes,One year,Yes,Electronic check,58.35,1346.9,0
0,Yes,Yes,71,Yes,Yes,Yes,No,Two year,No,Bank transfer (automatic),100.5,7030.65,0
1,Yes,No,27,Yes,No,No,Yes,Month-to-month,Yes,Bank transfer (automatic),104.3,2867.75,1
0,Yes,No,22,Yes,No,No,Yes,Month-to-month,Yes,Electronic check,54.2,1152.7,1
1,No,No,17,No,No,Yes,No,Month-to-month,Yes,Credit card (automatic),82.65,1470.05,0
0,Yes,Yes,35,No,No,No,Yes,One year,No,Mailed check,40.9,1383.6,0
0,No,No,29,No,No,No,No,Month-to-month,Yes,Electronic check,78.9,2384.15,1
0,No,No,26,No internet service,No internet service,No internet service,No internet service,Month-to-month,Yes,Electronic check,20.3,511.25,0
0,Yes,Yes,32,Yes,Yes,Yes,Yes,Month-to-month,No,Bank transfer (automatic),76.3,2404.15,0
0,Yes,Yes,22,No,No,No,Yes,Month-to-month,Yes,Electronic check,51.1,1232.9,0
0,No,Yes,4,No,Yes,No,No,Month-to-month,Yes,Electronic check,101.7,364.55,1
0,No,No,6,No,No,No,No,Month-to-month,Yes,Electronic check,89.5,573.3,1
0,No,No,31,No internet service,No internet service,No internet service,No internet service,Two year,No,Credit card (automatic),20.9,689.35,0
0,Yes,No,64,Yes,Yes,Yes,No,One year,No,Bank transfer (automatic),89.45,5692.65,0
0,No,No,1,No,Yes,No,No,Month-to-month,Yes,Electronic check,74.35,74.35,1
0,Yes,Yes,61,Yes,No,Yes,No,Month-to-month,No,Bank transfer (automatic),33.6,2117.2,0
0,No,No,6,No,No,No,Yes,One year,Yes,Mailed check,49.25,255.6,0
0,Yes,Yes,50,No,Yes,Yes,Yes,One year,Yes,Bank transfer (automatic),103.4,5236.4,0
0,No,No,9,No,No,No,Yes,Month-to-month,Yes,Bank transfer (automatic),59.5,530.05,0
0,No,No,11,No internet service,No internet service,No internet service,No internet service,Two year,No,Credit card (automatic),19.55,223.15,0
1,Yes,No,27,No,No,No,No,Month-to-month,No,Bank transfer (automatic),36.5,1032.0,1
0,No,No,43,No,Yes,No,No,Two year,Yes,Electronic check,60.0,2548.55,0
0,Yes,Yes,47,No,Yes,No,No,Month-to-month,No,Electronic check,87.2,4017.45,0
0,Yes,Yes,3,No,No,Yes,No,Month-to-month,Yes,Electronic check,50.15,168.15,1
0,No,No,65,No,Yes,No,Yes,One year,Yes,Bank transfer (automatic),105.05,6744.25,0
0,No,No,19,No,No,No,No,Month-to-month,Yes,Bank transfer (automatic),25.15,468.35,0
0,No,Yes,43,No internet service,No internet service,No internet service,No internet service,Two year,Yes,Electronic check,25.1,1070.15,0
1,No,No,66,No,Yes,Yes,No,One year,No,Bank transfer (automatic),108.1,7238.6,0
0,No,No,60,No,No,Yes,Yes,One year,No,Credit card (automatic),80.55,4847.05,0
1,No,No,8,No,No,Yes,No,Month-to-month,No,Electronic check,101.35,780.5,1
0,No,No,55,Yes,Yes,No,No,One year,Yes,Mailed check,100.9,5552.05,0
1,Yes,No,35,Yes,Yes,No,No,Month-to-month,Yes,Electronic check,94.55,3365.4,0
1,Yes,Yes,40,No,No,No,No,Month-to-month,Yes,Credit card (automatic),94.55,3640.45,1
0,Yes,No,3,No,No,No,No,Month-to-month,Yes,Credit card (automatic),75.15,216.75,1
0,Yes,Yes,70,No,Yes,No,No,Two year,No,Bank transfer (automatic),98.3,6859.5,1
0,No,No,1,No internet service,No internet service,No internet service,No internet service,Month-to-month,No,Electronic check,20.65,20.65,0
0,No,No,13,No,No,No,No,Month-to-month,Yes,Electronic check,91.1,1135.7,1
0,No,Yes,45,No,No,Yes,No,Two year,No,Bank transfer (automatic),99.7,4634.35,0
0,No,No,3,No internet service,No internet service,No internet service,No internet service,Month-to-month,No,Mailed check,19.85,63.75,1
0,No,No,68,Yes,Yes,Yes,No,One year,Yes,Credit card (automatic),76.9,5023.0,0
0,No,No,4,No,No,No,No,Month-to-month,Yes,Electronic check,45.9,199.75,0
1,Yes,No,50,No,No,No,Yes,One year,Yes,Electronic check,100.65,5189.75,0
0,Yes,No,10,Yes,No,No,No,Month-to-month,Yes,Credit card (automatic),78.15,765.15,0
0,No,No,7,No,No,No,No,Month-to-month,Yes,Electronic check,75.35,564.65,0
0,No,No,52,Yes,No,Yes,Yes,Two year,Yes,Electronic check,109.3,5731.4,0
0,No,No,5,No internet service,No internet service,No internet service,No internet service,Month-to-month,Yes,Mailed check,19.25,86.05,0
0,Yes,No,2,No,No,No,Yes,Month-to-month,Yes,Electronic check,94.2,167.5,1
0,No,No,1,No,No,Yes,No,Month-to-month,No,Electronic check,54.35,54.35,1
0,No,No,31,Yes,Yes,No,Yes,Two year,Yes,Bank transfer (automatic),49.85,1520.1,0
1,Yes,No,18,No,No,No,Yes,Month-to-month,No,Bank transfer (automatic),99.75,1836.25,1
0,Yes,No,34,No,No,No,Yes,Month-to-month,No,Bank transfer (automatic),50.2,1815.3,0
0,Yes,No,66,Yes,Yes,Yes,Yes,Two year,Yes,Bank transfer (automatic),56.6,3789.2,0
0,Yes,No,20,No,No,Yes,Yes,Month-to-month,Yes,Mailed check,81.0,1683.7,0
1,Yes,No,1,No,No,No,No,Month-to-month,Yes,Electronic check,86.05,86.05,1
0,Yes,No,8,No,Yes,Yes,No,Month-to-month,No,Electronic check,101.15,842.9,1
0,Yes,Yes,30,No,No,No,No,Month-to-month,No,Electronic check,85.45,2509.95,0
1,No,No,2,No,No,Yes,No,Month-to-month,No,Mailed check,49.95,107.1,0
0,No,No,10,Yes,Yes,Yes,No,Month-to-month,No,Bank transfer (automatic),40.7,449.3,0
1,No,No,8,No,Yes,Yes,No,Month-to-month,Yes,Electronic check,105.5,829.55,1
0,Yes,Yes,67,No internet service,No internet service,No internet service,No internet service,Two year,Yes,Mailed check,20.8,1411.9,0
1,Yes,No,72,Yes,No,Yes,Yes,Two year,Yes,Mailed check,109.75,8075.35,0
1,No,No,66,Yes,Yes,No,Yes,One year,Yes,Credit card (automatic),63.85,4174.35,0
0,No,No,1,Yes,Yes,No,No,Month-to-month,No,Electronic check,61.15,61.15,0
0,No,No,61,Yes,Yes,Yes,Yes,One year,Yes,Electronic check,118.6,7365.7,0
0,No,No,67,Yes,No,Yes,No,Two year,No,Bank transfer (automatic),65.55,4361.55,0
0,Yes,No,37,Yes,No,No,Yes,Two year,No,Electronic check,45.4,1593.1,0
0,No,Yes,53,Yes,Yes,Yes,No,One year,No,Electronic check,95.95,5036.9,0
0,Yes,Yes,43,Yes,No,No,Yes,One year,Yes,Credit card (automatic),71.9,3173.35,0
0,No,No,3,No internet service,No internet service,No internet service,No internet service,Month-to-month,No,Mailed check,18.8,56.0,0
0,No,No,63,No,Yes,Yes,No,Two year,Yes,Bank transfer (automatic),104.75,6536.5,0
0,Yes,No,11,No,No,No,No,Month-to-month,Yes,Electronic check,44.05,483.7,1
0,Yes,Yes,28,Yes,No,No,No,One year,Yes,Bank transfer (automatic),82.85,2320.8,0
0,No,No,5,No,No,No,No,Month-to-month,Yes,Electronic check,80.0,412.5,1
1,No,No,30,No,Yes,Yes,No,Month-to-month,Yes,Electronic check,104.1,3121.1,0
0,No,No,2,No,No,Yes,No,Month-to-month,Yes,Electronic check,85.85,167.3,1
1,Yes,No,72,Yes,Yes,Yes,Yes,Two year,Yes,Credit card (automatic),64.95,4546.0,0
0,No,No,3,No internet service,No internet service,No internet service,No internet service,Month-to-month,No,Mailed check,20.0,63.6,0
1,Yes,No,5,No,No,No,No,Month-to-month,Yes,Electronic check,74.35,334.8,1
0,Yes,No,71,No,Yes,Yes,Yes,Two year,Yes,Electronic check,105.25,7291.75,0
0,No,No,72,Yes,Yes,Yes,Yes,Two year,Yes,Bank transfer (automatic),65.55,4807.45,0
0,Yes,Yes,68,Yes,Yes,Yes,Yes,Two year,Yes,Credit card (automatic),88.85,6132.7,0
0,Yes,No,58,No,Yes,No,Yes,Two year,Yes,Credit card (automatic),59.9,3505.1,0
1,No,No,1,No,No,No,No,Month-to-month,Yes,Electronic check,91.3,91.3,1
0,Yes,No,67,Yes,Yes,Yes,Yes,Two year,No,Credit card (automatic),70.9,4677.1,0
1,No,No,16,No,No,No,No,Month-to-month,Yes,Electronic check,86.6,1281.0,1
1,Yes,No,64,Yes,No,Yes,No,One year,No,Credit card (automatic),80.3,5017.7,0
0,No,No,60,Yes,Yes,Yes,No,Two year,No,Electronic check,61.4,3638.25,0
0,No,Yes,52,No internet service,No internet service,No internet service,No internet service,One year,No,Credit card (automatic),19.65,928.4,0
0,Yes,Yes,46,No internet service,No internet service,No internet service,No internet service,One year,Yes,Bank transfer (automatic),20.2,845.6,0
1,Yes,No,67,Yes,Yes,No,Yes,One year,Yes,Bank transfer (automatic),60.95,4119.4,0
0,Yes,No,22,Yes,Yes,No,Yes,Month-to-month,Yes,Electronic check,104.6,2180.55,0
1,No,No,24,No,No,No,No,Month-to-month,No,Credit card (automatic),70.0,1732.6,0
1,Yes,No,11,No internet service,No internet service,No internet service,No internet service,Month-to-month,No,Mailed check,19.95,214.75,1
1,Yes,No,66,No,Yes,Yes,No,One year,Yes,Bank transfer (automatic),70.85,4738.85,0
0,Yes,Yes,8,No,Yes,No,No,Month-to-month,Yes,Electronic check,83.55,680.05,1
0,Yes,No,71,No,Yes,Yes,Yes,Two year,Yes,Credit card (automatic),80.7,5705.05,0
0,Yes,No,31,No,No,No,No,Month-to-month,Yes,Credit card (automatic),59.05,1882.8,0
0,Yes,No,26,Yes,Yes,Yes,No,One year,No,Bank transfer (automatic),47.85,1190.5,0
0,Yes,Yes,49,Yes,No,No,Yes,One year,Yes,Credit card (automatic),35.8,1782.0,0
0,No,No,1,No,No,No,No,Month-to-month,No,Mailed check,69.4,69.4,1
0,No,No,38,Yes,Yes,Yes,No,One year,No,Bank transfer (automatic),84.1,3187.65,0
0,Yes,Yes,62,No internet service,No internet service,No internet service,No internet service,Two year,No,Credit card (automatic),20.05,1263.9,0
0,No,Yes,15,Yes,No,Yes,No,One year,No,Mailed check,64.85,950.75,0
0,Yes,No,32,Yes,No,No,Yes,One year,Yes,Credit card (automatic),72.8,2333.05,0
0,Yes,Yes,13,No internet service,No internet service,No internet service,No internet service,Month-to-month,No,Mailed check,18.8,251.25,0
0,No,No,22,Yes,Yes,No,No,Month-to-month,No,Electronic check,59.0,1254.7,1
0,No,No,11,No internet service,No internet service,No internet service,No internet service,Month-to-month,No,Credit card (automatic),23.15,245.2,1
0,Yes,Yes,1,No,No,No,No,Month-to-month,Yes,Mailed check,69.1,69.1,1
0,Yes,Yes,69,Yes,No,Yes,No,One year,No,Bank transfer (automatic),84.45,5848.6,0
0,Yes,Yes,32,Yes,Yes,No,No,Month-to-month,Yes,Electronic check,35.15,1051.05,0
0,Yes,No,36,No,No,No,No,Month-to-month,Yes,Electronic check,95.4,3474.2,0
0,No,No,44,Yes,No,Yes,No,One year,Yes,Electronic check,54.0,2440.25,0
0,Yes,No,37,No,No,Yes,No,Month-to-month,Yes,Credit card (automatic),78.95,2839.65,1
0,Yes,Yes,24,Yes,No,No,Yes,Month-to-month,No,Bank transfer (automatic),81.0,1923.85,0
0,Yes,Yes,62,Yes,No,Yes,Yes,One year,No,Credit card (automatic),71.4,4487.3,0
0,No,No,1,No,No,Yes,Yes,One year,No,Credit card (automatic),74.1,74.1,0
0,Yes,Yes,69,No internet service,No internet service,No internet service,No internet service,Two year,No,Bank transfer (automatic),19.7,1396.9,0
1,No,No,1,No,Yes,No,No,Month-to-month,Yes,Electronic check,73.0,73.0,1
0,No,No,14,No,No,Yes,No,Month-to-month,No,Electronic check,76.45,1117.55,0
1,Yes,No,58,No,Yes,No,No,Month-to-month,Yes,Electronic check,98.9,5780.7,0
0,No,Yes,38,No,Yes,No,No,Month-to-month,Yes,Mailed check,81.85,3141.7,0
0,Yes,No,57,Yes,No,No,Yes,Month-to-month,No,Electronic check,55.7,3171.6,0
0,No,No,6,No internet service,No internet service,No internet service,No internet service,Month-to-month,No,Mailed check,18.95,110.15,0
0,Yes,Yes,14,No internet service,No internet service,No internet service,No internet service,Month-to-month,No,Mailed check,25.55,372.45,0
1,Yes,No,43,No,No,Yes,Yes,One year,Yes,Electronic check,107.55,4533.9,1
0,No,No,62,Yes,Yes,Yes,No,One year,Yes,Electronic check,92.05,5755.8,0
0,No,Yes,67,No,Yes,No,Yes,One year,Yes,Bank transfer (automatic),106.6,7244.7,0
0,Yes,Yes,51,No,Yes,No,Yes,One year,No,Bank transfer (automatic),84.2,4299.75,0
0,Yes,Yes,72,No internet service,No internet service,No internet service,No internet service,Two year,No,Electronic check,20.55,1432.55,0
0,No,No,24,Yes,No,No,No,Month-to-month,Yes,Bank transfer (automatic),49.55,1210.4,1
0,Yes,Yes,9,Yes,Yes,Yes,Yes,Month-to-month,No,Mailed check,65.0,663.05,1
0,Yes,No,55,No,Yes,No,No,Month-to-month,Yes,Credit card (automatic),77.75,4266.4,0
0,No,No,26,No internet service,No internet service,No internet service,No internet service,One year,Yes,Credit card (automatic),20.65,595.5,0
1,No,No,65,Yes,No,Yes,Yes,Two year,Yes,Electronic check,110.35,7246.15,0
1,Yes,No,30,No,No,Yes,No,Two year,No,Electronic check,74.85,2181.75,0
0,No,No,30,No,Yes,No,No,One year,Yes,Bank transfer (automatic),97.0,3021.3,0
0,Yes,No,12,Yes,No,Yes,No,One year,No,Electronic check,78.85,876.75,0
0,Yes,Yes,17,Yes,Yes,No,No,Month-to-month,No,Mailed check,74.55,1215.8,0
1,Yes,No,71,Yes,Yes,Yes,Yes,One year,Yes,Electronic check,92.0,6585.2,0
0,Yes,No,16,No,No,No,No,Month-to-month,Yes,Electronic check,84.95,1378.25,1
0,No,No,1,No,No,No,No,Month-to-month,Yes,Electronic check,79.65,79.65,1
0,Yes,No,15,No internet service,No internet service,No internet service,No internet service,Month-to-month,No,Credit card (automatic),20.45,330.8,0
1,Yes,No,63,Yes,Yes,Yes,Yes,One year,Yes,Bank transfer (automatic),84.0,5329.55,0
0,No,No,35,No,No,Yes,Yes,One year,Yes,Electronic check,99.25,3532.0,0
0,Yes,Yes,72,No internet service,No internet service,No internet service,No internet service,Two year,Yes,Credit card (automatic),19.8,1414.65,0
0,Yes,Yes,9,No,Yes,No,Yes,Month-to-month,Yes,Electronic check,101.5,906.85,0
0,Yes,No,66,Yes,Yes,No,Yes,One year,No,Electronic check,89.0,5898.6,0
0,No,No,4,No,No,No,No,Month-to-month,Yes,Electronic check,85.65,338.9,1
0,Yes,Yes,70,Yes,Yes,Yes,Yes,Two year,Yes,Bank transfer (automatic),79.25,5731.85,0
1,No,No,9,Yes,No,No,No,Month-to-month,No,Electronic check,54.55,494.05,1
0,Yes,Yes,72,Yes,Yes,Yes,Yes,Two year,No,Credit card (automatic),106.1,7657.4,0
0,Yes,Yes,50,No,Yes,No,Yes,Month-to-month,No,Electronic check,103.7,5071.05,1
0,Yes,No,51,Yes,Yes,No,No,One year,Yes,Credit card (automatic),96.4,4911.05,0
1,Yes,Yes,64,No internet service,No internet service,No internet service,No internet service,Two year,Yes,Bank transfer (automatic),24.4,1548.65,0
0,No,No,8,No,No,No,No,Month-to-month,Yes,Electronic check,86.55,649.65,1
1,No,No,26,Yes,No,No,No,Month-to-month,Yes,Credit card (automatic),85.8,2193.65,0
0,No,Yes,1,No internet service,No internet service,No internet service,No internet service,Month-to-month,Yes,Mailed check,21.05,21.05,0
0,Yes,Yes,6,No internet service,No internet service,No internet service,No internet service,Month-to-month,No,Mailed check,19.55,122.9,0
0,No,No,12,Yes,Yes,No,Yes,Month-to-month,Yes,Bank transfer (automatic),50.95,605.75,0
0,Yes,No,71,No internet service,No internet service,No internet service,No internet service,Two year,No,Credit card (automatic),19.85,1379.6,0
0,Yes,Yes,7,Yes,Yes,Yes,No,Month-to-month,No,Mailed check,58.85,465.7,0
1,Yes,No,17,No,No,No,No,Month-to-month,Yes,Electronic check,94.8,1563.9,0
0,No,No,8,No,Yes,No,No,Month-to-month,No,Electronic check,75.6,535.55,0
0,Yes,No,71,Yes,Yes,Yes,Yes,Two year,No,Bank transfer (automatic),87.95,6365.35,0
0,Yes,No,36,Yes,No,Yes,No,One year,No,Mailed check,35.35,1317.95,0
0,No,No,1,No internet service,No internet service,No internet service,No internet service,Month-to-month,No,Mailed check,20.05,20.05,0
0,Yes,Yes,23,No internet service,No internet service,No internet service,No internet service,Two year,No,Mailed check,25.1,611.45,0
0,No,No,15,No internet service,No internet service,No internet service,No internet service,Month-to-month,Yes,Electronic check,26.35,378.6,0
1,Yes,No,48,Yes,Yes,Yes,Yes,Month-to-month,No,Electronic check,117.45,5438.9,1
1,Yes,No,71,Yes,Yes,Yes,Yes,Two year,Yes,Credit card (automatic),96.35,6766.95,0
0,No,No,2,No,No,No,No,Month-to-month,No,Electronic check,68.95,119.75,1
0,No,No,1,No,No,No,No,Month-to-month,Yes,Electronic check,69.5,69.5,1
1,No,No,16,No,No,No,Yes,Month-to-month,Yes,Electronic check,94.45,1511.2,1
1,Yes,No,22,No,No,No,No,Month-to-month,Yes,Bank transfer (automatic),89.75,1938.9,0
0,No,No,41,No internet service,No internet service,No internet service,No internet service,Two year,No,Mailed check,20.0,810.3,0
0,Yes,No,60,Yes,Yes,No,Yes,Two year,Yes,Mailed check,61.35,3766.2,0
0,Yes,No,60,No,Yes,Yes,Yes,Month-to-month,Yes,Bank transfer (automatic),60.2,3582.4,0
0,Yes,Yes,72,No internet service,No internet service,No internet service,No internet service,Two year,No,Credit card (automatic),24.75,1859.1,0
0,Yes,No,59,Yes,Yes,No,No,Month-to-month,Yes,Electronic check,94.75,5597.65,0
0,No,No,21,No,Yes,No,Yes,Month-to-month,Yes,Bank transfer (automatic),99.15,1956.4,0
0,Yes,Yes,69,No,No,Yes,No,Two year,Yes,Credit card (automatic),79.2,5420.65,0
0,Yes,No,34,No,No,No,No,Month-to-month,Yes,Electronic check,97.65,3207.55,1
0,Yes,No,32,Yes,Yes,No,Yes,One year,No,Mailed check,70.5,2201.75,0
0,Yes,Yes,39,Yes,No,No,No,Month-to-month,No,Credit card (automatic),51.05,2066.0,0
1,No,No,32,No internet service,No internet service,No internet service,No internet service,One year,No,Credit card (automatic),19.8,587.7,0
0,Yes,No,3,No internet service,No internet service,No internet service,No internet service,Month-to-month,Yes,Credit card (automatic),20.55,51.15,1
0,No,No,1,No,No,No,No,Month-to-month,No,Mailed check,70.75,70.75,1
0,No,No,2,No,Yes,No,No,Month-to-month,Yes,Credit card (automatic),49.05,91.1,1
0,No,No,19,No,Yes,No,No,One year,No,Electronic check,58.2,1045.25,0
0,No,No,41,No internet service,No internet service,No internet service,No internet service,One year,Yes,Mailed check,19.75,806.95,0
0,Yes,No,56,Yes,Yes,Yes,No,One year,Yes,Electronic check,93.15,5253.95,0
0,No,Yes,11,No internet service,No internet service,No internet service,No internet service,Month-to-month,No,Credit card (automatic),20.1,221.35,1
0,Yes,No,42,No,Yes,Yes,No,Month-to-month,Yes,Bank transfer (automatic),95.25,3959.35,1
0,Yes,Yes,51,Yes,Yes,Yes,Yes,Two year,No,Credit card (automatic),85.5,4421.95,0
0,Yes,Yes,48,Yes,Yes,Yes,Yes,Two year,No,Credit card (automatic),111.8,5443.65,0
0,Yes,No,27,Yes,No,No,Yes,One year,No,Mailed check,80.85,2204.35,0
0,No,No,19,No internet service,No internet service,No internet service,No internet service,One year,Yes,Credit card (automatic),19.7,386.5,0
0,Yes,Yes,2,No,No,Yes,Yes,Month-to-month,No,Credit card (automatic),90.0,190.05,1
1,No,No,71,No,Yes,No,Yes,One year,No,Bank transfer (automatic),105.75,7382.85,0
0,No,No,15,No,No,No,Yes,Month-to-month,Yes,Electronic check,29.7,438.25,1
1,No,No,38,No,No,No,Yes,Month-to-month,Yes,Electronic check,99.55,3734.25,1
0,No,No,51,No,No,Yes,No,Month-to-month,No,Credit card (automatic),80.0,4242.35,1
1,Yes,No,53,No,No,No,No,One year,Yes,Credit card (automatic),95.85,5016.25,0
0,Yes,No,65,Yes,Yes,Yes,No,One year,No,Electronic check,89.75,5769.6,1
0,No,No,1,No,Yes,No,No,Month-to-month,No,Electronic check,75.8,75.8,1
0,No,No,30,Yes,Yes,Yes,Yes,One year,No,Credit card (automatic),74.65,2308.6,0
0,No,No,7,Yes,Yes,Yes,No,Month-to-month,No,Electronic check,61.4,438.9,0
0,Yes,No,25,No,Yes,No,No,Month-to-month,No,Electronic check,54.1,1373.0,0
0,Yes,No,72,Yes,Yes,No,Yes,Two year,Yes,Bank transfer (automatic),100.55,7325.1,0
0,Yes,Yes,69,Yes,No,Yes,Yes,Two year,No,Bank transfer (automatic),86.9,6194.1,0
0,Yes,Yes,55,No internet service,No internet service,No internet service,No internet service,Two year,No,Mailed check,20.3,1079.05,0
0,No,Yes,5,No internet service,No internet service,No internet service,No internet service,Month-to-month,No,Credit card (automatic),20.35,122.0,0
0,No,No,8,No,No,No,No,Month-to-month,No,Bank transfer (automatic),84.5,662.65,1
0,No,No,9,No,No,No,No,Month-to-month,Yes,Bank transfer (automatic),77.65,714.15,1
0,Yes,No,40,No,Yes,Yes,No,One year,Yes,Bank transfer (automatic),106.0,4178.65,0
0,No,No,4,No,No,No,No,Month-to-month,Yes,Electronic check,55.9,238.5,0
0,Yes,No,17,No internet service,No internet service,No internet service,No internet service,One year,No,Mailed check,19.35,307.0,0
0,Yes,Yes,70,Yes,Yes,Yes,Yes,Two year,Yes,Credit card (automatic),90.15,6237.05,0
0,No,No,35,No,No,Yes,No,Month-to-month,Yes,Electronic check,62.1,2096.1,0
0,No,No,39,No,No,No,No,Month-to-month,No,Electronic check,75.25,3017.65,1
0,Yes,No,61,Yes,No,Yes,Yes,Month-to-month,No,Bank transfer (automatic),99.4,5943.65,0
0,No,No,56,Yes,No,Yes,No,One year,No,Mailed check,52.7,3019.7,0
0,No,No,1,No internet service,No internet service,No internet service,No internet service,Month-to-month,No,Mailed check,20.25,20.25,0
1,Yes,No,50,Yes,No,Yes,No,Two year,Yes,Credit card (automatic),105.05,5163.3,0
0,Yes,No,35,No,No,No,No,Month-to-month,Yes,Electronic check,75.2,2576.2,1
0,No,No,33,No,No,No,No,Month-to-month,Yes,Electronic check,83.35,2757.85,1
0,Yes,Yes,53,Yes,Yes,No,Yes,One year,No,Bank transfer (automatic),64.15,3491.55,0
0,Yes,No,1,No,No,No,No,Month-to-month,Yes,Mailed check,55.3,55.3,0
0,Yes,No,62,No,No,Yes,No,Month-to-month,Yes,Electronic check,101.35,6164.7,0
0,Yes,Yes,72,No internet service,No internet service,No internet service,No internet service,Two year,No,Bank transfer (automatic),24.75,1769.6,0
0,No,No,16,No,No,Yes,No,Month-to-month,Yes,Electronic check,88.45,1422.1,1
0,Yes,Yes,42,Yes,No,No,No,One year,No,Electronic check,97.1,4016.75,0
0,No,No,8,No,Yes,No,No,Month-to-month,Yes,Mailed check,29.25,226.95,0
0,Yes,Yes,16,No,Yes,Yes,No,Month-to-month,Yes,Credit card (automatic),89.45,1430.25,1
0,Yes,No,26,No,Yes,No,No,Month-to-month,No,Bank transfer (automatic),79.3,2015.8,0
1,Yes,No,45,No internet service,No internet service,No internet service,No internet service,One year,No,Credit card (automatic),24.7,1174.35,0
0,No,No,20,No internet service,No internet service,No internet service,No internet service,One year,No,Mailed check,19.5,403.15,0
0,No,No,41,No,No,No,Yes,Month-to-month,Yes,Electronic check,74.25,3089.1,0
1,No,No,12,No,Yes,No,No,Month-to-month,Yes,Credit card (automatic),29.35,381.2,0
0,Yes,Yes,17,No,No,Yes,No,Month-to-month,No,Electronic check,88.25,1460.65,1
0,No,No,54,No internet service,No internet service,No internet service,No internet service,Two year,No,Mailed check,20.0,1149.65,0
0,Yes,Yes,13,No internet service,No internet service,No internet service,No internet service,Month-to-month,Yes,Mailed check,19.85,252.0,0
0,No,No,1,No,No,No,No,Month-to-month,No,Electronic check,45.3,45.3,1
0,Yes,Yes,6,No internet service,No internet service,No internet service,No internet service,Two year,Yes,Credit card (automatic),20.4,107.6,0
0,No,No,3,No,No,No,No,Month-to-month,Yes,Electronic check,60.25,170.5,0
0,Yes,Yes,53,No,Yes,No,Yes,Month-to-month,Yes,Electronic check,92.55,4779.45,0
0,No,No,72,Yes,Yes,Yes,No,Two year,Yes,Bank transfer (automatic),101.3,7261.25,0
0,No,No,39,No internet service,No internet service,No internet service,No internet service,Two year,No,Mailed check,20.15,826.0,0
0,Yes,No,9,No,No,No,No,Month-to-month,Yes,Electronic check,79.75,769.1,0
0,No,No,5,No,Yes,No,No,Month-to-month,Yes,Electronic check,96.25,512.45,1
0,Yes,Yes,70,Yes,Yes,Yes,Yes,Two year,No,Bank transfer (automatic),79.7,5743.3,0
0,Yes,No,1,No,No,No,No,Month-to-month,Yes,Electronic check,69.15,69.15,1
0,Yes,No,72,No,Yes,Yes,No,Two year,No,Bank transfer (automatic),82.15,5784.3,0
0,Yes,No,9,Yes,Yes,No,Yes,Month-to-month,Yes,Mailed check,68.95,593.85,0
0,No,No,18,No internet service,No internet service,No internet service,No internet service,Month-to-month,Yes,Mailed check,19.55,389.25,0
1,No,No,13,No,Yes,No,No,Month-to-month,Yes,Electronic check,59.9,788.35,0
0,No,No,6,No,No,No,No,Month-to-month,No,Electronic check,44.75,270.95,1
0,No,No,70,Yes,Yes,Yes,Yes,Two year,Yes,Bank transfer (automatic),44.6,3058.15,0
0,No,No,4,No,No,No,No,Month-to-month,No,Electronic check,75.35,338.1,1
0,No,No,16,No internet service,No internet service,No internet service,No internet service,Month-to-month,Yes,Mailed check,19.7,342.4,1
0,No,No,11,No,Yes,No,No,One year,Yes,Electronic check,61.25,729.95,0
0,Yes,No,1,No,Yes,No,No,Month-to-month,Yes,Electronic check,29.85,29.85,0
0,No,No,1,No,No,No,No,Month-to-month,Yes,Bank transfer (automatic),35.25,35.25,1
0,No,No,63,Yes,Yes,Yes,Yes,Two year,Yes,Bank transfer (automatic),86.7,5309.5,0
0,No,No,11,No,Yes,No,No,Month-to-month,Yes,Mailed check,75.9,866.4,0
0,No,No,72,No,Yes,Yes,Yes,Two year,Yes,Credit card (automatic),108.05,7806.6,0
0,No,No,29,Yes,Yes,No,Yes,One year,Yes,Electronic check,58.75,1696.2,0
0,No,Yes,1,No,No,No,No,Month-to-month,No,Electronic check,78.65,78.65,1
0,No,No,35,Yes,No,Yes,No,Month-to-month,Yes,Electronic check,59.6,2094.9,0
0,No,No,5,No internet service,No internet service,No internet service,No internet service,Month-to-month,No,Mailed check,25.45,134.75,0
1,Yes,No,15,Yes,No,Yes,No,Month-to-month,Yes,Electronic check,96.5,1392.25,0
0,Yes,Yes,45,Yes,Yes,Yes,Yes,Two year,Yes,Mailed check,84.35,3858.05,0
0,Yes,No,4,No internet service,No internet service,No internet service,No internet service,One year,No,Bank transfer (automatic),20.5,79.05,0
1,No,No,72,No internet service,No internet service,No internet service,No internet service,Two year,No,Bank transfer (automatic),25.4,1809.35,0
0,Yes,Yes,3,No internet service,No internet service,No internet service,No internet service,Month-to-month,No,Mailed check,19.65,60.65,0
0,No,No,54,No internet service,No internet service,No internet service,No internet service,Two year,Yes,Mailed check,20.5,1035.7,0
0,No,No,2,No,No,No,No,Month-to-month,No,Credit card (automatic),70.7,140.7,1
0,No,No,63,Yes,No,Yes,Yes,Two year,Yes,Bank transfer (automatic),71.9,4479.2,0
0,No,No,1,No internet service,No internet service,No internet service,No internet service,Month-to-month,No,Bank transfer (automatic),20.95,20.95,0
0,No,No,28,Yes,No,No,Yes,One year,No,Mailed check,54.3,1546.3,0
1,Yes,No,72,No,Yes,Yes,Yes,Two year,No,Credit card (automatic),77.35,5396.25,0
0,No,No,15,No,Yes,No,Yes,Month-to-month,No,Electronic check,95.7,1451.1,0
0,No,No,69,Yes,Yes,Yes,No,Two year,Yes,Credit card (automatic),110.05,7430.75,0
1,Yes,No,71,Yes,Yes,Yes,No,Month-to-month,Yes,Electronic check,107.5,7713.55,0
0,No,Yes,51,No,No,No,Yes,One year,No,Credit card (automatic),47.85,2356.75,0
0,Yes,Yes,9,No internet service,No internet service,No internet service,No internet service,Two year,No,Mailed check,19.75,210.65,0
0,Yes,No,71,No,Yes,Yes,No,Month-to-month,Yes,Bank transfer (automatic),93.25,6669.45,0
1,No,No,47,No,Yes,No,Yes,Two year,No,Bank transfer (automatic),59.6,2754.0,0
0,No,No,35,No,No,Yes,No,Month-to-month,No,Electronic check,49.2,1701.65,0
0,Yes,No,3,No,No,No,No,Month-to-month,Yes,Mailed check,46.1,130.15,0
0,Yes,Yes,15,No internet service,No internet service,No internet service,No internet service,One year,No,Mailed check,20.55,295.95,0
1,Yes,No,33,Yes,No,Yes,Yes,Month-to-month,Yes,Bank transfer (automatic),109.9,3694.7,0
0,No,No,2,No,No,No,No,Month-to-month,No,Electronic check,44.35,81.25,1
0,No,No,1,No,No,No,No,Month-to-month,No,Mailed check,44.75,44.75,0
1,Yes,No,70,Yes,Yes,Yes,Yes,Two year,Yes,Credit card (automatic),88.55,6306.5,0
0,No,No,66,Yes,Yes,Yes,No,Two year,Yes,Credit card (automatic),74.6,4798.4,0
0,No,Yes,41,No,No,No,No,Month-to-month,No,Bank transfer (automatic),45.2,1841.9,0
0,No,No,72,Yes,Yes,Yes,Yes,Two year,Yes,Bank transfer (automatic),65.6,4566.5,0
0,Yes,Yes,72,Yes,Yes,Yes,Yes,Two year,Yes,Mailed check,89.4,6376.55,0
0,Yes,No,10,No,No,No,No,Month-to-month,Yes,Electronic check,70.1,659.65,1
0,Yes,No,51,No,Yes,No,No,Month-to-month,Yes,Credit card (automatic),30.05,1529.45,0
0,No,No,27,No,No,Yes,Yes,Month-to-month,Yes,Electronic check,89.2,2383.6,0
0,No,Yes,43,Yes,Yes,No,Yes,One year,Yes,Credit card (automatic),106.0,4532.3,0
0,Yes,No,1,No,No,No,No,Month-to-month,Yes,Electronic check,45.0,45.0,0
0,Yes,Yes,24,Yes,No,Yes,No,One year,Yes,Credit card (automatic),56.25,1454.25,0
0,Yes,No,7,No,No,Yes,No,Month-to-month,Yes,Bank transfer (automatic),75.15,496.9,1
0,No,No,41,Yes,No,Yes,Yes,One year,Yes,Bank transfer (automatic),79.85,3320.75,0
0,No,No,3,No,No,No,No,Month-to-month,Yes,Electronic check,70.25,229.7,0
0,Yes,No,52,Yes,No,Yes,No,One year,Yes,Mailed check,64.3,3410.6,0
0,No,No,1,No,No,No,No,Month-to-month,Yes,Electronic check,94.6,94.6,1
1,No,No,26,No,No,No,No,Month-to-month,Yes,Electronic check,93.6,2404.1,0
0,No,No,14,No,Yes,No,No,Month-to-month,Yes,Electronic check,86.3,1180.95,1
1,Yes,No,9,No internet service,No internet service,No internet service,No internet service,One year,No,Credit card (automatic),19.85,183.15,0
0,No,No,40,No,No,No,No,Month-to-month,Yes,Electronic check,84.9,3369.05,0
0,Yes,No,63,No,No,No,Yes,One year,Yes,Credit card (automatic),81.2,4965.1,0
0,Yes,No,32,Yes,No,No,No,Month-to-month,Yes,Bank transfer (automatic),75.5,2324.7,0
1,Yes,Yes,28,No,No,No,No,Month-to-month,Yes,Electronic check,35.9,973.65,0
1,Yes,No,62,Yes,Yes,Yes,No,Month-to-month,Yes,Electronic check,89.1,5618.3,0
0,Yes,Yes,9,No,Yes,No,Yes,Month-to-month,No,Mailed check,54.8,452.8,0
0,Yes,No,60,No,Yes,Yes,Yes,Two year,No,Credit card (automatic),60.8,3603.45,0
0,Yes,Yes,69,No internet service,No internet service,No internet service,No internet service,Two year,Yes,Bank transfer (automatic),26.0,1796.55,0
0,No,No,23,No,Yes,No,Yes,Month-to-month,Yes,Mailed check,79.1,1783.75,0
0,No,No,2,Yes,No,No,No,Month-to-month,Yes,Electronic check,47.8,92.45,1
0,Yes,No,70,Yes,Yes,Yes,Yes,Two year,No,Credit card (automatic),114.3,8244.3,0
1,Yes,No,67,Yes,No,Yes,No,One year,Yes,Credit card (automatic),107.05,7142.5,0
0,No,No,38,No,Yes,Yes,No,Month-to-month,Yes,Credit card (automatic),95.1,3691.2,0
0,Yes,No,64,No internet service,No internet service,No internet service,No internet service,Two year,No,Mailed check,25.55,1714.95,0
0,Yes,No,51,Yes,No,Yes,Yes,One year,Yes,Electronic check,111.55,5720.35,0
0,No,No,1,No,No,Yes,No,Month-to-month,Yes,Mailed check,74.6,74.6,1
0,No,No,46,No,No,Yes,No,One year,Yes,Electronic check,101.1,4674.4,0
0,Yes,Yes,36,Yes,Yes,No,No,One year,No,Mailed check,53.65,1939.35,0
0,Yes,No,64,No,Yes,Yes,Yes,Two year,Yes,Mailed check,68.3,4378.8,0
0,Yes,Yes,55,Yes,Yes,No,Yes,One year,Yes,Credit card (automatic),75.0,4213.9,0
0,Yes,No,16,No,No,No,No,Month-to-month,Yes,Bank transfer (automatic),73.85,1284.2,1
0,Yes,Yes,68,No internet service,No internet service,No internet service,No internet service,Two year,No,Bank transfer (automatic),19.95,1377.7,0
0,No,Yes,40,No internet service,No internet service,No internet service,No internet service,One year,Yes,Bank transfer (automatic),20.4,854.9,0
0,Yes,Yes,2,No internet service,No internet service,No internet service,No internet service,One year,No,Mailed check,20.2,34.75,0
1,No,No,31,No,Yes,No,No,Month-to-month,Yes,Electronic check,99.95,3186.65,1
0,Yes,No,36,No,No,No,No,Month-to-month,Yes,Bank transfer (automatic),95.0,3440.25,0
1,Yes,No,59,No,No,No,No,Month-to-month,Yes,Bank transfer (automatic),93.85,5574.75,1
0,Yes,Yes,70,No internet service,No internet service,No internet service,No internet service,Two year,No,Credit card (automatic),25.15,1790.15,0
0,Yes,Yes,72,Yes,No,No,No,Two year,No,Bank transfer (automatic),55.3,3983.6,0
0,No,No,2,No,No,No,No,Month-to-month,No,Electronic check,45.55,84.4,0
0,Yes,No,15,No,No,No,No,Month-to-month,Yes,Bank transfer (automatic),68.6,1108.6,0
0,Yes,No,45,Yes,Yes,Yes,Yes,One year,No,Mailed check,113.3,5032.25,0
0,No,No,1,No internet service,No internet service,No internet service,No internet service,Month-to-month,No,Credit card (automatic),19.95,19.95,0
0,Yes,No,11,No,Yes,No,No,Month-to-month,Yes,Bank transfer (automatic),80.5,896.9,1
1,No,No,1,No,No,No,No,Month-to-month,No,Mailed check,50.55,50.55,1
1,Yes,No,7,No,No,No,No,Month-to-month,Yes,Bank transfer (automatic),95.6,644.35,1
1,Yes,No,64,No,Yes,Yes,No,Month-to-month,Yes,Electronic check,94.25,6081.4,0
0,No,No,54,Yes,Yes,No,Yes,One year,Yes,Credit card (automatic),105.4,5643.4,1
0,Yes,No,3,No internet service,No internet service,No internet service,No internet service,Month-to-month,No,Mailed check,20.85,72.0,0
0,No,No,2,No,No,No,No,Month-to-month,Yes,Electronic check,95.15,196.9,1
0,No,No,67,No internet service,No internet service,No internet service,No internet service,Two year,Yes,Mailed check,19.8,1311.3,0
0,Yes,No,5,Yes,No,Yes,No,Month-to-month,Yes,Mailed check,88.9,454.15,1
0,Yes,Yes,3,No,Yes,No,Yes,Month-to-month,Yes,Electronic check,80.0,241.3,0
0,No,Yes,19,No,No,No,No,Month-to-month,Yes,Credit card (automatic),25.35,566.1,0
0,No,No,7,No internet service,No internet service,No internet service,No internet service,Month-to-month,Yes,Mailed check,19.95,147.5,0
1,No,No,23,No,No,No,No,Month-to-month,Yes,Bank transfer (automatic),34.65,768.45,0
0,Yes,No,72,Yes,Yes,No,Yes,Two year,Yes,Credit card (automatic),108.95,7875.0,0
0,Yes,Yes,5,No,No,No,No,Month-to-month,No,Mailed check,25.05,125.5,0
1,Yes,No,1,No,No,Yes,No,Month-to-month,Yes,Electronic check,100.8,100.8,1
0,Yes,No,68,Yes,No,No,Yes,One year,No,Bank transfer (automatic),58.25,3975.7,0
0,Yes,Yes,31,No internet service,No internet service,No internet service,No internet service,Two year,No,Mailed check,21.0,697.7,0
0,No,No,1,No,No,No,No,Month-to-month,Yes,Electronic check,78.95,78.95,1
0,No,No,18,No internet service,No internet service,No internet service,No internet service,One year,No,Mailed check,23.75,424.5,0
0,No,No,6,Yes,No,No,No,Month-to-month,Yes,Electronic check,49.45,314.6,0
0,No,Yes,32,No internet service,No internet service,No internet service,No internet service,Two year,No,Mailed check,20.5,696.8,0
0,Yes,Yes,6,No,No,No,No,Month-to-month,Yes,Credit card (automatic),48.95,273.25,0
0,Yes,Yes,8,No internet service,No internet service,No internet service,No internet service,Two year,No,Mailed check,20.15,165.5,0
0,No,No,51,No internet service,No internet service,No internet service,No internet service,Two year,No,Mailed check,24.75,1234.6,0
0,No,No,2,No,No,No,No,Month-to-month,Yes,Electronic check,25.05,56.35,1
0,No,No,6,Yes,Yes,Yes,Yes,Month-to-month,Yes,Bank transfer (automatic),98.15,567.45,1
1,Yes,No,1,No,Yes,No,No,Month-to-month,No,Electronic check,40.2,40.2,1
0,Yes,Yes,46,Yes,Yes,No,No,Month-to-month,No,Bank transfer (automatic),35.05,1620.25,0
1,Yes,No,57,No,Yes,Yes,No,Month-to-month,No,Credit card (automatic),94.0,5438.95,0
0,Yes,Yes,72,Yes,Yes,Yes,Yes,One year,Yes,Credit card (automatic),104.9,7537.5,0
0,Yes,Yes,23,No,Yes,No,Yes,Two year,No,Mailed check,59.7,1414.2,0
0,No,No,1,No internet service,No internet service,No internet service,No internet service,Month-to-month,Yes,Mailed check,25.75,25.75,0
0,Yes,Yes,58,Yes,No,Yes,Yes,Two year,No,Mailed check,75.8,4415.75,0
0,No,No,51,Yes,No,No,No,One year,No,Mailed check,86.35,4267.15,0
0,Yes,No,72,Yes,Yes,Yes,Yes,Two year,Yes,Credit card (automatic),117.15,8529.5,0
0,No,No,7,Yes,No,Yes,No,One year,No,Mailed check,35.3,264.8,0
0,No,No,25,Yes,Yes,Yes,Yes,One year,No,Mailed check,74.3,1863.8,1
0,Yes,Yes,46,No internet service,No internet service,No internet service,No internet service,Two year,Yes,Mailed check,19.25,864.2,0
0,No,No,67,Yes,No,Yes,Yes,One year,Yes,Bank transfer (automatic),49.35,3321.35,0
0,Yes,Yes,42,No,No,Yes,No,Month-to-month,Yes,Electronic check,92.15,3875.4,0
0,No,No,18,No,Yes,Yes,No,Month-to-month,No,Credit card (automatic),101.3,1794.65,0
0,Yes,No,29,No,Yes,Yes,No,Month-to-month,Yes,Electronic check,85.8,2440.25,0
0,Yes,Yes,61,No,Yes,Yes,Yes,One year,No,Credit card (automatic),103.9,6449.15,0
0,No,No,1,No,No,No,No,Month-to-month,Yes,Mailed check,44.3,44.3,0
0,No,No,44,No,Yes,Yes,No,One year,Yes,Mailed check,53.95,2375.4,1
0,Yes,No,60,No,Yes,Yes,No,Month-to-month,Yes,Electronic check,106.15,6411.25,0
0,No,No,7,No,No,No,No,Month-to-month,Yes,Electronic check,93.85,635.6,1
1,Yes,Yes,48,No,Yes,No,No,One year,No,Bank transfer (automatic),29.9,1388.75,0
0,No,No,33,No,Yes,Yes,No,Month-to-month,Yes,Credit card (automatic),66.4,2245.4,0
1,Yes,No,71,Yes,No,No,No,Two year,Yes,Credit card (automatic),80.7,5676.0,0
0,No,Yes,1,No,No,No,No,Month-to-month,Yes,Electronic check,74.35,74.35,1
0,No,No,4,No,No,No,No,Month-to-month,Yes,Credit card (automatic),44.8,176.2,0
0,No,No,4,No,No,No,No,Month-to-month,Yes,Mailed check,55.3,238.5,0
0,No,No,10,No,Yes,No,Yes,Month-to-month,No,Electronic check,35.75,389.8,0
0,No,No,14,No,Yes,No,No,Month-to-month,No,Electronic check,50.45,765.45,0
0,No,Yes,26,No,No,No,No,Month-to-month,Yes,Mailed check,49.5,1265.65,0
1,Yes,No,7,Yes,Yes,No,Yes,Month-to-month,No,Electronic check,64.2,475.0,0
0,No,No,1,Yes,No,No,No,Month-to-month,Yes,Mailed check,84.6,84.6,1
0,No,No,11,No,No,Yes,Yes,One year,No,Credit card (automatic),64.9,697.25,0
0,No,Yes,1,No,No,No,No,Month-to-month,Yes,Electronic check,79.6,79.6,1
0,Yes,No,41,No,Yes,No,No,Month-to-month,Yes,Electronic check,80.25,3439.0,0
1,Yes,No,43,No,Yes,Yes,No,One year,Yes,Bank transfer (automatic),100.55,4304.0,0
0,Yes,No,68,Yes,No,No,Yes,One year,No,Bank transfer (automatic),55.9,3848.8,0
0,Yes,No,71,No,Yes,No,No,Two year,No,Electronic check,49.35,3515.25,1
1,No,No,47,No,Yes,Yes,No,Month-to-month,Yes,Bank transfer (automatic),85.2,3969.35,1
0,Yes,Yes,57,Yes,No,Yes,Yes,One year,Yes,Mailed check,59.3,3274.35,0
0,Yes,Yes,20,No internet service,No internet service,No internet service,No internet service,Month-to-month,No,Mailed check,20.05,406.05,0
0,No,No,26,No internet service,No internet service,No internet service,No internet service,One year,No,Credit card (automatic),19.8,457.3,0
0,No,Yes,70,Yes,Yes,Yes,Yes,Two year,Yes,Electronic check,114.6,7882.5,0
1,No,No,66,No,Yes,Yes,Yes,One year,No,Credit card (automatic),110.9,7432.05,1
1,Yes,No,32,No,No,No,No,Month-to-month,No,Electronic check,85.3,2661.1,1
1,No,No,41,No,No,Yes,No,Month-to-month,Yes,Electronic check,98.4,4187.75,1
0,Yes,Yes,14,Yes,Yes,No,No,Two year,Yes,Bank transfer (automatic),61.4,815.55,0
0,No,No,70,Yes,Yes,Yes,Yes,One year,No,Credit card (automatic),115.55,8127.6,1
1,No,No,55,No,No,Yes,No,One year,Yes,Electronic check,100.15,5409.75,0
1,No,No,1,No,No,No,No,Month-to-month,Yes,Electronic check,69.65,69.65,1
1,Yes,Yes,71,Yes,Yes,No,No,One year,No,Electronic check,69.2,4982.5,0
1,Yes,No,70,No internet service,No internet service,No internet service,No internet service,Two year,Yes,Credit card (automatic),19.55,1462.05,0
0,No,Yes,1,No,No,No,Yes,Month-to-month,Yes,Mailed check,59.55,59.55,0
0,Yes,Yes,72,No internet service,No internet service,No internet service,No internet service,Two year,No,Mailed check,26.1,1851.45,0
0,No,No,2,No,No,No,No,Month-to-month,Yes,Electronic check,80.25,144.55,1
0,No,No,37,Yes,No,No,No,One year,No,Bank transfer (automatic),64.65,2347.85,0
0,No,No,13,No internet service,No internet service,No internet service,No internet service,One year,No,Credit card (automatic),19.3,259.65,0
0,No,No,66,Yes,Yes,Yes,Yes,One year,Yes,Bank transfer (automatic),104.55,6779.05,0
0,No,Yes,12,No internet service,No internet service,No internet service,No internet service,Month-to-month,No,Credit card (automatic),21.05,235.8,0
1,No,No,33,No,No,Yes,Yes,Month-to-month,Yes,Electronic check,54.6,1803.7,0
0,Yes,No,63,No,Yes,No,No,Month-to-month,Yes,Bank transfer (automatic),81.55,5029.05,0
0,Yes,Yes,24,No internet service,No internet service,No internet service,No internet service,Two year,Yes,Bank transfer (automatic),24.1,587.4,0
0,Yes,No,48,Yes,No,No,Yes,One year,Yes,Bank transfer (automatic),60.6,2985.25,0
0,Yes,Yes,50,Yes,Yes,Yes,No,One year,Yes,Electronic check,108.25,5431.4,0
1,Yes,Yes,68,No,No,Yes,Yes,One year,Yes,Credit card (automatic),107.15,7379.8,0
0,No,No,1,No internet service,No internet service,No internet service,No internet service,Month-to-month,No,Mailed check,20.4,20.4,0
0,Yes,Yes,18,No internet service,No internet service,No internet service,No internet service,One year,No,Bank transfer (automatic),20.05,345.9,0
0,Yes,Yes,21,No,Yes,Yes,No,Month-to-month,No,Electronic check,104.4,2157.95,1
0,No,No,1,No internet service,No internet service,No internet service,No internet service,Month-to-month,No,Mailed check,19.15,19.15,0
0,No,No,31,No,No,No,Yes,Month-to-month,Yes,Credit card (automatic),79.85,2404.15,1
0,Yes,Yes,53,No,No,Yes,No,One year,No,Credit card (automatic),60.6,3297.0,0
0,No,No,69,No,Yes,Yes,No,One year,Yes,Bank transfer (automatic),35.75,2492.25,0
0,Yes,Yes,68,No,Yes,No,Yes,One year,Yes,Bank transfer (automatic),83.65,5733.4,0
0,No,No,26,Yes,Yes,No,No,Month-to-month,Yes,Bank transfer (automatic),69.5,1800.05,0
0,Yes,No,72,No internet service,No internet service,No internet service,No internet service,Two year,No,Credit card (automatic),24.85,1871.85,0
0,Yes,No,67,No internet service,No internet service,No internet service,No internet service,Two year,No,Credit card (automatic),25.6,1784.9,0
0,No,No,14,No,No,No,No,Month-to-month,Yes,Mailed check,89.8,1129.1,1
0,Yes,No,26,Yes,No,Yes,No,One year,No,Credit card (automatic),35.4,978.6,0
0,Yes,No,45,Yes,No,Yes,No,Two year,No,Credit card (automatic),53.3,2296.25,0
0,Yes,No,21,No,No,No,No,Month-to-month,Yes,Electronic check,94.3,1948.35,0
0,No,No,36,No,No,Yes,No,One year,No,Electronic check,55.8,1941.5,0
1,Yes,No,43,Yes,Yes,No,No,Month-to-month,Yes,Electronic check,94.5,4156.8,0
0,No,No,2,No internet service,No internet service,No internet service,No internet service,Month-to-month,No,Mailed check,20.0,32.7,0
1,Yes,No,32,No,Yes,Yes,No,Month-to-month,No,Bank transfer (automatic),106.35,3520.75,1
0,No,No,12,No,No,Yes,No,Month-to-month,No,Bank transfer (automatic),74.75,827.05,0
0,No,No,24,No,Yes,No,No,Month-to-month,Yes,Electronic check,80.25,1861.5,1
0,Yes,Yes,50,No,No,Yes,Yes,One year,No,Mailed check,103.05,5153.5,0
0,Yes,Yes,41,Yes,Yes,Yes,No,One year,Yes,Bank transfer (automatic),101.6,3930.55,0
0,Yes,No,52,No,Yes,Yes,No,Month-to-month,No,Bank transfer (automatic),94.6,5025.8,0
1,No,No,1,No,No,No,No,Month-to-month,Yes,Electronic check,73.65,73.65,1
1,Yes,No,66,No,No,Yes,Yes,One year,Yes,Credit card (automatic),105.95,6975.25,1
0,No,No,2,Yes,Yes,No,No,Month-to-month,No,Electronic check,100.2,198.5,0
0,No,No,10,No internet service,No internet service,No internet service,No internet service,Month-to-month,Yes,Mailed check,19.85,193.05,0
0,Yes,Yes,12,No internet service,No internet service,No internet service,No internet service,Month-to-month,Yes,Electronic check,21.15,306.05,0
0,No,No,1,No internet service,No internet service,No internet service,No internet service,Month-to-month,Yes,Mailed check,20.2,20.2,1
1,No,No,1,No,No,No,No,Month-to-month,Yes,Electronic check,75.35,75.35,1
0,Yes,No,49,Yes,No,No,No,One year,Yes,Electronic check,55.35,2633.95,0
0,No,No,60,No internet service,No internet service,No internet service,No internet service,Two year,No,Mailed check,25.0,1505.05,0
0,No,No,46,Yes,No,Yes,Yes,Two year,No,Mailed check,38.25,1755.35,0
0,No,No,3,No internet service,No internet service,No internet service,No internet service,Month-to-month,No,Electronic check,19.75,58.85,1
0,No,No,5,No internet service,No internet service,No internet service,No internet service,Month-to-month,No,Mailed check,19.95,107.05,0
1,Yes,No,72,Yes,Yes,Yes,No,Two year,Yes,Credit card (automatic),84.1,6129.65,0
0,Yes,No,51,No,No,No,Yes,Two year,Yes,Bank transfer (automatic),75.2,3901.25,0
0,No,No,18,No internet service,No internet service,No internet service,No internet service,Month-to-month,No,Mailed check,19.25,331.35,0
0,No,No,1,No,No,No,No,Month-to-month,Yes,Electronic check,89.9,89.9,1
1,Yes,No,6,No,No,Yes,No,Month-to-month,Yes,Electronic check,80.8,457.1,0
0,Yes,No,57,No,No,Yes,Yes,Two year,No,Electronic check,107.95,5969.85,0
0,No,No,6,No,No,No,Yes,Month-to-month,Yes,Bank transfer (automatic),49.65,267.35,1
0,No,No,24,No,No,No,Yes,Month-to-month,Yes,Electronic check,89.55,2259.35,0
0,No,No,7,No,No,No,No,Month-to-month,Yes,Mailed check,85.2,602.55,1
0,Yes,No,72,Yes,No,Yes,Yes,Two year,Yes,Bank transfer (automatic),98.2,7015.9,0
0,No,No,7,No internet service,No internet service,No internet service,No internet service,Month-to-month,No,Mailed check,20.05,164.85,1
0,No,No,40,No,Yes,Yes,No,Month-to-month,Yes,Credit card (automatic),104.5,4036.85,1
0,Yes,Yes,71,No internet service,No internet service,No internet service,No internet service,Two year,No,Mailed check,19.45,1378.45,0
0,Yes,Yes,47,No internet service,No internet service,No internet service,No internet service,Two year,No,Credit card (automatic),20.05,1016.7,0
0,Yes,Yes,65,Yes,Yes,No,Yes,Two year,Yes,Credit card (automatic),99.05,6416.7,0
1,No,No,8,No,No,Yes,No,Month-to-month,Yes,Electronic check,100.6,819.4,1
0,No,No,1,No,No,No,No,Month-to-month,Yes,Electronic check,70.1,70.1,1
0,No,Yes,15,No,No,Yes,Yes,One year,No,Credit card (automatic),55.2,864.55,0
0,Yes,Yes,26,No internet service,No internet service,No internet service,No internet service,One year,Yes,Bank transfer (automatic),20.05,505.9,0
0,No,No,48,No internet service,No internet service,No internet service,No internet service,One year,No,Bank transfer (automatic),24.35,1133.7,0
0,No,No,60,No internet service,No internet service,No internet service,No internet service,Two year,No,Bank transfer (automatic),19.85,1128.1,0
0,No,No,11,No,Yes,Yes,Yes,Month-to-month,Yes,Electronic check,60.9,688.5,0
0,No,No,50,Yes,Yes,No,No,Month-to-month,Yes,Mailed check,35.0,1782.4,0
0,No,No,31,No,Yes,Yes,No,Month-to-month,Yes,Electronic check,101.4,3143.65,0
0,No,No,3,No,No,No,No,Month-to-month,Yes,Mailed check,69.6,207.4,0
0,Yes,No,2,No,No,Yes,No,Month-to-month,No,Credit card (automatic),69.0,147.8,0
0,Yes,No,30,No internet service,No internet service,No internet service,No internet service,One year,No,Credit card (automatic),20.7,587.1,0
0,No,No,1,No,No,No,No,Month-to-month,No,Mailed check,45.05,45.05,1
1,Yes,No,72,Yes,Yes,Yes,No,Two year,Yes,Bank transfer (automatic),109.55,7920.7,0
1,Yes,Yes,50,Yes,Yes,Yes,No,Two year,Yes,Bank transfer (automatic),75.15,3822.45,0
0,No,No,52,No,Yes,Yes,No,Month-to-month,Yes,Electronic check,103.05,5364.8,0
0,No,No,66,Yes,Yes,Yes,Yes,Two year,Yes,Credit card (automatic),90.05,5965.95,0
0,No,No,1,No,No,No,No,Month-to-month,Yes,Mailed check,54.75,54.75,1
0,No,No,4,Yes,Yes,No,Yes,Month-to-month,No,Mailed check,42.4,146.4,0
0,Yes,No,55,Yes,Yes,No,Yes,Two year,No,Mailed check,56.8,3112.05,0
0,No,No,35,Yes,Yes,Yes,No,Month-to-month,No,Electronic check,60.55,1982.6,0
0,Yes,Yes,60,Yes,Yes,Yes,Yes,Two year,No,Credit card (automatic),115.25,6758.45,0
0,Yes,Yes,41,No,No,Yes,Yes,One year,Yes,Electronic check,102.6,4213.35,1
1,No,No,33,No internet service,No internet service,No internet service,No internet service,One year,Yes,Bank transfer (automatic),24.9,847.8,0
0,Yes,Yes,35,No internet service,No internet service,No internet service,No internet service,Two year,No,Bank transfer (automatic),24.3,821.6,0
0,Yes,No,71,No,No,Yes,Yes,Two year,Yes,Electronic check,47.05,3263.6,0
0,Yes,Yes,13,No,No,No,No,One year,Yes,Electronic check,64.75,877.35,0
0,No,No,24,No,No,Yes,No,Month-to-month,Yes,Mailed check,49.7,1167.8,0
1,Yes,No,23,No internet service,No internet service,No internet service,No internet service,One year,Yes,Electronic check,20.75,485.2,0
0,Yes,Yes,45,No internet service,No internet service,No internet service,No internet service,Two year,No,Mailed check,24.45,1088.25,0
0,Yes,Yes,70,Yes,Yes,Yes,Yes,Two year,Yes,Credit card (automatic),116.55,8152.3,0
1,No,No,18,No,No,Yes,Yes,Month-to-month,No,Bank transfer (automatic),93.9,1743.9,0
0,Yes,Yes,50,Yes,No,Yes,No,Month-to-month,No,Credit card (automatic),105.95,5341.8,1
1,No,No,4,Yes,No,No,No,Month-to-month,No,Electronic check,75.35,273.4,0
0,No,No,1,No,No,No,No,Month-to-month,Yes,Electronic check,24.4,24.4,0
0,Yes,Yes,16,No,No,Yes,No,Month-to-month,Yes,Bank transfer (automatic),90.8,1442.2,0
0,Yes,No,63,No,No,Yes,No,Two year,No,Electronic check,102.6,6296.75,0
0,Yes,Yes,65,Yes,No,Yes,Yes,Two year,No,Bank transfer (automatic),108.65,6937.95,1
1,No,No,71,No,No,Yes,No,Two year,No,Bank transfer (automatic),104.05,7413.55,0
0,Yes,Yes,67,Yes,No,No,Yes,Two year,No,Bank transfer (automatic),104.6,6885.75,0
0,Yes,No,38,Yes,No,No,No,Month-to-month,No,Bank transfer (automatic),91.7,3479.05,0
0,No,No,2,No internet service,No internet service,No internet service,No internet service,Month-to-month,No,Mailed check,19.95,38.15,0
0,No,No,52,No,Yes,Yes,Yes,One year,Yes,Bank transfer (automatic),105.0,5426.85,1
0,No,Yes,4,No internet service,No internet service,No internet service,No internet service,Month-to-month,Yes,Mailed check,25.45,84.2,0
0,No,No,40,No,No,Yes,Yes,One year,Yes,Mailed check,80.75,3208.65,0
0,No,No,1,No internet service,No internet service,No internet service,No internet service,Month-to-month,No,Mailed check,19.5,19.5,1
0,Yes,Yes,54,No internet service,No internet service,No internet service,No internet service,Two year,Yes,Bank transfer (automatic),24.05,1230.9,0
0,Yes,Yes,31,Yes,No,No,Yes,Month-to-month,No,Bank transfer (automatic),35.4,1077.5,1
1,Yes,No,27,No,No,No,No,Month-to-month,Yes,Electronic check,70.55,1943.9,0
0,No,No,2,No,No,No,No,Month-to-month,Yes,Credit card (automatic),71.3,157.75,0
1,Yes,No,27,No,Yes,Yes,Yes,Month-to-month,Yes,Bank transfer (automatic),84.8,2309.55,0
0,No,No,1,No,No,No,No,Month-to-month,Yes,Mailed check,45.7,45.7,1
0,Yes,Yes,72,No internet service,No internet service,No internet service,No internet service,One year,Yes,Bank transfer (automatic),23.3,1623.15,0
0,Yes,No,49,No,Yes,Yes,No,Month-to-month,No,Electronic check,99.4,5025.0,0
0,Yes,No,66,No,Yes,No,Yes,One year,Yes,Electronic check,104.05,6890.0,1
0,Yes,No,63,No,Yes,No,No,One year,Yes,Electronic check,96.0,6109.75,0
0,Yes,Yes,55,Yes,No,No,No,One year,No,Mailed check,100.9,5448.6,0
1,Yes,No,12,No,Yes,Yes,No,Month-to-month,Yes,Electronic check,98.1,1060.2,1
0,Yes,No,72,Yes,Yes,No,Yes,Two year,Yes,Credit card (automatic),109.95,7852.4,0
0,Yes,No,5,Yes,No,No,No,Month-to-month,Yes,Electronic check,89.15,413.25,0
0,No,Yes,57,No internet service,No internet service,No internet service,No internet service,Two year,Yes,Mailed check,19.6,1170.55,0
0,No,No,34,No,No,No,Yes,Month-to-month,No,Mailed check,65.0,2157.5,0
0,Yes,Yes,31,Yes,No,Yes,Yes,Month-to-month,No,Electronic check,89.3,2823.0,0
0,No,No,1,No,No,No,No,Month-to-month,Yes,Mailed check,71.35,71.35,1
0,No,No,67,Yes,No,Yes,Yes,One year,Yes,Bank transfer (automatic),72.35,4991.5,0
1,No,No,1,No,Yes,Yes,No,Month-to-month,Yes,Electronic check,43.3,43.3,1
0,No,No,2,No,No,No,No,Month-to-month,No,Mailed check,44.65,74.9,1
0,No,No,4,No,No,No,Yes,Month-to-month,Yes,Mailed check,50.8,202.3,0
1,No,No,30,Yes,Yes,Yes,No,Month-to-month,No,Credit card (automatic),91.7,2758.15,1
0,No,No,1,No,No,Yes,No,Month-to-month,Yes,Electronic check,84.85,84.85,1
0,Yes,Yes,71,Yes,Yes,Yes,No,One year,Yes,Bank transfer (automatic),104.65,7288.4,0
0,No,No,58,Yes,Yes,Yes,No,One year,Yes,Electronic check,106.45,6145.85,1
0,No,No,27,No,No,No,No,Month-to-month,Yes,Mailed check,94.55,2724.6,1
0,No,No,49,No internet service,No internet service,No internet service,No internet service,Two year,Yes,Credit card (automatic),19.9,1022.6,0
0,Yes,Yes,64,Yes,No,Yes,No,Two year,No,Bank transfer (automatic),93.4,5822.3,0
0,No,No,42,No,Yes,No,No,Month-to-month,Yes,Electronic check,101.75,4273.45,1
1,Yes,No,67,Yes,Yes,Yes,Yes,One year,Yes,Credit card (automatic),105.4,7035.6,0
0,No,No,69,No,Yes,No,Yes,One year,Yes,Bank transfer (automatic),104.7,7220.35,1
0,No,No,66,No,Yes,No,No,Month-to-month,No,Credit card (automatic),89.4,5976.9,0
1,Yes,No,39,No,No,No,Yes,Month-to-month,Yes,Electronic check,101.25,3949.15,0
0,No,No,2,No internet service,No internet service,No internet service,No internet service,Month-to-month,No,Mailed check,20.35,45.3,0
0,Yes,No,59,No,No,No,No,Month-to-month,Yes,Electronic check,44.3,2666.75,0
0,Yes,No,24,No,Yes,No,No,Month-to-month,Yes,Bank transfer (automatic),69.45,1614.05,0
0,Yes,Yes,69,No,Yes,Yes,Yes,Two year,Yes,Bank transfer (automatic),81.95,5601.4,0
0,No,No,38,No,No,Yes,Yes,Month-to-month,Yes,Electronic check,103.65,3988.5,0
0,No,No,1,No internet service,No internet service,No internet service,No internet service,Month-to-month,No,Bank transfer (automatic),19.75,19.75,0
0,Yes,Yes,68,Yes,Yes,Yes,Yes,Two year,No,Credit card (automatic),88.0,6161.9,0
0,Yes,Yes,30,No,Yes,No,Yes,Month-to-month,Yes,Bank transfer (automatic),83.55,2570.2,0
0,Yes,No,37,No,No,Yes,Yes,Month-to-month,Yes,Electronic check,90.35,3419.3,0
0,Yes,Yes,40,No internet service,No internet service,No internet service,No internet service,Two year,No,Mailed check,19.6,808.95,0
0,Yes,No,72,Yes,Yes,Yes,Yes,Two year,Yes,Bank transfer (automatic),94.25,6849.75,0
0,No,Yes,1,No internet service,No internet service,No internet service,No internet service,Month-to-month,Yes,Mailed check,19.3,19.3,0
0,No,No,37,No internet service,No internet service,No internet service,No internet service,Two year,No,Mailed check,19.85,784.25,0
0,Yes,Yes,72,Yes,Yes,Yes,Yes,Two year,No,Credit card (automatic),55.65,3880.05,0
0,No,No,18,No,No,No,No,Month-to-month,Yes,Electronic check,50.3,913.3,0
0,No,No,1,No,No,No,No,Month-to-month,Yes,Electronic check,35.75,35.75,1
0,Yes,No,27,No internet service,No internet service,No internet service,No internet service,Two year,No,Bank transfer (automatic),19.55,520.55,0
0,Yes,Yes,35,No internet service,No internet service,No internet service,No internet service,Two year,No,Mailed check,20.1,655.3,0
0,No,No,48,No,Yes,No,No,One year,No,Electronic check,75.15,3772.65,0
0,Yes,Yes,61,Yes,Yes,Yes,Yes,One year,No,Bank transfer (automatic),84.9,5264.5,0
0,No,No,1,No internet service,No internet service,No internet service,No internet service,Month-to-month,No,Credit card (automatic),19.55,19.55,0
1,Yes,No,67,No,No,No,No,Month-to-month,Yes,Credit card (automatic),94.65,6079.0,0
0,No,No,36,Yes,No,No,No,One year,No,Mailed check,54.45,1893.5,0
0,Yes,Yes,8,No internet service,No internet service,No internet service,No internet service,Two year,No,Mailed check,19.05,201.7,0
1,Yes,No,71,Yes,Yes,Yes,Yes,Two year,Yes,Bank transfer (automatic),82.7,5831.2,0
0,Yes,No,21,No,No,Yes,Yes,Month-to-month,Yes,Electronic check,106.1,2249.95,1
0,No,No,19,No,Yes,No,No,Month-to-month,Yes,Electronic check,99.95,1931.75,1
0,No,No,54,Yes,Yes,No,Yes,Two year,Yes,Credit card (automatic),108.0,5760.65,0
0,No,No,11,No,Yes,No,No,Month-to-month,No,Electronic check,51.1,531.15,0
0,No,Yes,18,No internet service,No internet service,No internet service,No internet service,One year,No,Bank transfer (automatic),20.15,390.85,1
1,Yes,No,52,Yes,No,Yes,No,Month-to-month,Yes,Electronic check,104.2,5568.35,1
1,Yes,No,1,Yes,No,No,No,Month-to-month,Yes,Electronic check,80.3,80.3,1
0,Yes,Yes,53,No internet service,No internet service,No internet service,No internet service,Two year,No,Mailed check,20.9,1146.05,0
1,Yes,No,72,No internet service,No internet service,No internet service,No internet service,Two year,Yes,Credit card (automatic),25.7,1937.4,0
1,No,No,2,No,No,No,No,Month-to-month,Yes,Electronic check,93.85,170.85,1
0,Yes,No,59,No,Yes,No,No,Month-to-month,No,Electronic check,101.1,6039.9,1
0,No,No,1,No,No,No,Yes,Month-to-month,Yes,Electronic check,75.9,75.9,1
0,No,No,58,Yes,Yes,No,No,One year,No,Bank transfer (automatic),99.15,5720.95,0
0,Yes,No,7,No,No,No,No,Month-to-month,Yes,Electronic check,86.5,582.5,1
0,No,No,24,No,No,Yes,No,Month-to-month,Yes,Mailed check,89.85,2165.05,1
0,Yes,No,18,No,No,Yes,No,Month-to-month,Yes,Credit card (automatic),95.95,1745.5,0
0,Yes,Yes,31,Yes,No,Yes,No,One year,No,Bank transfer (automatic),98.05,3082.1,0
0,No,No,28,No,No,Yes,No,Month-to-month,Yes,Bank transfer (automatic),59.55,1646.45,0
0,No,No,1,No,No,No,No,Month-to-month,Yes,Mailed check,45.8,45.8,0
1,No,No,18,No,Yes,No,No,Month-to-month,Yes,Electronic check,73.55,1359.45,0
0,No,No,4,No,No,No,No,Month-to-month,Yes,Credit card (automatic),70.05,266.9,1
1,Yes,No,54,No internet service,No internet service,No internet service,No internet service,Two year,Yes,Mailed check,18.95,1031.1,0
0,Yes,Yes,72,Yes,Yes,Yes,Yes,Two year,Yes,Bank transfer (automatic),117.6,8308.9,0
0,No,No,1,No,Yes,Yes,No,Month-to-month,Yes,Electronic check,82.3,82.3,1
0,Yes,Yes,69,Yes,Yes,Yes,Yes,Two year,Yes,Bank transfer (automatic),114.35,7665.8,0
1,Yes,No,49,No,Yes,No,No,Month-to-month,No,Credit card (automatic),90.05,4547.25,1
1,No,No,53,No,Yes,Yes,No,Month-to-month,Yes,Electronic check,54.45,2854.55,1
0,Yes,Yes,50,No internet service,No internet service,No internet service,No internet service,Two year,No,Mailed check,24.95,1261.45,0
1,No,No,1,No,No,No,No,Month-to-month,Yes,Electronic check,71.15,71.15,1
0,No,No,56,No,Yes,No,No,Month-to-month,Yes,Electronic check,73.85,4092.85,1
0,Yes,No,71,No internet service,No internet service,No internet service,No internet service,One year,No,Electronic check,20.85,1539.75,0
0,Yes,Yes,60,No internet service,No internet service,No internet service,No internet service,Two year,No,Mailed check,20.55,1205.05,0
0,No,No,7,No,No,No,No,Month-to-month,Yes,Bank transfer (automatic),44.65,322.5,0
1,No,No,5,No,Yes,No,No,Month-to-month,Yes,Electronic check,84.7,392.5,0
0,Yes,Yes,29,Yes,No,No,No,Month-to-month,No,Credit card (automatic),94.65,2649.15,1
0,Yes,Yes,68,No,Yes,No,Yes,Two year,Yes,Credit card (automatic),103.75,7039.45,0
0,Yes,Yes,20,Yes,No,No,No,One year,No,Bank transfer (automatic),76.0,1588.75,0
0,No,No,16,No,Yes,No,Yes,Month-to-month,Yes,Mailed check,53.9,834.15,1
0,No,No,71,Yes,Yes,Yes,Yes,Two year,No,Bank transfer (automatic),80.6,5708.2,0
0,Yes,No,32,No,Yes,No,No,Month-to-month,Yes,Credit card (automatic),98.85,3145.9,0
0,No,No,4,No internet service,No internet service,No internet service,No internet service,Month-to-month,Yes,Credit card (automatic),20.7,83.75,0
0,No,Yes,36,No,Yes,No,No,Month-to-month,Yes,Electronic check,94.7,3512.5,0
0,Yes,No,72,Yes,No,Yes,No,Two year,Yes,Electronic check,105.5,7544.0,0
1,Yes,Yes,31,No,No,Yes,Yes,Month-to-month,Yes,Electronic check,98.9,2911.3,1
0,No,No,65,Yes,Yes,No,Yes,One year,Yes,Electronic check,89.85,5844.65,0
0,No,No,5,No,No,No,No,Month-to-month,Yes,Electronic check,85.2,474.8,1
0,No,No,16,Yes,Yes,Yes,Yes,Two year,No,Mailed check,54.85,916.15,0
0,No,No,10,No,Yes,No,No,Month-to-month,Yes,Bank transfer (automatic),80.05,830.7,1
0,No,Yes,49,No internet service,No internet service,No internet service,No internet service,Two year,No,Credit card (automatic),20.45,1024.65,0
1,No,No,43,Yes,Yes,No,No,Month-to-month,Yes,Credit card (automatic),33.45,1500.25,0
0,No,No,1,No,No,No,No,Month-to-month,Yes,Mailed check,24.45,24.45,1
0,Yes,No,4,Yes,Yes,No,No,Month-to-month,No,Mailed check,54.7,235.05,0
0,No,No,2,No,No,No,No,Month-to-month,Yes,Electronic check,70.3,144.0,0
0,Yes,Yes,70,No,Yes,Yes,Yes,Two year,Yes,Electronic check,84.1,5979.7,0
0,No,No,36,No,Yes,No,Yes,One year,Yes,Mailed check,70.7,2511.95,0
0,Yes,Yes,66,Yes,Yes,Yes,No,Two year,No,Bank transfer (automatic),109.25,7082.5,0
0,Yes,Yes,67,Yes,Yes,No,Yes,Two year,No,Credit card (automatic),74.0,4868.4,0
0,No,No,33,No internet service,No internet service,No internet service,No internet service,Two year,No,Mailed check,20.35,689.75,0
0,No,No,23,Yes,No,No,No,Month-to-month,Yes,Bank transfer (automatic),90.05,2169.8,1
0,No,No,34,No,Yes,No,No,Month-to-month,Yes,Credit card (automatic),73.95,2524.45,1
0,No,Yes,11,No,No,No,No,Month-to-month,No,Electronic check,86.2,893.2,0
0,Yes,Yes,49,Yes,Yes,Yes,Yes,One year,Yes,Mailed check,87.2,4345.0,0
0,Yes,No,8,No,No,No,No,Month-to-month,Yes,Credit card (automatic),85.2,627.4,1
0,Yes,No,46,No,No,No,No,Month-to-month,Yes,Electronic check,43.95,2007.85,0
1,Yes,No,72,No,Yes,Yes,Yes,Two year,Yes,Credit card (automatic),110.8,7882.25,0
0,No,No,1,No internet service,No internet service,No internet service,No internet service,Month-to-month,No,Mailed check,20.9,20.9,1
0,Yes,Yes,3,No,Yes,No,No,Month-to-month,Yes,Credit card (automatic),58.7,168.6,0
0,Yes,Yes,32,No,No,Yes,Yes,One year,Yes,Mailed check,36.25,1151.05,0
0,No,No,33,No,Yes,No,Yes,One year,Yes,Bank transfer (automatic),79.95,2684.85,0
1,Yes,No,25,No,Yes,Yes,No,Month-to-month,Yes,Electronic check,98.5,2514.5,1
0,Yes,No,72,Yes,Yes,Yes,Yes,Two year,Yes,Bank transfer (automatic),90.95,6468.6,0
0,Yes,Yes,34,No,No,No,No,Month-to-month,No,Electronic check,78.3,2564.3,1
0,No,No,1,No,No,No,No,Month-to-month,Yes,Electronic check,44.8,44.8,0
0,No,Yes,21,No internet service,No internet service,No internet service,No internet service,Month-to-month,No,Mailed check,20.75,452.2,0
0,No,No,14,No internet service,No internet service,No internet service,No internet service,One year,No,Bank transfer (automatic),20.4,275.7,0
0,No,No,23,Yes,No,Yes,No,One year,Yes,Credit card (automatic),99.95,2292.75,0
1,Yes,No,39,No,Yes,Yes,No,Month-to-month,Yes,Electronic check,105.65,4284.8,1
1,Yes,No,66,No,Yes,Yes,Yes,One year,Yes,Credit card (automatic),108.1,7181.95,0
0,No,Yes,52,No internet service,No internet service,No internet service,No internet service,Two year,No,Credit card (automatic),25.6,1334.5,0
0,Yes,Yes,71,No,Yes,No,Yes,Two year,Yes,Electronic check,84.8,6152.4,0
1,No,No,26,No,Yes,No,No,Month-to-month,Yes,Electronic check,89.15,2277.65,1
0,Yes,Yes,56,Yes,Yes,No,No,One year,No,Bank transfer (automatic),68.75,3815.4,0
0,No,No,10,No,Yes,No,No,Month-to-month,Yes,Credit card (automatic),81.0,818.05,1
0,No,No,72,Yes,Yes,Yes,Yes,Two year,No,Credit card (automatic),115.05,8405.0,0
0,No,No,15,No,No,Yes,Yes,Month-to-month,Yes,Electronic check,101.35,1553.95,1
0,Yes,Yes,67,Yes,No,No,Yes,One year,Yes,Credit card (automatic),94.35,6341.45,1
0,No,No,16,Yes,No,No,No,Month-to-month,Yes,Electronic check,50.15,762.25,1
0,No,No,54,No,Yes,Yes,No,One year,Yes,Bank transfer (automatic),94.75,5121.75,0
0,No,No,11,No,No,No,Yes,Month-to-month,Yes,Electronic check,73.85,926.25,1
0,Yes,Yes,10,Yes,Yes,No,No,One year,No,Electronic check,70.3,676.15,0
0,Yes,No,59,Yes,Yes,Yes,No,One year,Yes,Credit card (automatic),109.15,6557.75,0
0,No,No,25,No internet service,No internet service,No internet service,No internet service,Two year,Yes,Mailed check,20.75,499.4,0
0,No,No,4,No internet service,No internet service,No internet service,No internet service,Month-to-month,No,Mailed check,20.7,73.05,0
0,Yes,Yes,11,No internet service,No internet service,No internet service,No internet service,Two year,No,Mailed check,19.65,225.75,0
0,Yes,No,57,Yes,Yes,Yes,Yes,Month-to-month,Yes,Electronic check,103.05,5925.75,0
1,No,No,69,Yes,No,Yes,Yes,Two year,No,Credit card (automatic),110.25,7467.55,0
1,No,No,15,No,No,No,No,Month-to-month,No,Electronic check,75.65,1146.65,1
0,Yes,Yes,54,No,Yes,Yes,No,Two year,Yes,Bank transfer (automatic),59.8,3246.45,0
0,No,No,59,No internet service,No internet service,No internet service,No internet service,Two year,No,Mailed check,25.0,1510.5,0
0,Yes,No,67,Yes,Yes,Yes,No,One year,No,Mailed check,75.1,5064.45,0
0,No,No,4,Yes,No,No,No,Month-to-month,Yes,Electronic check,80.1,336.15,0
0,Yes,Yes,72,No,Yes,Yes,Yes,Two year,Yes,Bank transfer (automatic),109.2,7711.45,0
0,Yes,No,69,No internet service,No internet service,No internet service,No internet service,One year,Yes,Electronic check,26.3,1763.55,0
0,Yes,No,49,Yes,Yes,Yes,No,One year,No,Electronic check,71.8,3472.05,0
0,No,No,66,Yes,No,Yes,Yes,Two year,Yes,Bank transfer (automatic),61.35,4193.4,0
0,No,No,7,No,No,No,No,Month-to-month,Yes,Bank transfer (automatic),69.85,515.45,0
0,Yes,Yes,62,Yes,Yes,No,No,One year,Yes,Credit card (automatic),94.95,5791.85,0
1,Yes,No,38,Yes,Yes,No,No,One year,No,Credit card (automatic),95.0,3591.25,0
0,Yes,Yes,19,No,No,Yes,Yes,Month-to-month,No,Electronic check,103.3,2012.7,1
0,No,No,63,No internet service,No internet service,No internet service,No internet service,Two year,No,Mailed check,24.2,1618.2,0
1,No,No,21,No internet service,No internet service,No internet service,No internet service,One year,No,Bank transfer (automatic),20.5,429.55,0
0,No,No,1,No,No,No,No,Month-to-month,No,Mailed check,44.45,44.45,0
1,No,No,33,Yes,Yes,Yes,No,Month-to-month,Yes,Bank transfer (automatic),59.45,1884.65,0
1,No,No,67,No,No,Yes,No,Month-to-month,Yes,Credit card (automatic),101.4,6841.05,0
0,Yes,No,17,Yes,No,Yes,No,Month-to-month,No,Mailed check,34.4,592.75,0
0,Yes,Yes,8,Yes,Yes,No,No,Month-to-month,No,Mailed check,54.65,482.25,0
0,No,No,65,Yes,Yes,Yes,No,Month-to-month,Yes,Credit card (automatic),111.05,7107.0,0
1,Yes,No,69,Yes,Yes,No,No,Month-to-month,Yes,Credit card (automatic),84.9,5785.65,0
0,No,No,64,No,No,Yes,Yes,One year,Yes,Credit card (automatic),104.65,6889.8,0
0,No,No,55,No,Yes,No,Yes,One year,Yes,Electronic check,64.2,3627.3,0
0,Yes,Yes,71,Yes,Yes,Yes,No,Two year,Yes,Credit card (automatic),99.0,7061.65,0
0,Yes,No,40,No,No,No,Yes,Month-to-month,Yes,Credit card (automatic),78.85,3126.85,0
0,No,No,23,No,No,Yes,Yes,Month-to-month,Yes,Credit card (automatic),96.9,2085.45,0
0,No,No,72,No internet service,No internet service,No internet service,No internet service,Two year,Yes,Bank transfer (automatic),21.15,1419.4,0
0,No,No,10,No internet service,No internet service,No internet service,No internet service,Month-to-month,No,Mailed check,18.85,163.2,0
0,Yes,No,5,No,Yes,No,No,Month-to-month,Yes,Electronic check,81.3,416.3,1
1,Yes,No,72,Yes,Yes,No,No,One year,Yes,Bank transfer (automatic),106.85,7677.4,0
0,No,No,1,No internet service,No internet service,No internet service,No internet service,Month-to-month,Yes,Mailed check,19.9,19.9,1
0,Yes,Yes,5,No internet service,No internet service,No internet service,No internet service,Month-to-month,Yes,Bank transfer (automatic),25.9,135.0,1
0,Yes,No,65,No,Yes,Yes,Yes,Two year,Yes,Bank transfer (automatic),107.65,7082.85,0
0,Yes,No,33,No,No,Yes,No,One year,Yes,Electronic check,95.8,3036.75,1
0,Yes,Yes,1,No internet service,No internet service,No internet service,No internet service,Month-to-month,Yes,Mailed check,20.5,20.5,1
0,Yes,Yes,10,No internet service,No internet service,No internet service,No internet service,Two year,No,Credit card (automatic),26.1,225.55,0
0,Yes,Yes,70,No,Yes,Yes,No,One year,Yes,Electronic check,106.5,7397.0,0
0,No,No,36,No,Yes,Yes,No,One year,Yes,Bank transfer (automatic),104.8,3886.45,0
0,No,No,21,No,Yes,Yes,No,Month-to-month,Yes,Electronic check,90.05,1862.9,0
0,Yes,No,72,Yes,Yes,Yes,No,Two year,No,Bank transfer (automatic),42.1,2962.0,0
0,No,No,1,No internet service,No internet service,No internet service,No internet service,Month-to-month,No,Electronic check,19.95,19.95,1
0,No,No,19,Yes,Yes,No,No,Month-to-month,Yes,Electronic check,95.15,1789.25,1
0,Yes,Yes,70,No,Yes,Yes,Yes,Two year,Yes,Electronic check,110.2,7689.8,0
0,No,No,7,Yes,Yes,No,Yes,Month-to-month,Yes,Electronic check,78.5,571.05,0
0,No,No,60,No,No,Yes,No,Two year,Yes,Electronic check,89.55,5231.2,0
0,No,Yes,21,No internet service,No internet service,No internet service,No internet service,Two year,No,Mailed check,19.6,397.0,0
0,Yes,Yes,36,No internet service,No internet service,No internet service,No internet service,Month-to-month,No,Bank transfer (automatic),19.2,702.9,0
0,No,No,1,No,Yes,No,No,Month-to-month,No,Mailed check,50.65,50.65,1
0,Yes,No,72,No,No,Yes,No,Month-to-month,Yes,Electronic check,94.65,6747.35,0
0,Yes,Yes,2,No,Yes,No,No,Month-to-month,Yes,Bank transfer (automatic),73.55,145.4,1
0,No,No,1,No internet service,No internet service,No internet service,No internet service,Month-to-month,No,Mailed check,19.9,19.9,1
0,Yes,Yes,7,No,No,No,No,Month-to-month,Yes,Bank transfer (automatic),69.95,529.5,1
0,No,No,22,No internet service,No internet service,No internet service,No internet service,One year,Yes,Mailed check,19.25,412.55,0
0,No,No,33,No,Yes,No,Yes,Two year,No,Bank transfer (automatic),80.6,2651.1,0
0,Yes,Yes,25,No,No,No,No,One year,Yes,Electronic check,90.4,2178.6,1
0,No,No,39,No,No,Yes,Yes,One year,No,Mailed check,35.55,1309.15,0
0,No,No,17,No,No,No,No,Month-to-month,No,Credit card (automatic),25.1,382.8,0
0,No,No,2,No internet service,No internet service,No internet service,No internet service,Month-to-month,Yes,Credit card (automatic),19.9,33.7,0
0,Yes,Yes,3,No,Yes,Yes,No,Month-to-month,Yes,Mailed check,56.15,168.15,1
0,No,No,12,No,No,Yes,No,One year,No,Mailed check,95.5,1115.15,1
0,Yes,Yes,47,No internet service,No internet service,No internet service,No internet service,One year,No,Mailed check,20.05,951.55,0
0,No,No,71,Yes,Yes,Yes,Yes,Two year,No,Mailed check,111.3,7985.9,0
0,No,No,27,No,No,Yes,Yes,Month-to-month,No,Electronic check,59.45,1611.65,0
0,Yes,Yes,63,No internet service,No internet service,No internet service,No internet service,Two year,No,Mailed check,19.55,1245.6,0
0,Yes,No,70,Yes,No,Yes,Yes,Two year,No,Credit card (automatic),65.3,4759.75,1
1,Yes,No,61,No,Yes,Yes,Yes,One year,Yes,Mailed check,98.3,6066.55,0
0,No,No,61,Yes,No,Yes,No,One year,No,Electronic check,104.0,6363.45,0
0,Yes,No,72,No internet service,No internet service,No internet service,No internet service,Two year,No,Credit card (automatic),19.7,1421.9,0
0,Yes,No,65,Yes,No,Yes,No,Month-to-month,Yes,Electronic check,105.05,6914.95,0
1,No,No,4,No,No,No,No,Month-to-month,Yes,Electronic check,74.9,321.75,1
0,Yes,Yes,3,No internet service,No internet service,No internet service,No internet service,Month-to-month,No,Mailed check,19.3,54.7,0
0,Yes,Yes,15,Yes,No,No,No,Month-to-month,Yes,Bank transfer (automatic),30.2,469.65,0
0,Yes,No,72,No,Yes,Yes,No,One year,Yes,Electronic check,101.35,7323.15,0
0,Yes,Yes,68,Yes,Yes,Yes,Yes,Two year,Yes,Credit card (automatic),85.0,5607.75,0
0,No,No,1,No internet service,No internet service,No internet service,No internet service,Month-to-month,Yes,Mailed check,19.6,19.6,1
0,No,No,35,No,Yes,No,Yes,Month-to-month,No,Credit card (automatic),85.3,2917.5,1
0,Yes,Yes,72,Yes,No,Yes,Yes,Two year,Yes,Bank transfer (automatic),80.45,5886.85,0
0,Yes,No,42,No,Yes,No,Yes,One year,No,Mailed check,33.55,1445.3,1
0,Yes,Yes,72,Yes,Yes,Yes,Yes,Two year,Yes,Credit card (automatic),90.8,6397.6,0
1,No,No,13,No,No,No,No,Month-to-month,Yes,Electronic check,90.5,1201.15,1
0,No,No,1,No,No,No,No,Month-to-month,No,Mailed check,45.95,45.95,1
0,No,No,7,No internet service,No internet service,No internet service,No internet service,Month-to-month,Yes,Mailed check,19.4,168.65,0
0,Yes,No,67,No,Yes,No,No,One year,Yes,Bank transfer (automatic),88.4,5798.3,0
0,Yes,Yes,37,No,Yes,Yes,No,Month-to-month,Yes,Electronic check,92.95,3415.25,0
0,Yes,Yes,13,No internet service,No internet service,No internet service,No internet service,Month-to-month,Yes,Mailed check,20.45,254.5,0
0,No,No,26,No internet service,No internet service,No internet service,No internet service,One year,No,Mailed check,19.4,525.55,0
0,No,No,61,Yes,Yes,Yes,Yes,Two year,No,Electronic check,89.65,5308.7,0
0,Yes,No,15,No,No,No,No,Month-to-month,Yes,Electronic check,51.1,711.15,0
0,Yes,Yes,68,No,Yes,Yes,Yes,Two year,No,Bank transfer (automatic),85.3,5560.0,0
0,Yes,Yes,13,No,Yes,Yes,Yes,Month-to-month,No,Bank transfer (automatic),61.8,750.1,0
1,No,No,5,No,No,No,No,Month-to-month,No,Electronic check,78.95,378.4,1
1,Yes,No,16,No,No,Yes,No,Month-to-month,Yes,Electronic check,98.75,1587.55,1
0,No,No,2,No,No,No,No,Month-to-month,No,Mailed check,45.85,81.0,1
0,Yes,Yes,4,No,Yes,No,No,Month-to-month,Yes,Electronic check,97.95,384.5,1
1,Yes,No,7,No,No,Yes,No,Month-to-month,Yes,Electronic check,101.95,700.85,1
0,No,No,1,No,No,No,No,One year,No,Mailed check,25.85,25.85,0
0,Yes,Yes,23,No internet service,No internet service,No internet service,No internet service,Two year,No,Bank transfer (automatic),20.4,478.75,0
0,Yes,No,9,No,Yes,Yes,Yes,Month-to-month,Yes,Mailed check,94.85,890.6,1
1,Yes,Yes,60,Yes,Yes,Yes,Yes,One year,Yes,Credit card (automatic),74.85,4456.35,0
0,Yes,No,71,Yes,Yes,Yes,Yes,Two year,No,Credit card (automatic),89.3,6388.65,0
0,No,No,4,No,No,No,No,Month-to-month,Yes,Bank transfer (automatic),70.9,273.0,1
0,Yes,Yes,67,Yes,Yes,Yes,Yes,Two year,No,Credit card (automatic),54.2,3623.95,0
0,Yes,Yes,33,Yes,No,Yes,No,One year,Yes,Mailed check,103.7,3467.0,1
1,Yes,No,8,No,No,No,No,Month-to-month,Yes,Electronic check,84.0,613.4,1
1,Yes,Yes,71,Yes,Yes,No,No,Month-to-month,Yes,Credit card (automatic),105.1,7548.1,1
0,Yes,Yes,4,No,No,Yes,No,Month-to-month,No,Electronic check,101.15,385.9,1
0,No,No,3,No,No,No,No,Month-to-month,No,Mailed check,55.15,159.15,1
0,Yes,Yes,72,No,Yes,Yes,Yes,Two year,No,Bank transfer (automatic),90.45,6565.85,0
0,No,Yes,25,No internet service,No internet service,No internet service,No internet service,Month-to-month,No,Credit card (automatic),20.05,471.7,0
1,Yes,No,16,No,No,No,No,Month-to-month,Yes,Credit card (automatic),85.35,1375.15,1
1,Yes,No,72,Yes,Yes,Yes,No,Two year,Yes,Credit card (automatic),102.65,7550.3,0
1,No,No,49,No,No,No,No,Month-to-month,Yes,Electronic check,96.2,4718.25,1
0,Yes,No,9,No,Yes,No,No,Month-to-month,No,Mailed check,50.85,466.6,0
1,No,No,64,No,No,Yes,Yes,One year,No,Electronic check,102.1,6688.1,0
0,No,No,1,No internet service,No internet service,No internet service,No internet service,Month-to-month,No,Mailed check,19.85,19.85,0
0,No,No,56,No,Yes,No,Yes,Month-to-month,Yes,Bank transfer (automatic),105.45,5916.95,0
0,Yes,No,49,Yes,Yes,Yes,Yes,Two year,No,Credit card (automatic),106.65,5174.35,0
1,No,No,2,No,No,Yes,No,Month-to-month,Yes,Electronic check,78.55,149.55,1
0,Yes,No,71,No internet service,No internet service,No internet service,No internet service,Two year,Yes,Bank transfer (automatic),24.65,1710.15,0
0,No,Yes,71,Yes,Yes,No,No,One year,Yes,Credit card (automatic),85.45,6028.95,0
0,Yes,Yes,31,No internet service,No internet service,No internet service,No internet service,Two year,No,Mailed check,25.75,755.6,0
0,No,No,6,No,No,No,Yes,Month-to-month,Yes,Bank transfer (automatic),87.95,522.35,0
0,Yes,Yes,43,No internet service,No internet service,No internet service,No internet service,One year,No,Mailed check,20.0,817.95,0
0,No,No,40,Yes,No,No,Yes,One year,Yes,Bank transfer (automatic),54.55,2236.2,0
0,Yes,Yes,28,No,Yes,No,No,Month-to-month,No,Electronic check,64.4,1802.15,0
0,No,No,2,No,No,No,No,Month-to-month,No,Mailed check,24.3,38.45,0
0,No,No,14,No,No,No,No,Month-to-month,Yes,Credit card (automatic),71.0,914.0,1
0,No,No,1,Yes,No,No,No,Month-to-month,Yes,Mailed check,48.55,48.55,1
0,No,No,53,No,Yes,Yes,No,One year,Yes,Mailed check,100.3,5200.8,0
0,No,No,65,No,Yes,Yes,Yes,Month-to-month,Yes,Electronic check,109.15,6941.2,1
0,No,Yes,29,No,Yes,Yes,Yes,One year,No,Credit card (automatic),100.55,2830.45,0
0,No,Yes,33,Yes,No,No,Yes,One year,No,Credit card (automatic),34.05,1113.95,0
0,Yes,Yes,11,Yes,No,No,No,Month-to-month,Yes,Electronic check,29.6,346.45,0
0,No,No,3,Yes,No,No,No,Month-to-month,Yes,Electronic check,74.55,233.65,0
0,No,Yes,68,Yes,Yes,No,Yes,Two year,Yes,Bank transfer (automatic),86.5,5882.75,0
0,Yes,Yes,65,No internet service,No internet service,No internet service,No internet service,Two year,No,Credit card (automatic),24.75,1715.1,0
0,No,No,8,Yes,Yes,Yes,No,Month-to-month,Yes,Bank transfer (automatic),65.5,573.15,0
0,No,No,44,No,Yes,Yes,No,Month-to-month,Yes,Bank transfer (automatic),84.8,3862.55,1
0,No,Yes,1,No internet service,No internet service,No internet service,No internet service,Month-to-month,No,Mailed check,19.85,19.85,0
1,No,No,5,No,No,Yes,No,Month-to-month,Yes,Mailed check,84.85,415.55,1
0,Yes,Yes,30,Yes,Yes,No,No,Month-to-month,Yes,Electronic check,94.4,2838.7,1
0,No,Yes,41,Yes,Yes,Yes,Yes,Two year,Yes,Electronic check,111.15,4507.15,0
0,No,No,1,No internet service,No internet service,No internet service,No internet service,Month-to-month,No,Bank transfer (automatic),20.05,20.05,1
0,Yes,No,51,Yes,Yes,No,Yes,One year,Yes,Bank transfer (automatic),60.5,3145.15,0
0,Yes,No,14,No,No,No,No,Month-to-month,Yes,Electronic check,85.15,1139.2,1
1,Yes,No,60,No,No,No,Yes,Month-to-month,Yes,Electronic check,99.0,6017.9,0
0,No,No,28,No,Yes,Yes,No,Month-to-month,Yes,Electronic check,105.7,2979.5,1
0,No,Yes,14,No,No,Yes,No,Month-to-month,Yes,Credit card (automatic),59.8,824.85,0
0,No,No,5,No,Yes,No,No,Month-to-month,Yes,Electronic check,74.65,383.65,0
0,No,No,38,No internet service,No internet service,No internet service,No internet service,One year,No,Mailed check,20.05,678.2,0
0,No,No,35,No internet service,No internet service,No internet service,No internet service,Two year,No,Bank transfer (automatic),21.45,705.45,0
0,No,No,1,No,No,No,No,Month-to-month,Yes,Electronic check,79.5,79.5,1
0,No,No,58,Yes,No,No,No,Month-to-month,Yes,Bank transfer (automatic),79.8,4526.85,0
0,No,No,47,Yes,Yes,No,Yes,One year,Yes,Mailed check,58.9,2813.05,0
0,No,No,29,No,No,Yes,No,Month-to-month,No,Bank transfer (automatic),100.55,2878.75,0
0,Yes,No,41,Yes,Yes,Yes,No,One year,Yes,Bank transfer (automatic),104.45,4162.05,0
0,Yes,No,4,Yes,No,No,No,Month-to-month,Yes,Electronic check,29.05,129.6,0
0,Yes,No,72,Yes,Yes,Yes,Yes,Two year,Yes,Credit card (automatic),116.95,8594.4,0
0,Yes,No,22,No internet service,No internet service,No internet service,No internet service,Month-to-month,Yes,Bank transfer (automatic),20.45,471.55,0
0,Yes,No,65,No internet service,No internet service,No internet service,No internet service,Two year,Yes,Credit card (automatic),20.4,1414.45,0
0,Yes,No,25,No,No,Yes,No,One year,Yes,Credit card (automatic),38.1,970.4,0
0,No,No,66,Yes,Yes,No,No,One year,Yes,Mailed check,54.8,3465.7,0
0,Yes,No,69,No internet service,No internet service,No internet service,No internet service,Two year,No,Bank transfer (automatic),24.25,1641.8,0
0,No,No,56,No internet service,No internet service,No internet service,No internet service,One year,No,Electronic check,24.9,1334.0,1
0,No,No,38,Yes,Yes,No,Yes,One year,No,Mailed check,70.6,2708.2,0
0,No,No,3,No,No,No,No,Month-to-month,Yes,Electronic check,92.0,266.8,0
0,Yes,Yes,71,No internet service,No internet service,No internet service,No internet service,Two year,No,Credit card (automatic),23.9,1663.5,0
0,No,No,72,Yes,Yes,Yes,Yes,Two year,Yes,Bank transfer (automatic),75.1,5336.35,0
0,Yes,No,58,No,No,Yes,No,One year,No,Credit card (automatic),100.35,5681.1,0
0,Yes,Yes,33,No,No,Yes,No,One year,Yes,Electronic check,93.8,3124.5,1
0,Yes,Yes,67,Yes,No,No,No,Two year,No,Credit card (automatic),50.9,3281.65,0
0,Yes,No,1,No,No,No,No,Month-to-month,Yes,Electronic check,23.45,23.45,1
1,No,No,5,No,No,No,No,Month-to-month,Yes,Electronic check,89.5,477.7,1
0,No,No,22,Yes,No,No,No,Month-to-month,Yes,Electronic check,100.75,2095.0,1
0,No,No,63,No,Yes,No,No,Two year,No,Bank transfer (automatic),97.45,6253.0,0
0,Yes,Yes,72,Yes,No,Yes,Yes,Two year,Yes,Credit card (automatic),83.55,6093.3,0
0,Yes,Yes,71,Yes,No,Yes,Yes,Two year,Yes,Credit card (automatic),82.0,5999.85,0
0,Yes,Yes,29,Yes,Yes,Yes,Yes,One year,Yes,Credit card (automatic),55.35,1636.95,0
0,No,No,25,No,No,Yes,No,Month-to-month,Yes,Electronic check,48.25,1293.8,0
1,No,No,27,No,No,Yes,No,Month-to-month,No,Credit card (automatic),88.3,2467.75,1
0,Yes,No,70,No,No,Yes,Yes,Two year,Yes,Bank transfer (automatic),104.3,7188.5,0
0,Yes,No,5,No,Yes,No,Yes,Month-to-month,Yes,Electronic check,85.4,401.1,1
0,Yes,Yes,13,Yes,Yes,No,Yes,Two year,No,Mailed check,40.55,590.35,0
0,Yes,Yes,31,No,No,No,No,Month-to-month,No,Bank transfer (automatic),59.7,1825.5,0
0,Yes,No,59,No,Yes,No,Yes,Two year,Yes,Mailed check,100.05,6034.85,0
0,Yes,No,70,Yes,No,Yes,Yes,Two year,No,Credit card (automatic),77.3,5498.2,0
0,No,No,1,No,No,No,No,Month-to-month,Yes,Mailed check,44.95,44.95,0
0,No,No,39,Yes,No,Yes,Yes,One year,Yes,Electronic check,95.55,3692.85,1
0,Yes,Yes,72,Yes,No,Yes,Yes,Two year,Yes,Credit card (automatic),104.9,7559.55,0
0,No,No,12,No internet service,No internet service,No internet service,No internet service,Month-to-month,No,Mailed check,19.45,246.25,0
0,Yes,No,64,No,Yes,Yes,Yes,Month-to-month,Yes,Electronic check,111.15,6953.4,0
0,No,Yes,1,No,No,No,No,Month-to-month,No,Electronic check,24.75,24.75,1
0,No,No,3,No internet service,No internet service,No internet service,No internet service,Month-to-month,Yes,Electronic check,20.25,61.45,0
0,No,No,11,No,No,No,No,Month-to-month,No,Electronic check,75.25,888.65,0
1,No,No,4,No,No,No,No,Month-to-month,Yes,Electronic check,74.45,294.45,0
1,Yes,No,72,Yes,Yes,Yes,Yes,Two year,Yes,Credit card (automatic),64.45,4641.1,0
0,Yes,Yes,71,No,No,Yes,No,Two year,No,Electronic check,76.05,5436.45,0
0,Yes,Yes,31,No internet service,No internet service,No internet service,No internet service,Month-to-month,Yes,Mailed check,19.55,658.95,1
0,Yes,Yes,43,No internet service,No internet service,No internet service,No internet service,One year,Yes,Mailed check,19.2,776.25,0
1,Yes,No,65,No,Yes,Yes,No,Month-to-month,Yes,Electronic check,104.35,6578.55,0
0,Yes,Yes,49,No,Yes,No,No,Month-to-month,Yes,Electronic check,98.35,4889.2,0
0,Yes,No,43,No,No,No,No,One year,Yes,Mailed check,56.35,2391.15,0
1,Yes,No,21,No,Yes,Yes,No,One year,No,Bank transfer (automatic),71.7,1497.05,0
0,No,No,20,No internet service,No internet service,No internet service,No internet service,Month-to-month,Yes,Credit card (automatic),18.9,347.65,0
0,No,No,9,No,No,No,No,Month-to-month,Yes,Electronic check,74.75,706.6,1
1,No,No,35,No,No,Yes,No,Month-to-month,Yes,Electronic check,101.4,3496.3,1
0,Yes,No,68,Yes,Yes,Yes,Yes,Two year,No,Credit card (automatic),70.9,4911.35,0
1,Yes,No,69,No,Yes,No,No,Month-to-month,Yes,Electronic check,89.95,6143.15,1
0,No,Yes,10,No,No,No,No,Month-to-month,No,Electronic check,95.2,930.4,1
0,Yes,Yes,59,No internet service,No internet service,No internet service,No internet service,Two year,No,Credit card (automatic),19.5,1222.65,0
0,No,No,15,No,No,Yes,No,One year,No,Electronic check,50.75,688.2,0
0,No,No,11,No,No,No,Yes,Month-to-month,No,Electronic check,90.15,987.95,1
0,No,No,3,No,No,No,No,Month-to-month,Yes,Electronic check,78.5,242.05,1
0,No,No,30,No,Yes,Yes,No,One year,Yes,Credit card (automatic),68.95,2038.7,0
1,Yes,No,18,Yes,No,No,No,Month-to-month,Yes,Credit card (automatic),59.1,1011.05,0
0,Yes,Yes,1,No internet service,No internet service,No internet service,No internet service,One year,No,Mailed check,19.65,19.65,0
0,No,Yes,46,No,No,Yes,Yes,Month-to-month,Yes,Bank transfer (automatic),84.8,3958.85,0
0,No,No,3,No,No,No,No,Month-to-month,Yes,Credit card (automatic),34.8,113.95,0
0,Yes,Yes,32,Yes,No,No,No,Month-to-month,Yes,Credit card (automatic),99.55,3204.65,1
0,Yes,Yes,47,No,No,Yes,Yes,Month-to-month,Yes,Bank transfer (automatic),107.35,5118.95,1
0,Yes,Yes,63,No,Yes,Yes,No,Two year,Yes,Bank transfer (automatic),104.8,6597.25,0
1,Yes,Yes,56,Yes,No,Yes,No,One year,Yes,Bank transfer (automatic),104.55,5794.65,1
0,No,No,1,No,No,Yes,No,Month-to-month,No,Electronic check,94.4,94.4,1
0,Yes,Yes,71,Yes,Yes,Yes,Yes,Two year,Yes,Bank transfer (automatic),116.05,8297.5,0
0,Yes,Yes,26,No,No,No,No,Month-to-month,Yes,Electronic check,83.75,2070.6,1
1,Yes,Yes,28,No,Yes,No,No,One year,Yes,Electronic check,39.1,1096.6,0
0,Yes,No,1,No,No,No,No,Month-to-month,No,Electronic check,70.0,70.0,1
1,Yes,Yes,1,No,No,No,Yes,Month-to-month,Yes,Credit card (automatic),49.25,49.25,1
0,Yes,No,21,No,No,No,No,Month-to-month,No,Bank transfer (automatic),54.6,1125.2,0
0,Yes,Yes,62,No,Yes,No,Yes,One year,Yes,Credit card (automatic),106.05,6703.5,0
0,Yes,No,72,Yes,Yes,No,No,Two year,Yes,Credit card (automatic),94.45,6921.7,0
0,Yes,No,9,No,No,No,Yes,Month-to-month,No,Mailed check,40.65,328.95,1
1,No,No,64,No,Yes,No,Yes,Month-to-month,Yes,Electronic check,43.85,2751.0,0
0,No,No,52,No internet service,No internet service,No internet service,No internet service,One year,No,Mailed check,20.65,1022.95,0
1,No,No,47,No,Yes,No,Yes,Month-to-month,Yes,Electronic check,95.05,4504.55,1
0,Yes,No,58,Yes,Yes,Yes,No,Two year,Yes,Bank transfer (automatic),109.45,6144.55,1
0,Yes,Yes,38,No,Yes,Yes,No,One year,No,Credit card (automatic),78.95,2862.55,0
0,Yes,Yes,65,No internet service,No internet service,No internet service,No internet service,Two year,Yes,Credit card (automatic),19.85,1267.05,0
0,No,No,16,No,Yes,Yes,No,Month-to-month,Yes,Credit card (automatic),95.6,1555.65,1
0,Yes,No,1,No,No,No,Yes,Month-to-month,Yes,Electronic check,84.8,84.8,1
0,No,No,37,No internet service,No internet service,No internet service,No internet service,One year,No,Credit card (automatic),20.15,785.75,0
1,No,No,17,No,Yes,Yes,No,Month-to-month,Yes,Electronic check,101.8,1752.45,0
1,Yes,No,58,No,No,Yes,No,Month-to-month,Yes,Electronic check,98.7,5812.6,1
0,No,No,59,No internet service,No internet service,No internet service,No internet service,Two year,No,Mailed check,19.35,1099.6,1
0,No,No,1,No,No,No,No,Month-to-month,No,Mailed check,70.9,70.9,1
0,Yes,No,62,Yes,Yes,No,Yes,Two year,Yes,Electronic check,84.95,5150.55,0
0,No,No,7,No,No,No,No,Month-to-month,Yes,Mailed check,69.9,497.3,0
0,Yes,Yes,53,Yes,Yes,No,No,Two year,No,Bank transfer (automatic),69.7,3686.05,0
0,Yes,No,71,No,Yes,No,Yes,Two year,Yes,Credit card (automatic),104.15,7365.3,0
0,Yes,No,69,Yes,Yes,Yes,Yes,Two year,Yes,Mailed check,84.7,5878.9,0
0,Yes,Yes,72,No internet service,No internet service,No internet service,No internet service,Two year,No,Bank transfer (automatic),20.1,1460.85,0
0,Yes,Yes,62,No internet service,No internet service,No internet service,No internet service,Two year,No,Bank transfer (automatic),20.45,1297.35,0
0,Yes,No,60,Yes,No,No,No,One year,Yes,Mailed check,59.8,3561.15,0
0,No,No,9,Yes,No,No,Yes,Month-to-month,No,Mailed check,64.95,547.8,0
0,Yes,No,2,No,No,No,No,Month-to-month,Yes,Electronic check,45.0,89.75,0
0,No,No,46,No,No,Yes,Yes,One year,No,Credit card (automatic),33.7,1537.85,0
0,Yes,Yes,50,No,No,No,No,Month-to-month,Yes,Bank transfer (automatic),84.4,4116.15,1
0,No,No,3,No internet service,No internet service,No internet service,No internet service,Month-to-month,No,Electronic check,20.2,65.95,0
0,No,Yes,39,No internet service,No internet service,No internet service,No internet service,One year,No,Bank transfer (automatic),19.35,779.2,0
0,No,No,29,No,Yes,No,No,Month-to-month,Yes,Electronic check,30.6,856.35,1
1,No,No,24,No,Yes,No,No,Month-to-month,Yes,Electronic check,80.5,2088.45,0
1,Yes,No,20,No,Yes,No,No,Month-to-month,Yes,Electronic check,73.65,1463.5,1
1,No,No,4,No,No,No,No,Month-to-month,Yes,Electronic check,95.45,396.1,1
1,No,No,31,No,Yes,No,No,Month-to-month,Yes,Electronic check,90.7,2845.15,0
0,No,No,1,No,No,No,No,Month-to-month,Yes,Electronic check,80.8,80.8,1
0,Yes,Yes,67,No,Yes,Yes,Yes,Two year,Yes,Electronic check,59.55,4103.9,0
0,Yes,Yes,68,No,Yes,Yes,Yes,One year,Yes,Bank transfer (automatic),75.8,5293.95,1
1,Yes,No,32,No,No,No,No,Month-to-month,Yes,Credit card (automatic),80.3,2483.05,1
0,Yes,Yes,42,No,Yes,Yes,No,One year,Yes,Credit card (automatic),45.1,2049.05,0
0,No,No,68,Yes,No,No,No,Month-to-month,No,Mailed check,54.45,3687.75,0
0,No,No,5,No,No,No,No,Month-to-month,Yes,Bank transfer (automatic),75.9,357.75,1
0,Yes,Yes,67,Yes,Yes,No,Yes,One year,No,Electronic check,89.55,6038.55,0
0,No,No,26,No,No,Yes,No,Month-to-month,Yes,Electronic check,80.7,2193.0,0
0,No,No,40,Yes,Yes,Yes,No,One year,No,Credit card (automatic),62.05,2511.55,0
0,No,No,21,No internet service,No internet service,No internet service,No internet service,Two year,No,Mailed check,19.6,390.4,0
0,Yes,Yes,26,Yes,Yes,No,Yes,Month-to-month,No,Credit card (automatic),38.85,1025.15,0
0,No,No,56,No,No,No,No,Month-to-month,Yes,Credit card (automatic),44.85,2564.95,0
0,No,No,23,No internet service,No internet service,No internet service,No internet service,Month-to-month,No,Electronic check,20.85,473.9,0
0,Yes,Yes,13,No internet service,No internet service,No internet service,No internet service,Two year,No,Mailed check,20.85,272.35,0
0,No,No,1,No,Yes,No,Yes,Month-to-month,No,Mailed check,60.1,60.1,1
0,No,No,7,No,No,No,Yes,Month-to-month,Yes,Credit card (automatic),70.75,450.8,1
0,No,No,11,No,No,No,No,Month-to-month,No,Electronic check,70.2,760.05,0
0,No,No,72,Yes,Yes,Yes,Yes,Two year,Yes,Credit card (automatic),112.75,8192.6,0
0,Yes,No,62,No,No,No,Yes,Two year,Yes,Bank transfer (automatic),39.0,2337.45,0
0,Yes,No,72,No internet service,No internet service,No internet service,No internet service,Two year,No,Mailed check,25.4,1710.9,0
0,No,Yes,10,Yes,No,Yes,Yes,One year,No,Credit card (automatic),73.55,693.3,0
1,Yes,No,3,No,Yes,No,No,Month-to-month,Yes,Bank transfer (automatic),74.6,239.05,0
0,No,No,3,No,No,Yes,No,Month-to-month,Yes,Mailed check,74.75,238.1,0
0,Yes,No,29,No,Yes,No,No,Month-to-month,Yes,Bank transfer (automatic),80.15,2265.25,1
0,No,No,1,No internet service,No internet service,No internet service,No internet service,Two year,No,Mailed check,20.45,20.45,0
0,No,No,11,No internet service,No internet service,No internet service,No internet service,One year,No,Mailed check,20.0,211.95,0
0,No,No,10,No internet service,No internet service,No internet service,No internet service,Month-to-month,Yes,Electronic check,24.0,226.55,0
0,Yes,Yes,12,No internet service,No internet service,No internet service,No internet service,Month-to-month,Yes,Credit card (automatic),20.1,232.4,0
0,No,No,6,No,No,No,No,Month-to-month,Yes,Electronic check,55.0,340.4,0
0,No,Yes,1,No,No,No,No,Month-to-month,Yes,Electronic check,79.35,79.35,1
0,No,No,40,No internet service,No internet service,No internet service,No internet service,Two year,Yes,Mailed check,24.6,973.95,0
0,No,No,15,No,Yes,No,No,Month-to-month,Yes,Electronic check,79.75,1111.85,1
0,Yes,No,71,Yes,No,Yes,Yes,Two year,No,Bank transfer (automatic),81.85,5924.4,0
0,Yes,No,32,No,No,No,Yes,One year,Yes,Electronic check,79.25,2619.15,0
0,Yes,No,67,No,Yes,Yes,No,Two year,Yes,Electronic check,93.15,6368.2,0
0,No,No,1,No,No,No,No,Month-to-month,No,Bank transfer (automatic),69.7,69.7,1
1,Yes,No,36,No,No,Yes,Yes,One year,No,Credit card (automatic),54.1,1992.85,0
0,No,Yes,66,No internet service,No internet service,No internet service,No internet service,Two year,No,Credit card (automatic),19.95,1269.1,0
0,No,No,9,No,No,No,No,Month-to-month,Yes,Electronic check,85.35,758.6,1
0,Yes,Yes,35,No,Yes,No,No,Month-to-month,Yes,Bank transfer (automatic),89.65,3161.6,0
0,Yes,No,12,No,No,No,No,Month-to-month,No,Bank transfer (automatic),45.9,505.95,0
0,No,No,72,Yes,Yes,Yes,Yes,Two year,No,Bank transfer (automatic),69.65,4908.25,0
0,No,No,37,No internet service,No internet service,No internet service,No internet service,One year,Yes,Electronic check,19.8,695.05,0
0,No,No,16,No internet service,No internet service,No internet service,No internet service,Month-to-month,Yes,Credit card (automatic),20.6,330.25,0
0,No,Yes,7,No,No,No,No,Month-to-month,Yes,Electronic check,71.05,472.65,0
1,Yes,No,38,Yes,No,No,No,Month-to-month,Yes,Electronic check,83.45,3147.15,0
0,Yes,Yes,68,Yes,Yes,Yes,No,Two year,Yes,Bank transfer (automatic),105.25,7173.15,0
0,Yes,Yes,40,No internet service,No internet service,No internet service,No internet service,Two year,No,Credit card (automatic),25.25,1006.9,0
0,No,No,29,No,No,No,No,Month-to-month,Yes,Credit card (automatic),76.0,2215.25,0
0,No,No,2,No,No,No,No,Month-to-month,Yes,Electronic check,85.65,181.5,1
0,Yes,Yes,69,No internet service,No internet service,No internet service,No internet service,Two year,No,Bank transfer (automatic),24.45,1718.2,0
0,No,No,1,Yes,No,No,No,Month-to-month,Yes,Electronic check,95.6,95.6,1
1,No,No,71,Yes,Yes,Yes,Yes,Two year,No,Mailed check,89.85,6293.45,0
0,No,No,17,Yes,No,No,No,Month-to-month,No,Electronic check,93.85,1625.65,1
1,Yes,No,45,No,Yes,Yes,Yes,One year,Yes,Bank transfer (automatic),98.7,4525.8,0
0,Yes,No,72,Yes,Yes,Yes,Yes,Two year,Yes,Credit card (automatic),88.7,6301.7,0
0,No,No,11,No,No,No,No,Month-to-month,Yes,Mailed check,44.65,472.25,0
0,Yes,Yes,65,No,No,Yes,Yes,Two year,Yes,Bank transfer (automatic),104.1,6700.05,0
1,No,No,52,Yes,No,Yes,No,Two year,No,Bank transfer (automatic),59.85,3103.25,0
0,No,No,48,No internet service,No internet service,No internet service,No internet service,Two year,No,Credit card (automatic),24.0,1183.05,0
0,Yes,No,8,Yes,No,No,No,Month-to-month,No,Electronic check,75.0,632.95,1
1,No,No,8,No,No,Yes,No,Month-to-month,Yes,Credit card (automatic),94.45,742.95,1
0,Yes,Yes,54,Yes,Yes,No,Yes,Two year,Yes,Credit card (automatic),65.65,3566.7,0
1,Yes,No,11,No,No,No,No,Month-to-month,Yes,Electronic check,70.2,834.7,0
0,Yes,No,68,No internet service,No internet service,No internet service,No internet service,Two year,No,Credit card (automatic),25.8,1911.5,0
0,Yes,Yes,70,No internet service,No internet service,No internet service,No internet service,Two year,No,Bank transfer (automatic),24.7,1685.9,0
0,No,Yes,26,No,Yes,Yes,Yes,Two year,Yes,Electronic check,105.45,2715.3,0
0,No,No,3,No,No,No,No,Month-to-month,Yes,Electronic check,80.5,232.35,0
1,No,No,1,No,No,No,No,Month-to-month,Yes,Electronic check,70.55,70.55,1
0,Yes,Yes,69,No internet service,No internet service,No internet service,No internet service,Two year,No,Mailed check,19.4,1346.2,0
0,No,No,2,No,No,No,No,Month-to-month,No,Electronic check,44.45,82.7,0
0,Yes,Yes,71,Yes,No,Yes,Yes,Two year,No,Electronic check,100.45,7159.7,0
0,Yes,Yes,4,No internet service,No internet service,No internet service,No internet service,Month-to-month,No,Mailed check,20.85,62.9,0
0,Yes,No,1,No,No,No,No,Month-to-month,No,Credit card (automatic),44.7,44.7,1
0,No,No,1,No,No,No,No,Month-to-month,No,Electronic check,70.4,70.4,1
0,No,No,1,No,No,No,No,Month-to-month,No,Electronic check,76.0,76.0,1
1,No,No,8,No,Yes,No,No,Month-to-month,Yes,Electronic check,74.5,606.55,1
0,No,No,6,No,No,No,Yes,Month-to-month,No,Mailed check,50.05,288.35,0
0,No,No,4,No,No,No,No,Month-to-month,No,Mailed check,45.65,191.05,1
0,Yes,Yes,42,Yes,No,No,Yes,One year,No,Credit card (automatic),63.7,2763.35,0
0,Yes,Yes,33,No internet service,No internet service,No internet service,No internet service,One year,No,Credit card (automatic),20.1,620.55,0
0,Yes,Yes,39,Yes,No,Yes,Yes,One year,No,Credit card (automatic),80.0,3182.95,1
0,Yes,Yes,42,No,No,Yes,Yes,Two year,Yes,Electronic check,100.4,4303.65,0
1,No,No,13,No,Yes,Yes,No,Month-to-month,Yes,Electronic check,106.9,1364.3,1
0,No,No,1,No,No,No,No,Month-to-month,Yes,Electronic check,81.1,81.1,1
0,No,Yes,66,Yes,No,Yes,Yes,Two year,Yes,Credit card (automatic),90.95,5930.05,0
0,Yes,Yes,70,Yes,No,No,No,One year,No,Bank transfer (automatic),65.2,4543.15,0
0,No,No,64,Yes,Yes,Yes,Yes,Two year,Yes,Credit card (automatic),86.4,5442.05,0
0,No,No,3,No,No,Yes,Yes,Month-to-month,Yes,Electronic check,98.7,293.65,1
0,Yes,No,72,Yes,No,Yes,Yes,Two year,Yes,Bank transfer (automatic),84.9,6065.3,0
0,No,Yes,1,No,Yes,No,No,Month-to-month,Yes,Electronic check,49.9,49.9,0
0,No,No,11,Yes,No,No,No,Month-to-month,No,Credit card (automatic),48.55,501.0,1
0,No,No,71,Yes,Yes,Yes,Yes,Two year,Yes,Electronic check,118.65,8477.6,0
0,Yes,Yes,56,No,Yes,Yes,Yes,One year,Yes,Mailed check,85.85,4793.8,0
0,Yes,Yes,71,No,Yes,No,No,One year,No,Bank transfer (automatic),100.55,7113.75,0
0,Yes,No,19,No,Yes,No,No,Month-to-month,Yes,Electronic check,89.1,1620.8,0
0,No,No,10,Yes,Yes,Yes,No,Month-to-month,Yes,Electronic check,104.4,1081.45,1
0,No,No,65,Yes,Yes,No,Yes,Two year,Yes,Mailed check,59.6,3739.8,0
1,Yes,No,28,No,Yes,No,Yes,Month-to-month,Yes,Electronic check,105.8,2998.0,0
0,Yes,No,1,No,No,No,No,Month-to-month,Yes,Mailed check,69.4,69.4,1
1,No,No,39,No,Yes,No,No,Month-to-month,No,Electronic check,90.7,3413.25,0
0,Yes,No,70,Yes,Yes,Yes,Yes,One year,No,Credit card (automatic),115.65,7968.85,1
0,Yes,No,2,No,No,No,No,Month-to-month,Yes,Electronic check,84.05,134.05,0
0,Yes,Yes,21,No,Yes,Yes,Yes,Month-to-month,Yes,Electronic check,102.8,2110.15,1
0,No,No,34,Yes,Yes,Yes,Yes,One year,No,Credit card (automatic),116.25,3899.05,0
0,Yes,Yes,2,No,No,No,No,Month-to-month,Yes,Electronic check,71.65,135.75,0
0,Yes,No,65,Yes,Yes,Yes,No,Two year,No,Bank transfer (automatic),71.0,4386.2,0
0,Yes,Yes,17,Yes,No,No,Yes,One year,Yes,Mailed check,62.1,1096.65,0
0,No,No,46,No,Yes,No,No,Month-to-month,No,Bank transfer (automatic),30.3,1380.1,1
0,Yes,No,8,Yes,No,No,No,Month-to-month,Yes,Electronic check,74.5,609.9,1
0,Yes,Yes,44,No,No,Yes,Yes,One year,Yes,Electronic check,54.3,2317.1,0
0,No,No,50,No,No,Yes,Yes,Two year,No,Bank transfer (automatic),69.5,3418.2,0
0,No,No,1,No,No,No,No,Month-to-month,Yes,Electronic check,90.55,90.55,1
0,No,No,7,No,No,No,No,Month-to-month,No,Electronic check,73.6,520.0,1
0,No,No,3,No internet service,No internet service,No internet service,No internet service,Month-to-month,No,Mailed check,19.95,58.0,0
0,No,No,32,No internet service,No internet service,No internet service,No internet service,One year,No,Credit card (automatic),20.35,707.5,0
0,No,No,5,Yes,No,No,Yes,Month-to-month,No,Electronic check,54.2,308.25,1
0,No,No,3,No,Yes,No,Yes,Month-to-month,Yes,Mailed check,36.85,108.7,1
0,Yes,Yes,57,No,No,No,No,Month-to-month,Yes,Electronic check,74.3,4018.35,0
0,Yes,Yes,52,No,Yes,Yes,Yes,Two year,No,Mailed check,50.2,2554.0,0
0,No,No,1,No,Yes,No,No,Month-to-month,No,Electronic check,50.8,50.8,1
0,No,No,1,No,No,No,No,Month-to-month,Yes,Mailed check,84.65,84.65,1
0,No,No,26,No,No,No,No,Month-to-month,No,Electronic check,45.45,1233.15,0
0,No,No,31,No,No,No,No,Month-to-month,Yes,Electronic check,76.05,2227.8,0
0,No,No,17,No,Yes,Yes,No,Month-to-month,Yes,Credit card (automatic),90.95,1612.2,0
0,No,No,27,No internet service,No internet service,No internet service,No internet service,Two year,Yes,Bank transfer (automatic),20.25,538.2,0
0,Yes,No,29,No,No,No,No,Month-to-month,Yes,Electronic check,74.95,2149.05,0
0,No,Yes,30,No,No,No,No,Month-to-month,Yes,Electronic check,44.5,1307.8,0
0,Yes,No,46,Yes,No,No,No,Month-to-month,No,Electronic check,53.1,2459.8,0
0,Yes,No,35,No,No,No,Yes,Month-to-month,Yes,Credit card (automatic),91.5,3236.35,0
0,Yes,No,29,No internet service,No internet service,No internet service,No internet service,Two year,Yes,Mailed check,19.55,521.8,0
0,Yes,No,52,Yes,Yes,Yes,Yes,Two year,Yes,Electronic check,106.3,5487.0,0
1,No,Yes,11,No,Yes,No,Yes,Month-to-month,Yes,Electronic check,54.55,601.25,0
0,No,No,2,Yes,No,Yes,No,Month-to-month,Yes,Electronic check,80.45,137.1,0
0,Yes,No,45,Yes,Yes,Yes,No,One year,No,Bank transfer (automatic),78.8,3597.5,0
1,No,No,57,No,Yes,Yes,No,Month-to-month,Yes,Electronic check,55.0,3094.05,0
0,No,No,59,No,Yes,Yes,No,Month-to-month,Yes,Electronic check,83.25,4949.1,0
0,No,No,62,Yes,No,No,Yes,Two year,Yes,Mailed check,65.1,3846.75,0
0,No,No,11,No,Yes,Yes,No,Month-to-month,No,Mailed check,34.7,383.55,0
0,Yes,Yes,71,Yes,Yes,Yes,No,Two year,Yes,Bank transfer (automatic),109.0,7661.8,0
0,No,No,9,No internet service,No internet service,No internet service,No internet service,Month-to-month,No,Mailed check,20.25,186.15,0
0,No,No,43,No,Yes,No,Yes,One year,No,Electronic check,55.45,2444.25,0
0,No,No,13,No internet service,No internet service,No internet service,No internet service,Month-to-month,Yes,Mailed check,19.3,279.3,0
0,No,No,19,No,No,No,Yes,Month-to-month,Yes,Credit card (automatic),61.55,1093.2,0
0,Yes,No,7,Yes,Yes,No,No,Month-to-month,No,Mailed check,34.2,256.6,0
0,No,Yes,71,Yes,Yes,Yes,Yes,Two year,Yes,Credit card (automatic),76.9,5522.7,0
0,No,No,22,Yes,No,No,Yes,Month-to-month,No,Mailed check,55.1,1253.15,0
0,No,No,44,No,No,Yes,Yes,Two year,No,Bank transfer (automatic),100.1,4378.35,0
0,Yes,No,7,No,No,No,No,Month-to-month,Yes,Electronic check,81.1,576.65,1
0,No,No,1,Yes,No,No,No,Month-to-month,Yes,Credit card (automatic),48.6,48.6,1
0,Yes,Yes,9,No internet service,No internet service,No internet service,No internet service,Two year,No,Mailed check,19.6,197.4,0
1,No,No,36,No,No,No,No,Month-to-month,Yes,Bank transfer (automatic),74.9,2659.45,0
0,Yes,No,13,No,No,Yes,No,One year,Yes,Mailed check,75.3,989.45,1
0,No,No,12,No internet service,No internet service,No internet service,No internet service,One year,Yes,Bank transfer (automatic),19.35,219.35,0
1,Yes,No,19,No,Yes,Yes,No,Month-to-month,Yes,Credit card (automatic),34.3,577.15,0
0,Yes,Yes,30,Yes,No,No,No,Month-to-month,Yes,Bank transfer (automatic),54.45,1588.7,0
0,No,Yes,62,No,No,Yes,Yes,Two year,Yes,Electronic check,104.05,6590.5,0
0,No,No,1,No internet service,No internet service,No internet service,No internet service,Month-to-month,No,Mailed check,20.2,20.2,0
0,Yes,Yes,62,No,No,No,No,Month-to-month,Yes,Credit card (automatic),70.45,4300.45,0
0,No,No,32,Yes,No,No,No,One year,No,Mailed check,74.75,2282.95,0
0,Yes,No,40,No,No,No,No,Month-to-month,Yes,Bank transfer (automatic),97.1,3706.95,1
0,Yes,Yes,7,No,No,No,No,Month-to-month,Yes,Electronic check,24.7,149.05,0
1,No,No,26,Yes,Yes,No,No,Month-to-month,Yes,Electronic check,95.0,2497.2,1
0,No,No,52,No,No,Yes,No,Month-to-month,Yes,Credit card (automatic),83.8,4331.4,0
0,No,No,17,No internet service,No internet service,No internet service,No internet service,One year,No,Mailed check,19.95,310.6,0
0,Yes,No,67,No,Yes,Yes,Yes,Two year,Yes,Bank transfer (automatic),111.3,7567.2,0
0,Yes,No,20,No,No,No,No,Month-to-month,Yes,Bank transfer (automatic),69.8,1540.35,0
0,No,No,48,No internet service,No internet service,No internet service,No internet service,Two year,No,Credit card (automatic),20.15,982.95,0
0,No,No,1,No,No,No,No,Month-to-month,Yes,Mailed check,45.05,45.05,1
0,Yes,Yes,13,No,Yes,Yes,Yes,Month-to-month,Yes,Electronic check,72.8,930.05,0
1,No,No,42,No,Yes,No,No,Month-to-month,Yes,Bank transfer (automatic),79.35,3344.1,0
0,Yes,Yes,8,No internet service,No internet service,No internet service,No internet service,One year,No,Credit card (automatic),19.9,153.95,0
0,Yes,Yes,68,Yes,Yes,Yes,Yes,One year,Yes,Electronic check,78.45,5333.35,0
0,No,No,60,Yes,Yes,Yes,Yes,One year,Yes,Credit card (automatic),116.6,7049.5,0
0,Yes,No,18,Yes,No,No,No,Month-to-month,Yes,Electronic check,99.4,1742.95,1
0,Yes,Yes,25,No internet service,No internet service,No internet service,No internet service,One year,No,Electronic check,19.6,411.15,0
0,Yes,Yes,70,Yes,Yes,Yes,Yes,Two year,No,Electronic check,80.7,5617.95,0
0,Yes,Yes,13,Yes,No,Yes,No,Month-to-month,Yes,Mailed check,63.15,816.8,0
0,Yes,No,35,No,No,No,No,Month-to-month,Yes,Electronic check,70.3,2416.55,1
0,Yes,Yes,11,Yes,No,No,No,Month-to-month,Yes,Bank transfer (automatic),65.15,723.35,0
0,Yes,No,72,Yes,No,Yes,No,Two year,Yes,Credit card (automatic),105.0,7589.8,0
0,Yes,No,17,No,Yes,Yes,No,Month-to-month,Yes,Credit card (automatic),35.65,646.05,0
0,Yes,Yes,71,No internet service,No internet service,No internet service,No internet service,Two year,No,Mailed check,19.8,1396.25,0
0,Yes,No,8,No internet service,No internet service,No internet service,No internet service,Month-to-month,No,Mailed check,20.25,158.35,0
0,No,No,9,Yes,No,No,No,Month-to-month,No,Electronic check,75.6,661.55,0
0,No,No,72,No internet service,No internet service,No internet service,No internet service,Two year,No,Bank transfer (automatic),19.3,1414.8,0
0,No,No,23,No internet service,No internet service,No internet service,No internet service,One year,No,Bank transfer (automatic),20.15,405.6,0
0,No,No,5,No,No,Yes,No,Month-to-month,Yes,Electronic check,92.5,452.7,1
0,Yes,Yes,47,No,Yes,No,No,Month-to-month,Yes,Electronic check,99.35,4749.15,1
0,Yes,Yes,37,No internet service,No internet service,No internet service,No internet service,Month-to-month,No,Electronic check,19.35,683.75,0
0,No,Yes,10,No,No,Yes,Yes,Month-to-month,Yes,Electronic check,91.1,964.35,0
0,Yes,No,15,No,No,Yes,Yes,Month-to-month,Yes,Electronic check,103.45,1539.8,0
0,No,No,5,No,Yes,Yes,No,Month-to-month,No,Mailed check,104.1,541.9,1
0,No,No,52,Yes,Yes,No,Yes,One year,Yes,Credit card (automatic),111.25,5916.45,1
1,Yes,No,67,No,Yes,No,Yes,Two year,No,Bank transfer (automatic),102.9,6989.7,0
1,No,No,9,No,No,No,No,Month-to-month,Yes,Electronic check,74.05,678.45,0
1,No,No,21,Yes,No,No,No,Month-to-month,Yes,Electronic check,41.9,840.1,1
0,No,No,3,No,No,No,No,Month-to-month,Yes,Electronic check,80.35,253.8,0
0,No,No,2,No,No,No,No,Month-to-month,No,Electronic check,24.5,46.4,0
1,No,No,70,No,Yes,Yes,No,One year,Yes,Credit card (automatic),44.05,3011.65,0
0,Yes,Yes,71,No internet service,No internet service,No internet service,No internet service,Two year,No,Bank transfer (automatic),19.9,1389.35,0
1,Yes,No,71,No internet service,No internet service,No internet service,No internet service,Two year,No,Bank transfer (automatic),24.85,1901.0,0
0,No,No,1,No internet service,No internet service,No internet service,No internet service,Month-to-month,No,Credit card (automatic),20.55,20.55,0
0,No,No,1,No,Yes,No,No,Month-to-month,No,Electronic check,49.5,49.5,0
1,Yes,Yes,47,No,No,No,No,Month-to-month,No,Bank transfer (automatic),70.55,3309.25,1
0,Yes,No,67,No,Yes,Yes,Yes,One year,Yes,Credit card (automatic),109.7,7344.45,0
0,Yes,Yes,20,No internet service,No internet service,No internet service,No internet service,One year,No,Bank transfer (automatic),19.7,395.6,0
0,No,No,72,Yes,No,No,Yes,Two year,Yes,Bank transfer (automatic),84.7,6185.15,0
0,No,Yes,63,No internet service,No internet service,No internet service,No internet service,Two year,No,Credit card (automatic),19.5,1215.1,0
0,No,No,2,No,No,No,No,Month-to-month,Yes,Electronic check,70.15,123.8,0
0,Yes,No,71,Yes,No,Yes,Yes,Two year,No,Electronic check,83.2,6126.1,0
0,Yes,Yes,10,No,Yes,Yes,No,Month-to-month,Yes,Mailed check,55.55,551.3,0
0,Yes,No,60,No,Yes,Yes,Yes,Two year,Yes,Credit card (automatic),110.8,6640.7,0
0,No,No,1,No internet service,No internet service,No internet service,No internet service,Month-to-month,Yes,Mailed check,20.25,20.25,1
1,No,No,31,No,No,Yes,Yes,Month-to-month,Yes,Bank transfer (automatic),96.6,2877.95,0
0,No,No,9,No internet service,No internet service,No internet service,No internet service,Month-to-month,Yes,Credit card (automatic),20.45,147.55,0
0,No,No,2,No,No,No,No,Month-to-month,Yes,Credit card (automatic),69.8,134.7,1
0,Yes,Yes,60,Yes,No,Yes,No,One year,Yes,Bank transfer (automatic),95.4,5812.0,0
1,No,No,1,No,No,No,No,Month-to-month,Yes,Electronic check,25.1,25.1,1
0,No,No,8,No,No,No,No,Month-to-month,No,Mailed check,43.55,335.4,0
0,Yes,Yes,49,Yes,No,Yes,Yes,Month-to-month,No,Bank transfer (automatic),61.75,3024.15,0
1,Yes,No,17,No,Yes,No,No,Month-to-month,Yes,Electronic check,76.45,1233.4,1
0,No,No,1,No,Yes,No,Yes,Month-to-month,No,Electronic check,91.7,91.7,1
0,Yes,Yes,25,No internet service,No internet service,No internet service,No internet service,One year,No,Mailed check,20.05,520.1,0
0,Yes,No,71,No internet service,No internet service,No internet service,No internet service,Two year,Yes,Credit card (automatic),24.4,1725.4,0
0,No,No,56,No,Yes,Yes,No,One year,Yes,Electronic check,106.8,5914.4,0
0,Yes,No,22,Yes,No,No,Yes,Month-to-month,No,Credit card (automatic),95.9,2234.95,0
0,Yes,Yes,40,No,No,Yes,Yes,Month-to-month,Yes,Electronic check,84.85,3303.05,1
0,Yes,Yes,52,No,Yes,Yes,Yes,One year,Yes,Electronic check,68.75,3482.85,0
0,No,No,41,No,Yes,No,Yes,One year,Yes,Electronic check,89.55,3729.75,0
0,No,No,2,No internet service,No internet service,No internet service,No internet service,Month-to-month,No,Bank transfer (automatic),18.75,53.15,0
0,No,No,70,No,Yes,No,No,One year,No,Electronic check,98.9,6838.6,0
0,Yes,No,59,Yes,Yes,Yes,No,One year,Yes,Electronic check,110.15,6448.05,1
1,Yes,Yes,3,Yes,No,No,Yes,Month-to-month,Yes,Mailed check,88.3,273.75,1
0,Yes,No,17,No,Yes,No,No,Month-to-month,Yes,Bank transfer (automatic),75.4,1322.55,0
0,Yes,No,10,No,No,No,No,Month-to-month,Yes,Electronic check,85.25,855.3,1
0,Yes,No,68,Yes,Yes,Yes,Yes,Two year,Yes,Credit card (automatic),90.8,6302.85,0
0,No,No,52,No,No,Yes,No,Two year,Yes,Credit card (automatic),89.45,4577.75,0
0,Yes,Yes,54,No,Yes,No,Yes,Two year,Yes,Bank transfer (automatic),79.95,4362.05,0
0,Yes,Yes,15,No internet service,No internet service,No internet service,No internet service,Month-to-month,Yes,Electronic check,25.25,394.85,0
0,No,No,1,No,No,No,No,Month-to-month,No,Mailed check,46.3,46.3,1
0,Yes,Yes,32,No internet service,No internet service,No internet service,No internet service,Month-to-month,Yes,Credit card (automatic),19.45,674.55,0
0,Yes,Yes,4,Yes,No,No,No,Month-to-month,No,Electronic check,50.3,217.1,0
0,No,No,28,No,No,No,No,Month-to-month,Yes,Electronic check,80.6,2244.95,0
0,Yes,Yes,23,No internet service,No internet service,No internet service,No internet service,One year,No,Mailed check,24.35,538.5,0
0,Yes,No,72,No,Yes,Yes,No,Two year,Yes,Bank transfer (automatic),103.75,7346.2,0
0,No,No,2,No,No,Yes,No,Month-to-month,No,Electronic check,94.95,178.1,1
0,Yes,No,72,Yes,Yes,Yes,Yes,Two year,Yes,Credit card (automatic),114.1,8086.4,0
0,Yes,Yes,32,No internet service,No internet service,No internet service,No internet service,Two year,No,Mailed check,18.95,613.95,0
0,Yes,No,40,No,Yes,No,No,One year,No,Bank transfer (automatic),63.9,2635.0,0
0,No,No,12,No,Yes,No,No,Month-to-month,Yes,Bank transfer (automatic),89.75,1052.4,1
0,Yes,No,40,No,Yes,Yes,No,Month-to-month,Yes,Electronic check,80.0,3168.75,0
0,No,No,45,Yes,Yes,No,Yes,One year,Yes,Credit card (automatic),62.55,2796.45,0
0,No,No,18,No,No,No,Yes,Month-to-month,Yes,Electronic check,88.35,1639.3,1
1,Yes,No,30,Yes,Yes,Yes,Yes,Month-to-month,Yes,Bank transfer (automatic),105.7,3181.8,0
1,No,No,27,No,No,No,No,Month-to-month,Yes,Electronic check,85.25,2287.25,1
0,Yes,Yes,35,No internet service,No internet service,No internet service,No internet service,One year,No,Mailed check,19.65,708.8,0
0,No,No,53,Yes,Yes,Yes,No,One year,No,Mailed check,98.6,5311.85,0
1,No,No,13,Yes,No,No,No,Month-to-month,Yes,Electronic check,100.8,1308.1,1
0,No,Yes,44,No,Yes,No,No,One year,Yes,Mailed check,77.55,3471.1,0
0,Yes,No,72,Yes,Yes,No,Yes,Two year,Yes,Bank transfer (automatic),79.35,5753.25,0
0,No,No,41,No,No,Yes,No,One year,No,Mailed check,65.0,2531.8,0
0,Yes,No,63,Yes,Yes,No,No,One year,Yes,Credit card (automatic),79.7,4786.15,0
0,Yes,No,47,No,Yes,Yes,No,Two year,No,Electronic check,73.6,3522.65,0
1,No,No,64,Yes,Yes,No,Yes,Two year,Yes,Credit card (automatic),70.2,4481.0,1
0,Yes,Yes,14,No,Yes,No,No,Month-to-month,Yes,Bank transfer (automatic),90.9,1259.0,1
0,Yes,No,72,Yes,Yes,Yes,No,Two year,Yes,Electronic check,49.2,3580.95,0
0,Yes,Yes,72,No internet service,No internet service,No internet service,No internet service,Two year,Yes,Credit card (automatic),25.1,1790.8,0
0,Yes,Yes,17,Yes,No,Yes,No,Month-to-month,Yes,Electronic check,89.4,1539.45,1
0,No,No,18,No internet service,No internet service,No internet service,No internet service,One year,No,Mailed check,20.1,401.85,0
0,Yes,Yes,27,No internet service,No internet service,No internet service,No internet service,Two year,No,Electronic check,24.5,761.95,0
0,No,Yes,67,No,Yes,No,Yes,Two year,Yes,Electronic check,104.0,7039.05,0
0,No,No,4,No internet service,No internet service,No internet service,No internet service,Month-to-month,No,Mailed check,20.05,83.3,0
1,No,No,2,No,No,No,No,Month-to-month,Yes,Mailed check,75.45,158.4,1
0,No,No,1,No,No,No,No,Month-to-month,Yes,Electronic check,79.25,79.25,1
0,Yes,Yes,19,No internet service,No internet service,No internet service,No internet service,One year,No,Mailed check,19.9,357.7,0
0,No,No,12,No,No,No,No,Month-to-month,Yes,Electronic check,45.05,523.1,0
0,Yes,Yes,72,Yes,Yes,Yes,Yes,Two year,No,Bank transfer (automatic),85.3,6129.2,0
0,Yes,Yes,57,Yes,Yes,No,Yes,One year,No,Mailed check,59.6,3509.4,0
0,No,No,30,Yes,No,No,No,Month-to-month,Yes,Mailed check,64.5,1888.45,0
0,No,No,1,No,No,No,No,Month-to-month,No,Electronic check,84.5,84.5,1
1,No,No,12,No,Yes,Yes,Yes,Month-to-month,Yes,Mailed check,83.8,1029.75,1
0,Yes,No,50,Yes,No,Yes,No,One year,Yes,Mailed check,104.4,5232.9,0
0,No,No,23,No,Yes,Yes,Yes,Month-to-month,No,Bank transfer (automatic),83.2,2032.3,0
0,Yes,No,55,Yes,Yes,Yes,No,Two year,No,Electronic check,58.6,3068.6,0
0,Yes,No,35,No,Yes,No,Yes,One year,Yes,Electronic check,69.0,2441.7,0
0,No,No,1,No,No,No,No,Month-to-month,Yes,Mailed check,25.1,25.1,1
0,No,No,27,No,No,Yes,No,One year,Yes,Bank transfer (automatic),100.5,2673.45,0
0,Yes,Yes,30,No,No,Yes,No,Month-to-month,Yes,Electronic check,100.05,3046.15,1
1,Yes,No,22,Yes,Yes,No,Yes,Month-to-month,Yes,Mailed check,63.55,1381.8,0
1,No,No,24,No,Yes,No,No,Month-to-month,No,Credit card (automatic),54.8,1291.3,0
1,No,No,59,No,No,Yes,No,One year,Yes,Electronic check,99.5,5890.0,0
0,No,No,1,No,No,No,No,Month-to-month,Yes,Electronic check,55.25,55.25,0
0,Yes,Yes,17,Yes,No,Yes,No,One year,No,Credit card (automatic),44.45,792.15,0
0,No,No,26,No,No,Yes,No,Month-to-month,Yes,Bank transfer (automatic),100.5,2599.95,0
0,Yes,Yes,13,No,No,No,No,Month-to-month,No,Electronic check,88.35,1222.8,1
0,No,No,58,No internet service,No internet service,No internet service,No internet service,Two year,No,Credit card (automatic),24.35,1423.85,0
1,No,No,44,Yes,Yes,Yes,No,One year,Yes,Credit card (automatic),109.8,4860.35,0
0,Yes,Yes,67,No,Yes,Yes,No,One year,No,Electronic check,87.4,5918.8,1
0,No,No,5,No,No,No,No,Month-to-month,No,Electronic check,75.55,413.65,1
1,Yes,No,16,No,No,No,No,Month-to-month,Yes,Bank transfer (automatic),71.8,1167.8,1
0,Yes,Yes,57,Yes,No,Yes,Yes,Two year,Yes,Electronic check,84.5,4845.4,0
0,No,No,12,No,No,No,No,Month-to-month,No,Bank transfer (automatic),78.1,947.3,1
0,No,No,24,No internet service,No internet service,No internet service,No internet service,Two year,No,Credit card (automatic),25.15,553.0,0
1,No,No,54,No,No,Yes,Yes,One year,No,Bank transfer (automatic),65.25,3529.95,0
0,Yes,Yes,1,No,Yes,No,No,Month-to-month,Yes,Electronic check,74.7,74.7,1
0,Yes,No,72,Yes,Yes,Yes,Yes,Two year,No,Credit card (automatic),79.55,5810.9,0
0,No,Yes,11,No,No,Yes,No,Month-to-month,Yes,Mailed check,78.0,851.8,0
0,Yes,Yes,42,No internet service,No internet service,No internet service,No internet service,One year,No,Mailed check,20.25,854.9,0
0,No,Yes,44,No internet service,No internet service,No internet service,No internet service,Two year,No,Mailed check,19.9,868.1,0
1,No,No,1,No,No,Yes,No,Month-to-month,Yes,Electronic check,39.65,39.65,1
0,Yes,Yes,54,No internet service,No internet service,No internet service,No internet service,One year,Yes,Bank transfer (automatic),24.75,1342.15,0
0,Yes,Yes,64,No internet service,No internet service,No internet service,No internet service,Two year,Yes,Bank transfer (automatic),19.7,1274.05,0
0,No,No,33,Yes,No,No,No,One year,No,Bank transfer (automatic),80.1,2603.3,0
0,Yes,Yes,35,No internet service,No internet service,No internet service,No internet service,Month-to-month,Yes,Electronic check,25.75,882.55,0
0,No,No,8,No,Yes,No,No,Month-to-month,No,Electronic check,100.85,819.55,1
0,Yes,No,8,Yes,No,No,Yes,Two year,No,Mailed check,65.5,564.35,0
0,No,Yes,13,No,No,Yes,Yes,Month-to-month,No,Mailed check,53.45,718.1,0
0,Yes,Yes,4,No,No,No,No,Month-to-month,Yes,Electronic check,50.9,225.6,1
0,Yes,Yes,72,Yes,Yes,Yes,Yes,Two year,Yes,Credit card (automatic),90.6,6441.85,0
1,No,No,17,No,No,No,No,Month-to-month,Yes,Electronic check,94.2,1608.15,0
0,Yes,Yes,58,No,Yes,Yes,No,One year,Yes,Credit card (automatic),105.2,6225.4,0
0,No,No,72,No,Yes,Yes,No,One year,Yes,Electronic check,104.95,7544.3,0
0,No,No,2,No internet service,No internet service,No internet service,No internet service,Month-to-month,Yes,Mailed check,19.65,38.8,0
0,No,No,17,Yes,Yes,No,Yes,One year,No,Credit card (automatic),79.85,1387.35,0
0,Yes,No,10,No,No,No,No,Month-to-month,Yes,Electronic check,79.95,857.2,1
0,Yes,No,22,Yes,No,No,Yes,Month-to-month,Yes,Electronic check,79.2,1742.75,1
0,No,No,3,No,No,No,No,Month-to-month,Yes,Electronic check,45.35,141.5,1
0,No,No,25,No internet service,No internet service,No internet service,No internet service,One year,No,Bank transfer (automatic),25.3,676.35,1
0,Yes,Yes,69,Yes,Yes,Yes,Yes,Two year,No,Credit card (automatic),113.25,7895.15,0
0,No,Yes,71,No internet service,No internet service,No internet service,No internet service,Two year,No,Mailed check,24.35,1654.6,0
0,Yes,Yes,68,No,Yes,No,No,One year,Yes,Credit card (automatic),101.05,6770.5,0
0,No,No,63,No,No,Yes,No,One year,No,Credit card (automatic),58.55,3503.5,0
1,No,No,24,No,Yes,Yes,No,Month-to-month,Yes,Credit card (automatic),102.95,2496.7,1
0,Yes,No,46,No internet service,No internet service,No internet service,No internet service,One year,Yes,Bank transfer (automatic),24.45,1066.15,0
0,No,No,30,Yes,Yes,Yes,Yes,One year,No,Bank transfer (automatic),85.35,2530.4,1
0,Yes,Yes,68,No internet service,No internet service,No internet service,No internet service,Two year,Yes,Bank transfer (automatic),24.0,1664.3,0
0,Yes,Yes,4,Yes,No,No,No,Month-to-month,No,Credit card (automatic),38.55,156.1,0
1,No,No,1,No,No,No,No,Month-to-month,Yes,Electronic check,85.7,85.7,1
0,Yes,Yes,23,Yes,No,No,Yes,Month-to-month,Yes,Electronic check,99.85,2331.3,1
0,No,No,27,Yes,Yes,No,No,Two year,No,Bank transfer (automatic),52.85,1498.65,0
0,Yes,Yes,6,No,No,No,No,Month-to-month,No,Mailed check,45.5,285.2,0
0,No,Yes,64,No,Yes,No,Yes,Month-to-month,Yes,Credit card (automatic),99.15,6171.2,0
0,Yes,No,2,Yes,No,No,No,Month-to-month,Yes,Mailed check,62.15,113.1,0
1,Yes,No,40,No,No,No,No,One year,No,Electronic check,55.8,2283.3,0
0,Yes,No,9,No,No,Yes,No,Month-to-month,Yes,Bank transfer (automatic),75.75,655.9,1
0,Yes,Yes,33,No,Yes,Yes,Yes,Month-to-month,No,Credit card (automatic),88.6,2888.7,0
0,No,No,23,No,No,Yes,Yes,Month-to-month,Yes,Mailed check,104.05,2470.1,1
0,Yes,Yes,72,No,Yes,No,Yes,Two year,No,Credit card (automatic),53.65,3784.0,0
0,Yes,Yes,71,Yes,Yes,Yes,Yes,Two year,Yes,Credit card (automatic),90.55,6239.05,0
0,Yes,Yes,68,No,Yes,Yes,Yes,One year,No,Credit card (automatic),105.75,7322.5,0
1,Yes,No,39,Yes,Yes,No,No,One year,No,Mailed check,99.1,3877.95,0
0,No,No,19,No,No,No,No,One year,Yes,Credit card (automatic),44.85,893.55,1
0,Yes,Yes,61,No internet service,No internet service,No internet service,No internet service,Two year,Yes,Mailed check,24.2,1445.2,0
0,Yes,Yes,12,No,Yes,No,No,Month-to-month,No,Mailed check,29.2,309.1,1
0,Yes,Yes,72,No,Yes,No,No,One year,Yes,Electronic check,89.7,6588.95,0
1,Yes,Yes,61,No,No,Yes,No,One year,Yes,Electronic check,65.2,3965.05,0
0,No,No,3,No internet service,No internet service,No internet service,No internet service,Month-to-month,No,Mailed check,20.7,57.5,0
0,Yes,Yes,72,Yes,Yes,No,Yes,Two year,No,Mailed check,74.55,5430.65,0
0,Yes,Yes,30,No internet service,No internet service,No internet service,No internet service,One year,No,Bank transfer (automatic),19.55,608.5,0
0,No,No,35,No,No,Yes,No,Month-to-month,Yes,Electronic check,100.25,3527.6,1
0,No,No,3,No,Yes,No,No,Month-to-month,Yes,Electronic check,50.6,155.35,1
0,No,No,49,No,No,Yes,Yes,Two year,No,Credit card (automatic),100.65,4917.75,0
0,No,No,5,No,No,No,No,Month-to-month,Yes,Electronic check,69.75,324.6,1
0,Yes,No,71,No,Yes,Yes,Yes,One year,Yes,Bank transfer (automatic),113.15,7953.25,0
0,Yes,No,2,No internet service,No internet service,No internet service,No internet service,Month-to-month,No,Bank transfer (automatic),19.85,52.0,0
0,No,No,1,No,No,No,No,Month-to-month,Yes,Electronic check,89.25,89.25,0
0,Yes,No,54,Yes,Yes,Yes,Yes,Two year,No,Bank transfer (automatic),109.75,6110.2,1
0,No,Yes,1,Yes,No,No,No,Month-to-month,Yes,Mailed check,73.6,73.6,1
1,No,No,12,No,No,Yes,No,Month-to-month,Yes,Electronic check,99.45,1200.15,1
1,No,No,45,Yes,Yes,No,Yes,Month-to-month,Yes,Electronic check,97.05,4385.05,0
0,Yes,No,18,No,No,No,No,Month-to-month,Yes,Bank transfer (automatic),44.35,768.05,0
0,No,No,43,Yes,Yes,Yes,Yes,One year,Yes,Credit card (automatic),90.65,3882.3,0
0,Yes,Yes,66,No internet service,No internet service,No internet service,No internet service,Two year,Yes,Credit card (automatic),25.3,1672.35,0
0,No,No,1,No,No,No,No,Month-to-month,Yes,Mailed check,70.6,70.6,0
1,No,No,1,No internet service,No internet service,No internet service,No internet service,Month-to-month,No,Mailed check,20.05,20.05,1
0,Yes,Yes,69,No internet service,No internet service,No internet service,No internet service,Two year,No,Bank transfer (automatic),20.2,1376.5,0
0,Yes,Yes,66,Yes,Yes,Yes,Yes,Two year,No,Credit card (automatic),89.9,5958.85,0
0,No,Yes,21,No internet service,No internet service,No internet service,No internet service,Month-to-month,No,Mailed check,24.7,467.15,0
0,No,No,1,No,No,No,No,Month-to-month,Yes,Electronic check,95.45,95.45,1
0,No,No,24,No,Yes,Yes,No,Month-to-month,Yes,Bank transfer (automatic),84.85,2048.8,0
0,Yes,No,60,No internet service,No internet service,No internet service,No internet service,Two year,Yes,Bank transfer (automatic),20.5,1198.8,0
0,No,No,27,Yes,No,Yes,Yes,One year,No,Credit card (automatic),69.35,1927.3,0
1,Yes,No,54,No,No,No,No,Month-to-month,No,Bank transfer (automatic),74.0,3919.15,0
0,No,No,14,No,No,Yes,Yes,Month-to-month,Yes,Electronic check,55.0,771.95,0
1,Yes,Yes,20,Yes,No,Yes,Yes,One year,No,Credit card (automatic),94.3,1818.3,0
0,Yes,Yes,43,No internet service,No internet service,No internet service,No internet service,One year,Yes,Bank transfer (automatic),24.45,993.15,0
1,No,No,2,No,No,No,No,Month-to-month,Yes,Bank transfer (automatic),79.75,159.4,1
0,No,No,36,Yes,No,Yes,Yes,One year,Yes,Credit card (automatic),89.65,3348.1,0
1,Yes,No,60,Yes,Yes,Yes,Yes,Two year,Yes,Bank transfer (automatic),110.0,6668.35,0
0,Yes,No,61,No,No,No,No,One year,Yes,Bank transfer (automatic),96.5,5673.7,0
0,Yes,Yes,3,No,No,No,No,Month-to-month,Yes,Electronic check,80.3,250.05,1
0,Yes,Yes,17,Yes,No,Yes,No,Month-to-month,Yes,Electronic check,104.2,1743.5,1
0,Yes,Yes,25,Yes,Yes,Yes,No,Month-to-month,Yes,Credit card (automatic),58.6,1502.65,1
0,No,No,33,Yes,No,No,Yes,One year,No,Electronic check,59.4,1952.8,0
0,Yes,Yes,65,Yes,No,Yes,No,Two year,Yes,Credit card (automatic),104.3,6725.3,0
0,Yes,No,72,Yes,No,Yes,Yes,Two year,Yes,Credit card (automatic),111.9,8071.05,0
0,No,No,2,No,No,No,No,Month-to-month,Yes,Electronic check,80.2,181.1,1
1,No,No,5,Yes,Yes,No,Yes,Month-to-month,No,Credit card (automatic),59.9,287.85,0
0,No,No,25,Yes,Yes,No,No,Month-to-month,Yes,Bank transfer (automatic),79.85,2015.35,1
0,No,No,8,No internet service,No internet service,No internet service,No internet service,Two year,No,Mailed check,20.0,141.6,0
0,No,No,71,Yes,Yes,Yes,Yes,Two year,No,Credit card (automatic),77.35,5550.1,0
0,No,No,60,No,Yes,Yes,No,Two year,No,Electronic check,104.7,6333.8,0
0,Yes,Yes,34,No,No,No,Yes,Two year,Yes,Electronic check,40.55,1325.85,0
0,No,Yes,39,No,No,Yes,Yes,One year,No,Bank transfer (automatic),54.85,2191.7,0
0,No,No,26,No,No,Yes,Yes,Month-to-month,Yes,Credit card (automatic),44.45,1183.8,0
0,No,Yes,43,Yes,Yes,No,No,Month-to-month,Yes,Electronic check,63.95,2737.05,0
0,Yes,Yes,8,No,No,No,No,Month-to-month,No,Bank transfer (automatic),44.65,369.15,0
0,No,No,71,Yes,No,Yes,Yes,Two year,Yes,Electronic check,108.05,7532.15,1
0,Yes,Yes,5,No,No,No,Yes,Month-to-month,Yes,Mailed check,55.7,259.4,0
0,Yes,No,62,Yes,Yes,Yes,No,Two year,Yes,Credit card (automatic),72.0,4284.2,0
0,Yes,No,2,No internet service,No internet service,No internet service,No internet service,Month-to-month,No,Bank transfer (automatic),20.1,43.15,0
0,Yes,No,49,No internet service,No internet service,No internet service,No internet service,Two year,Yes,Bank transfer (automatic),20.15,973.35,0
0,Yes,Yes,22,No,No,Yes,Yes,One year,Yes,Mailed check,78.65,1663.75,0
0,No,No,7,No internet service,No internet service,No internet service,No internet service,Month-to-month,No,Bank transfer (automatic),20.0,137.6,1
0,Yes,Yes,61,Yes,Yes,No,Yes,One year,Yes,Bank transfer (automatic),50.7,3088.75,0
1,Yes,No,65,Yes,Yes,Yes,No,Month-to-month,Yes,Credit card (automatic),109.4,7227.45,0
0,No,No,19,No internet service,No internet service,No internet service,No internet service,Month-to-month,No,Mailed check,19.9,367.55,0
0,No,No,9,Yes,Yes,Yes,No,One year,No,Mailed check,39.55,373.0,0
0,Yes,Yes,68,Yes,Yes,No,Yes,Two year,No,Bank transfer (automatic),95.1,6683.4,0
0,No,No,30,Yes,Yes,No,No,Month-to-month,Yes,Bank transfer (automatic),55.3,1530.6,0
0,No,No,60,Yes,No,Yes,No,One year,Yes,Electronic check,44.45,2773.9,0
0,Yes,Yes,5,No internet service,No internet service,No internet service,No internet service,Month-to-month,Yes,Mailed check,24.3,132.25,0
0,Yes,Yes,41,No internet service,No internet service,No internet service,No internet service,Two year,No,Bank transfer (automatic),19.3,772.4,0
0,Yes,Yes,21,No,Yes,No,No,Month-to-month,Yes,Bank transfer (automatic),74.05,1565.7,1
0,Yes,No,33,No,No,No,No,Month-to-month,Yes,Credit card (automatic),44.55,1462.6,0
0,No,No,15,No,No,No,No,One year,No,Mailed check,56.15,931.9,0
1,Yes,No,13,Yes,Yes,No,No,Month-to-month,No,Credit card (automatic),93.8,1261.0,0
0,No,No,58,No,No,No,Yes,Month-to-month,Yes,Electronic check,95.3,5817.7,0
1,No,No,10,No,No,No,No,Month-to-month,Yes,Electronic check,34.7,329.8,1
0,No,No,1,No internet service,No internet service,No internet service,No internet service,Month-to-month,No,Mailed check,20.8,20.8,0
1,No,No,16,No,No,No,No,Month-to-month,Yes,Electronic check,84.75,1350.15,1
0,Yes,Yes,58,Yes,Yes,No,No,Month-to-month,Yes,Bank transfer (automatic),93.4,5435.6,1
0,No,No,2,No,No,Yes,Yes,Month-to-month,No,Electronic check,76.4,160.8,1
0,No,No,1,No,No,No,No,Month-to-month,Yes,Mailed check,45.7,45.7,1
0,Yes,No,67,Yes,Yes,Yes,No,One year,No,Credit card (automatic),109.9,7332.4,0
0,Yes,Yes,4,No,No,No,No,Month-to-month,No,Electronic check,44.8,169.65,0
0,No,No,36,Yes,Yes,Yes,Yes,One year,Yes,Mailed check,76.35,2606.35,0
0,Yes,No,25,No internet service,No internet service,No internet service,No internet service,One year,Yes,Mailed check,26.8,733.55,0
1,No,No,3,No,No,No,No,Month-to-month,Yes,Credit card (automatic),75.05,256.25,1
0,No,Yes,17,No,Yes,Yes,Yes,One year,No,Electronic check,80.85,1445.95,0
0,Yes,Yes,53,Yes,Yes,Yes,Yes,Two year,Yes,Bank transfer (automatic),104.05,5566.4,0
1,Yes,Yes,29,No,Yes,Yes,No,Month-to-month,Yes,Mailed check,35.65,1025.15,0
0,No,No,29,Yes,Yes,No,Yes,One year,No,Credit card (automatic),39.5,1082.75,0
0,No,No,69,No internet service,No internet service,No internet service,No internet service,Two year,No,Credit card (automatic),19.95,1399.35,0
1,No,No,8,No,No,Yes,No,Month-to-month,Yes,Electronic check,29.4,221.9,1
1,No,No,5,No internet service,No internet service,No internet service,No internet service,Month-to-month,No,Bank transfer (automatic),20.05,94.15,0
0,No,No,7,No,No,No,No,Month-to-month,Yes,Electronic check,79.0,522.95,1
0,No,No,7,No,No,Yes,No,Month-to-month,Yes,Electronic check,95.35,660.9,1
1,Yes,No,64,No internet service,No internet service,No internet service,No internet service,Two year,No,Credit card (automatic),25.65,1740.8,0
0,No,Yes,9,Yes,No,Yes,Yes,Month-to-month,No,Bank transfer (automatic),93.0,870.25,0
0,Yes,Yes,39,No internet service,No internet service,No internet service,No internet service,One year,Yes,Mailed check,24.2,914.6,0
0,No,No,1,No,No,Yes,No,Month-to-month,Yes,Mailed check,79.55,79.55,1
0,Yes,Yes,72,No internet service,No internet service,No internet service,No internet service,Two year,Yes,Mailed check,20.7,1482.3,0
0,No,No,10,No,No,Yes,Yes,Month-to-month,No,Electronic check,54.25,583.0,0
0,Yes,No,25,Yes,Yes,No,Yes,Month-to-month,Yes,Mailed check,71.05,1837.7,0
1,No,No,66,No,Yes,No,No,Month-to-month,Yes,Credit card (automatic),80.45,5224.35,1
1,No,No,6,No,No,No,No,Month-to-month,Yes,Electronic check,44.4,263.05,0
0,No,No,9,No,No,No,No,Month-to-month,Yes,Bank transfer (automatic),44.2,403.35,1
1,Yes,No,30,No,No,No,Yes,Month-to-month,Yes,Electronic check,101.5,2917.65,0
0,No,No,1,No,No,No,No,Month-to-month,Yes,Electronic check,74.95,74.95,1
0,No,No,35,Yes,No,No,No,Two year,No,Mailed check,55.25,1924.1,0
0,No,No,16,No,Yes,No,No,Month-to-month,Yes,Electronic check,86.25,1340.1,0
0,Yes,Yes,29,No internet service,No internet service,No internet service,No internet service,Two year,No,Mailed check,20.2,558.8,0
0,Yes,No,51,No internet service,No internet service,No internet service,No internet service,Two year,No,Mailed check,25.5,1281.25,0
1,Yes,No,71,Yes,Yes,Yes,Yes,Two year,Yes,Bank transfer (automatic),109.7,7904.25,0
0,No,No,23,No,Yes,No,No,Month-to-month,No,Mailed check,95.3,2192.9,0
0,No,No,35,Yes,Yes,Yes,Yes,Two year,Yes,Mailed check,113.2,3914.05,0
0,Yes,Yes,23,No,Yes,Yes,Yes,Month-to-month,No,Electronic check,83.8,1900.25,1
0,No,No,32,Yes,No,No,No,One year,No,Mailed check,30.15,927.65,0
1,Yes,No,60,No,Yes,No,No,Two year,Yes,Credit card (automatic),49.45,2907.55,0
1,No,No,22,No internet service,No internet service,No internet service,No internet service,One year,Yes,Mailed check,20.05,417.0,0
1,No,No,34,No,Yes,No,Yes,Month-to-month,Yes,Electronic check,96.35,3190.25,0
0,Yes,No,22,No,No,No,No,Month-to-month,Yes,Credit card (automatic),80.0,1706.45,0
0,No,No,54,No,No,Yes,No,One year,Yes,Credit card (automatic),94.1,5060.9,0
0,No,No,46,No,Yes,Yes,Yes,Two year,No,Electronic check,108.65,4903.2,0
0,Yes,Yes,72,No internet service,No internet service,No internet service,No internet service,Two year,Yes,Credit card (automatic),20.1,1326.25,0
0,Yes,Yes,12,No,No,No,Yes,One year,No,Credit card (automatic),30.25,368.85,0
0,No,No,36,Yes,No,No,No,Two year,No,Bank transfer (automatic),31.05,1126.35,0
0,Yes,Yes,69,No internet service,No internet service,No internet service,No internet service,One year,Yes,Credit card (automatic),20.35,1442.65,0
0,Yes,No,5,No,Yes,No,No,Month-to-month,Yes,Electronic check,78.75,412.1,1
0,Yes,Yes,1,Yes,No,No,No,Month-to-month,No,Bank transfer (automatic),30.5,30.5,1
0,Yes,No,61,No,Yes,Yes,Yes,Month-to-month,No,Credit card (automatic),94.15,5731.85,0
0,No,No,26,Yes,Yes,No,No,One year,No,Electronic check,61.55,1581.95,0
0,Yes,Yes,50,No,No,No,No,One year,Yes,Bank transfer (automatic),44.8,2230.85,0
0,No,Yes,23,Yes,Yes,No,Yes,One year,No,Bank transfer (automatic),40.65,947.4,0
0,Yes,No,72,Yes,Yes,Yes,Yes,Two year,Yes,Electronic check,92.4,6786.1,0
0,Yes,Yes,24,No internet service,No internet service,No internet service,No internet service,One year,Yes,Credit card (automatic),20.8,469.65,0
0,No,No,1,No,No,No,No,Month-to-month,Yes,Electronic check,69.35,69.35,1
0,Yes,No,60,Yes,No,Yes,Yes,Month-to-month,Yes,Bank transfer (automatic),109.45,6572.85,0
0,Yes,Yes,58,Yes,Yes,No,No,One year,No,Credit card (automatic),99.25,5846.65,0
0,No,Yes,19,No internet service,No internet service,No internet service,No internet service,Two year,No,Mailed check,20.5,398.55,0
0,No,No,61,No,Yes,Yes,No,One year,Yes,Electronic check,103.95,6423.0,0
0,Yes,Yes,25,No internet service,No internet service,No internet service,No internet service,Two year,No,Mailed check,20.1,486.05,0
0,No,No,13,No,No,No,No,Month-to-month,Yes,Electronic check,80.5,1011.8,0
0,Yes,No,15,No internet service,No internet service,No internet service,No internet service,Month-to-month,Yes,Credit card (automatic),19.45,340.85,0
0,No,No,51,No internet service,No internet service,No internet service,No internet service,Two year,No,Bank transfer (automatic),24.95,1288.0,0
0,Yes,Yes,72,Yes,Yes,Yes,Yes,Two year,Yes,Bank transfer (automatic),116.85,8477.7,0
1,No,No,9,No,No,Yes,No,Month-to-month,No,Credit card (automatic),75.5,637.4,0
0,Yes,Yes,1,No internet service,No internet service,No internet service,No internet service,Month-to-month,Yes,Electronic check,19.9,19.9,1
0,No,No,3,No internet service,No internet service,No internet service,No internet service,Month-to-month,Yes,Mailed check,20.0,61.7,0
0,Yes,Yes,44,No,No,Yes,No,Month-to-month,Yes,Bank transfer (automatic),92.95,4122.9,0
0,Yes,Yes,35,Yes,No,No,Yes,One year,Yes,Bank transfer (automatic),54.95,1916.0,0
0,Yes,Yes,19,No internet service,No internet service,No internet service,No internet service,Two year,No,Mailed check,20.2,387.4,0
0,Yes,Yes,20,No,Yes,Yes,No,Month-to-month,Yes,Bank transfer (automatic),105.85,2239.65,1
0,No,No,18,No,No,No,No,Month-to-month,Yes,Electronic check,85.2,1553.9,1
0,Yes,Yes,71,No internet service,No internet service,No internet service,No internet service,Two year,No,Credit card (automatic),19.7,1415.85,0
0,No,No,9,No,No,No,Yes,Month-to-month,Yes,Bank transfer (automatic),95.9,827.45,0
0,No,No,1,No,No,No,No,Month-to-month,Yes,Electronic check,70.05,70.05,1
0,Yes,No,11,No,Yes,No,No,Month-to-month,Yes,Electronic check,102.0,1145.35,1
0,No,No,2,No,No,No,No,Month-to-month,No,Electronic check,80.75,159.45,1
0,No,No,11,No internet service,No internet service,No internet service,No internet service,One year,No,Mailed check,19.5,226.8,0
0,No,No,17,Yes,Yes,No,No,Month-to-month,Yes,Credit card (automatic),55.5,934.15,0
1,No,No,72,No,Yes,Yes,Yes,Two year,Yes,Bank transfer (automatic),108.1,7774.05,0
0,Yes,Yes,4,No internet service,No internet service,No internet service,No internet service,Two year,No,Credit card (automatic),19.55,68.8,0
0,Yes,Yes,72,Yes,Yes,Yes,Yes,Two year,No,Bank transfer (automatic),80.2,5714.2,0
0,No,No,41,Yes,Yes,Yes,Yes,Month-to-month,Yes,Electronic check,106.5,4282.4,0
0,No,Yes,13,Yes,Yes,No,No,Month-to-month,Yes,Electronic check,56.0,764.55,0
0,Yes,Yes,2,No,No,No,No,Month-to-month,No,Mailed check,65.7,134.35,1
0,Yes,Yes,1,No internet service,No internet service,No internet service,No internet service,Month-to-month,Yes,Credit card (automatic),20.15,20.15,1
1,Yes,No,67,No internet service,No internet service,No internet service,No internet service,Two year,Yes,Bank transfer (automatic),20.05,1263.05,0
0,No,No,1,No internet service,No internet service,No internet service,No internet service,Month-to-month,No,Mailed check,19.2,19.2,0
0,Yes,Yes,15,No,No,No,No,Month-to-month,Yes,Bank transfer (automatic),74.9,1107.25,1
0,Yes,No,67,Yes,Yes,No,No,One year,Yes,Credit card (automatic),90.6,6056.15,1
0,No,No,17,No,Yes,No,No,Month-to-month,Yes,Electronic check,83.55,1329.15,0
0,No,No,70,Yes,Yes,Yes,No,Two year,Yes,Mailed check,111.15,7737.55,0
0,Yes,Yes,36,Yes,No,Yes,Yes,One year,No,Credit card (automatic),60.7,2234.55,0
0,No,No,18,No,Yes,No,No,Month-to-month,Yes,Credit card (automatic),90.0,1527.35,1
0,No,No,25,No internet service,No internet service,No internet service,No internet service,Month-to-month,No,Mailed check,19.05,461.3,0
0,Yes,No,16,No,No,No,No,Month-to-month,Yes,Electronic check,75.4,1189.4,0
0,Yes,Yes,71,No,Yes,No,Yes,Two year,Yes,Credit card (automatic),73.35,5154.5,0
1,Yes,No,11,No,No,Yes,Yes,Month-to-month,Yes,Bank transfer (automatic),104.05,1133.65,1
0,No,No,2,Yes,No,Yes,No,Month-to-month,Yes,Mailed check,55.1,113.35,1
0,No,No,49,Yes,Yes,Yes,Yes,Two year,No,Bank transfer (automatic),67.4,3306.85,0
0,No,No,48,No,Yes,Yes,Yes,Two year,No,Credit card (automatic),78.9,3771.5,0
0,No,No,69,No,Yes,No,Yes,One year,Yes,Bank transfer (automatic),105.2,7386.05,0
0,No,No,53,No,No,No,No,Month-to-month,No,Bank transfer (automatic),85.45,4517.25,1
0,No,No,1,No,No,No,No,Month-to-month,Yes,Electronic check,42.9,42.9,1
0,Yes,Yes,24,Yes,Yes,No,Yes,Month-to-month,Yes,Credit card (automatic),70.3,1706.45,0
0,Yes,No,47,Yes,No,Yes,Yes,One year,Yes,Credit card (automatic),110.85,5275.8,1
0,No,No,3,No internet service,No internet service,No internet service,No internet service,One year,No,Mailed check,20.25,71.2,0
0,No,No,67,No internet service,No internet service,No internet service,No internet service,Two year,No,Bank transfer (automatic),19.95,1311.75,0
0,Yes,Yes,29,Yes,No,No,Yes,One year,No,Bank transfer (automatic),69.05,1958.45,0
0,No,No,41,No,Yes,No,Yes,Two year,Yes,Bank transfer (automatic),98.8,3959.15,0
0,No,No,3,No internet service,No internet service,No internet service,No internet service,Month-to-month,No,Mailed check,24.6,86.35,0
0,Yes,Yes,42,No internet service,No internet service,No internet service,No internet service,One year,Yes,Electronic check,19.05,761.85,0
0,No,No,26,Yes,Yes,No,No,Month-to-month,Yes,Credit card (automatic),86.65,2208.75,0
0,Yes,No,53,No,Yes,No,Yes,One year,No,Bank transfer (automatic),97.75,5043.2,0
0,Yes,No,70,No,Yes,Yes,Yes,Two year,Yes,Bank transfer (automatic),98.7,6858.9,0
1,No,No,2,No,Yes,Yes,Yes,Month-to-month,Yes,Credit card (automatic),95.1,180.25,1
0,Yes,Yes,28,No internet service,No internet service,No internet service,No internet service,Two year,Yes,Credit card (automatic),20.3,487.95,0
1,Yes,No,7,No,No,No,No,Month-to-month,Yes,Electronic check,84.55,646.85,1
0,Yes,No,72,Yes,Yes,Yes,Yes,Two year,No,Credit card (automatic),112.1,7965.95,0
1,Yes,No,61,No,Yes,No,Yes,One year,Yes,Bank transfer (automatic),85.55,5251.75,0
0,No,No,2,Yes,No,Yes,No,Month-to-month,No,Electronic check,53.45,119.5,0
1,Yes,No,66,No,No,No,Yes,Month-to-month,Yes,Credit card (automatic),100.05,6871.9,1
1,Yes,No,25,No,Yes,Yes,No,Month-to-month,No,Bank transfer (automatic),88.4,2191.15,0
0,No,No,4,No,No,No,No,Month-to-month,No,Electronic check,70.4,281.0,1
0,No,Yes,13,No,No,No,No,Month-to-month,No,Credit card (automatic),66.4,831.75,0
0,No,No,48,No,Yes,Yes,No,Month-to-month,Yes,Bank transfer (automatic),107.4,5121.3,1
0,No,No,2,No,Yes,No,No,Month-to-month,No,Electronic check,95.65,167.3,1
0,No,No,9,No,No,No,No,Month-to-month,Yes,Electronic check,76.85,663.55,0
0,No,No,15,No,Yes,No,No,Month-to-month,No,Electronic check,48.85,736.8,0
0,Yes,No,64,Yes,No,No,Yes,One year,Yes,Mailed check,96.9,6314.35,0
0,Yes,No,72,Yes,Yes,Yes,Yes,Two year,Yes,Credit card (automatic),115.55,8312.4,0
1,No,No,19,Yes,No,No,No,Month-to-month,Yes,Electronic check,90.6,1660.0,1
1,No,No,3,No,No,No,No,Month-to-month,No,Electronic check,25.3,77.75,1
0,Yes,Yes,40,Yes,Yes,No,Yes,Month-to-month,Yes,Mailed check,71.35,2847.2,0
0,No,No,62,No,Yes,Yes,Yes,Two year,No,Bank transfer (automatic),84.5,5193.2,0
0,No,No,1,No internet service,No internet service,No internet service,No internet service,Month-to-month,No,Mailed check,20.05,20.05,0
0,No,No,72,Yes,Yes,Yes,Yes,Two year,Yes,Credit card (automatic),73.0,5265.2,0
0,No,No,40,Yes,Yes,No,Yes,Month-to-month,Yes,Mailed check,61.9,2647.1,0
0,Yes,Yes,47,No internet service,No internet service,No internet service,No internet service,Two year,Yes,Bank transfer (automatic),21.3,1041.8,0
0,No,No,60,No,Yes,Yes,Yes,One year,Yes,Credit card (automatic),70.15,4224.7,0
0,Yes,No,17,Yes,Yes,No,No,One year,No,Mailed check,64.8,1175.6,0
1,Yes,No,5,No,No,No,No,Month-to-month,Yes,Electronic check,69.35,341.6,0
0,No,No,43,No,No,No,No,One year,No,Mailed check,94.35,3921.3,0
0,Yes,No,70,Yes,Yes,Yes,Yes,Two year,No,Credit card (automatic),101.0,7085.5,0
1,Yes,No,29,No,No,No,No,Month-to-month,Yes,Electronic check,84.3,2357.75,0
0,No,No,30,No,Yes,Yes,Yes,One year,No,Credit card (automatic),110.45,3327.05,0
0,Yes,No,67,Yes,Yes,No,Yes,Two year,Yes,Bank transfer (automatic),50.95,3521.7,0
0,No,No,4,No,No,No,Yes,Month-to-month,No,Electronic check,30.5,118.4,0
0,No,No,42,No internet service,No internet service,No internet service,No internet service,Two year,Yes,Bank transfer (automatic),20.75,844.45,0
0,Yes,Yes,69,Yes,Yes,Yes,Yes,Two year,Yes,Bank transfer (automatic),75.75,5388.15,0
0,Yes,Yes,20,No,No,Yes,Yes,Month-to-month,Yes,Bank transfer (automatic),95.5,1916.2,0
0,No,No,1,No,Yes,No,No,Month-to-month,No,Electronic check,74.35,74.35,0
0,No,No,15,No,Yes,Yes,No,Month-to-month,Yes,Electronic check,101.25,1457.25,1
0,Yes,Yes,17,Yes,No,No,Yes,Month-to-month,No,Electronic check,91.85,1574.45,1
0,Yes,Yes,9,No,No,No,No,Month-to-month,Yes,Bank transfer (automatic),85.35,754.65,1
0,Yes,No,64,No internet service,No internet service,No internet service,No internet service,Two year,No,Credit card (automatic),19.45,1225.65,0
0,Yes,Yes,54,Yes,Yes,No,No,Month-to-month,Yes,Bank transfer (automatic),104.1,5645.8,0
0,No,No,72,No internet service,No internet service,No internet service,No internet service,Two year,No,Credit card (automatic),25.45,1866.45,0
0,Yes,No,72,No,Yes,No,No,Two year,Yes,Credit card (automatic),97.7,6869.7,0
0,Yes,Yes,69,No internet service,No internet service,No internet service,No internet service,One year,Yes,Credit card (automatic),20.55,1403.1,0
0,No,No,5,Yes,No,No,Yes,Month-to-month,No,Credit card (automatic),53.85,259.8,1
0,No,No,2,No,No,No,No,Month-to-month,Yes,Electronic check,96.0,174.8,1
0,Yes,No,64,Yes,No,Yes,Yes,Two year,Yes,Credit card (automatic),85.0,5484.4,0
0,No,No,6,No internet service,No internet service,No internet service,No internet service,Two year,No,Credit card (automatic),19.65,116.85,0
0,No,No,19,No,No,Yes,Yes,Month-to-month,No,Electronic check,59.55,1144.6,0
0,Yes,Yes,71,Yes,Yes,Yes,Yes,Two year,No,Bank transfer (automatic),86.85,6263.8,0
0,No,No,34,No,Yes,No,No,Month-to-month,Yes,Electronic check,49.8,1734.2,0
0,No,Yes,4,No internet service,No internet service,No internet service,No internet service,Month-to-month,Yes,Bank transfer (automatic),20.05,85.5,0
0,Yes,No,72,Yes,Yes,Yes,Yes,Two year,Yes,Credit card (automatic),92.0,6782.15,0
0,Yes,No,61,Yes,Yes,No,Yes,Two year,Yes,Mailed check,81.05,4747.65,0
1,Yes,No,26,No,Yes,No,No,Month-to-month,No,Electronic check,84.95,2169.75,1
0,No,No,4,No internet service,No internet service,No internet service,No internet service,Month-to-month,No,Credit card (automatic),20.45,82.85,0
0,No,No,68,No,Yes,Yes,No,Two year,Yes,Electronic check,80.65,5330.2,0
0,No,No,15,No internet service,No internet service,No internet service,No internet service,Month-to-month,No,Bank transfer (automatic),19.75,297.3,1
1,No,No,1,No,No,No,No,Month-to-month,Yes,Electronic check,69.65,69.65,1
0,No,No,22,Yes,No,No,No,Month-to-month,Yes,Electronic check,54.45,1127.35,1
0,Yes,No,25,No,No,No,No,Month-to-month,Yes,Bank transfer (automatic),34.0,853.0,1
0,No,No,57,No internet service,No internet service,No internet service,No internet service,Two year,No,Credit card (automatic),20.55,1252.85,0
0,Yes,Yes,27,Yes,No,No,No,Month-to-month,No,Mailed check,74.4,1972.35,0
0,No,No,46,Yes,Yes,Yes,No,One year,Yes,Credit card (automatic),95.65,4664.2,0
1,Yes,No,47,No,No,Yes,No,Month-to-month,Yes,Electronic check,100.05,4871.05,1
0,Yes,No,72,Yes,Yes,Yes,Yes,Two year,Yes,Bank transfer (automatic),89.05,6254.45,0
1,Yes,Yes,51,No,Yes,Yes,No,Month-to-month,Yes,Electronic check,84.2,4146.05,1
1,Yes,No,44,No,No,Yes,No,Month-to-month,Yes,Electronic check,89.2,4040.2,0
0,No,No,49,No,No,No,No,Month-to-month,Yes,Electronic check,84.5,3906.7,0
0,No,No,27,No internet service,No internet service,No internet service,No internet service,Month-to-month,Yes,Electronic check,19.4,529.8,0
0,Yes,No,2,No,Yes,No,Yes,Month-to-month,Yes,Mailed check,64.2,143.65,0
1,Yes,No,35,No,No,Yes,No,Month-to-month,No,Bank transfer (automatic),102.05,3452.55,0
0,Yes,Yes,68,No,No,Yes,Yes,Two year,Yes,Bank transfer (automatic),72.95,4953.25,0
0,No,No,61,No,No,Yes,Yes,Two year,Yes,Electronic check,106.6,6428.4,1
0,Yes,No,52,No,Yes,Yes,No,Month-to-month,Yes,Electronic check,105.05,5624.85,1
1,No,No,2,No,No,No,No,Month-to-month,Yes,Electronic check,93.85,196.75,1
0,Yes,No,69,Yes,Yes,Yes,Yes,One year,Yes,Credit card (automatic),107.2,7317.1,0
0,No,No,35,No internet service,No internet service,No internet service,No internet service,Month-to-month,No,Bank transfer (automatic),19.25,617.65,0
0,No,No,40,No,No,Yes,Yes,Month-to-month,No,Bank transfer (automatic),104.8,4131.95,1
0,No,No,2,No,No,Yes,No,Month-to-month,Yes,Mailed check,86.2,178.7,1
0,No,No,11,Yes,No,No,Yes,One year,Yes,Mailed check,54.6,617.85,0
1,Yes,No,4,No,No,No,No,Month-to-month,Yes,Electronic check,83.25,308.05,0
0,Yes,Yes,62,Yes,No,Yes,Yes,One year,Yes,Bank transfer (automatic),70.75,4263.45,0
0,No,No,8,No,No,No,No,Month-to-month,Yes,Electronic check,59.25,436.6,0
0,Yes,Yes,72,Yes,Yes,Yes,Yes,Two year,Yes,Credit card (automatic),116.8,8456.75,0
0,No,No,5,No,No,No,No,Month-to-month,No,Electronic check,80.2,384.25,0
0,Yes,No,72,Yes,Yes,Yes,Yes,Two year,No,Electronic check,115.15,8349.7,0
0,No,No,1,No,Yes,No,No,Month-to-month,Yes,Credit card (automatic),74.3,74.3,1
0,Yes,Yes,51,Yes,Yes,No,No,Month-to-month,Yes,Electronic check,93.8,4539.35,0
0,No,No,5,No,Yes,No,No,Month-to-month,Yes,Electronic check,64.0,370.25,0
0,Yes,Yes,59,No,Yes,No,Yes,Month-to-month,Yes,Bank transfer (automatic),96.65,5580.8,0
0,No,No,12,No internet service,No internet service,No internet service,No internet service,Month-to-month,No,Mailed check,20.3,246.7,0
0,No,Yes,49,No internet service,No internet service,No internet service,No internet service,One year,No,Credit card (automatic),19.45,921.3,0
0,Yes,Yes,38,No internet service,No internet service,No internet service,No internet service,Two year,Yes,Mailed check,19.95,756.4,0
0,No,No,2,No internet service,No internet service,No internet service,No internet service,Month-to-month,No,Mailed check,19.3,44.4,0
0,Yes,No,12,Yes,Yes,Yes,No,Month-to-month,Yes,Electronic check,84.6,959.9,0
0,No,No,1,No,No,No,No,Month-to-month,Yes,Bank transfer (automatic),44.9,44.9,1
1,No,No,42,No,No,No,No,Month-to-month,Yes,Electronic check,84.65,3541.35,1
0,No,No,35,No internet service,No internet service,No internet service,No internet service,Two year,Yes,Mailed check,20.2,684.4,0
0,Yes,Yes,63,Yes,Yes,Yes,No,Month-to-month,Yes,Electronic check,100.55,6215.35,1
0,No,Yes,63,Yes,Yes,No,Yes,One year,Yes,Bank transfer (automatic),40.6,2588.95,0
0,No,No,39,No,Yes,Yes,No,Month-to-month,Yes,Electronic check,103.45,3994.45,1
0,No,Yes,39,No,No,No,Yes,Two year,No,Mailed check,100.55,3895.35,0
1,Yes,No,70,Yes,Yes,Yes,Yes,Two year,No,Credit card (automatic),90.05,6333.4,0
1,No,No,46,Yes,Yes,Yes,No,One year,Yes,Electronic check,110.0,4874.8,1
0,Yes,Yes,45,Yes,Yes,No,Yes,Two year,No,Credit card (automatic),73.85,3371.0,0
0,No,Yes,12,No internet service,No internet service,No internet service,No internet service,Two year,No,Bank transfer (automatic),19.35,212.3,0
0,Yes,Yes,60,No internet service,No internet service,No internet service,No internet service,One year,No,Credit card (automatic),23.95,1506.4,0
0,Yes,Yes,43,No,No,No,No,Month-to-month,No,Electronic check,56.15,2499.3,1
0,Yes,No,64,Yes,No,Yes,Yes,One year,Yes,Mailed check,108.5,6880.85,0
0,No,No,12,No internet service,No internet service,No internet service,No internet service,Month-to-month,No,Mailed check,20.45,255.35,0
0,No,No,50,No,Yes,No,Yes,Two year,Yes,Mailed check,79.6,4024.2,0
1,No,No,1,No,No,No,No,Month-to-month,Yes,Electronic check,36.45,36.45,1
0,No,No,71,No,No,Yes,Yes,Two year,Yes,Credit card (automatic),86.4,6172.0,0
0,Yes,Yes,72,Yes,Yes,Yes,Yes,Two year,Yes,Bank transfer (automatic),83.7,6096.9,0
0,Yes,Yes,72,No internet service,No internet service,No internet service,No internet service,Two year,No,Bank transfer (automatic),23.75,1679.25,0
0,No,No,61,No,Yes,Yes,Yes,Two year,No,Credit card (automatic),88.65,5321.25,0
0,No,No,36,No,Yes,No,Yes,One year,Yes,Mailed check,65.4,2498.4,1
0,Yes,Yes,38,Yes,Yes,Yes,Yes,One year,No,Electronic check,74.05,2802.3,0
0,Yes,Yes,56,No internet service,No internet service,No internet service,No internet service,Two year,Yes,Mailed check,24.45,1385.85,0
0,No,No,65,Yes,No,Yes,Yes,Two year,No,Credit card (automatic),59.95,3921.1,0
0,No,No,31,Yes,Yes,Yes,Yes,Month-to-month,Yes,Bank transfer (automatic),72.45,2156.25,0
0,No,No,67,No internet service,No internet service,No internet service,No internet service,Two year,Yes,Mailed check,26.1,1759.55,0
0,No,No,3,No,Yes,No,No,Month-to-month,Yes,Mailed check,49.9,130.1,1
0,Yes,No,15,No internet service,No internet service,No internet service,No internet service,Two year,No,Mailed check,25.2,387.9,0
0,No,No,20,No,No,No,No,Month-to-month,Yes,Electronic check,44.35,927.15,0
0,No,No,16,No internet service,No internet service,No internet service,No internet service,One year,No,Bank transfer (automatic),20.1,318.6,0
0,Yes,Yes,14,No internet service,No internet service,No internet service,No internet service,One year,No,Mailed check,19.55,294.5,0
1,No,No,54,Yes,Yes,No,Yes,One year,No,Bank transfer (automatic),82.45,4350.1,1
0,No,No,60,No,Yes,No,No,Month-to-month,Yes,Bank transfer (automatic),89.9,5450.7,0
0,Yes,No,12,No,No,Yes,No,Month-to-month,Yes,Bank transfer (automatic),49.85,617.15,0
0,Yes,Yes,71,No internet service,No internet service,No internet service,No internet service,Two year,No,Bank transfer (automatic),20.5,1500.95,0
0,Yes,No,57,Yes,Yes,Yes,No,Month-to-month,Yes,Bank transfer (automatic),58.75,3437.45,0
0,No,No,1,No,No,No,No,Month-to-month,Yes,Mailed check,70.15,70.15,1
1,Yes,No,5,No,Yes,No,No,Month-to-month,Yes,Electronic check,81.0,371.65,1
0,Yes,No,33,No internet service,No internet service,No internet service,No internet service,Month-to-month,No,Mailed check,20.05,669.45,0
0,No,No,67,No,No,No,Yes,Two year,No,Bank transfer (automatic),50.55,3260.1,0
0,No,Yes,49,No,No,No,Yes,One year,Yes,Bank transfer (automatic),100.6,5069.65,1
0,Yes,Yes,34,No,No,Yes,No,Month-to-month,No,Electronic check,87.45,2874.15,1
0,No,No,20,No,No,Yes,No,Month-to-month,Yes,Credit card (automatic),90.7,1781.35,0
0,Yes,Yes,14,Yes,Yes,No,Yes,Month-to-month,No,Bank transfer (automatic),59.45,780.85,0
0,No,No,1,No internet service,No internet service,No internet service,No internet service,Month-to-month,No,Mailed check,20.2,20.2,0
0,No,No,5,No,No,No,No,Month-to-month,Yes,Bank transfer (automatic),94.85,462.8,1
0,Yes,Yes,18,No internet service,No internet service,No internet service,No internet service,Month-to-month,Yes,Mailed check,20.25,401.95,0
0,No,No,13,No,Yes,No,No,Month-to-month,No,Electronic check,29.15,357.15,0
0,Yes,No,57,No,Yes,Yes,No,Month-to-month,Yes,Credit card (automatic),104.5,5921.35,1
0,Yes,No,12,No,Yes,No,No,Month-to-month,Yes,Electronic check,51.25,612.1,0
0,No,No,50,Yes,Yes,No,Yes,Two year,Yes,Electronic check,109.65,5551.15,1
0,No,No,30,Yes,No,No,Yes,Month-to-month,No,Bank transfer (automatic),106.4,3211.9,0
0,No,No,69,No,Yes,Yes,Yes,One year,Yes,Bank transfer (automatic),104.05,7262.0,1
0,No,No,17,No,No,Yes,Yes,Month-to-month,Yes,Bank transfer (automatic),95.65,1640.0,0
0,Yes,Yes,39,No,No,Yes,No,Month-to-month,Yes,Mailed check,59.85,2341.5,0
0,No,No,12,No,No,No,Yes,One year,Yes,Electronic check,59.8,727.8,1
0,No,No,1,No,No,No,Yes,Month-to-month,No,Mailed check,51.25,51.25,1
0,Yes,Yes,51,Yes,No,No,Yes,One year,Yes,Bank transfer (automatic),76.4,3966.3,0
0,Yes,Yes,69,Yes,Yes,No,Yes,One year,No,Credit card (automatic),73.7,4885.85,0
0,Yes,Yes,28,No,No,No,No,One year,No,Bank transfer (automatic),92.2,2568.15,0
0,No,No,25,No,Yes,No,No,Month-to-month,Yes,Electronic check,100.25,2387.75,1
0,Yes,No,49,Yes,No,Yes,Yes,One year,No,Electronic check,84.35,4059.35,1
1,No,No,1,No,No,No,No,Month-to-month,Yes,Electronic check,69.85,69.85,1
0,No,Yes,9,No,No,No,Yes,Month-to-month,Yes,Credit card (automatic),69.4,571.45,0
0,No,No,12,No,Yes,No,No,Month-to-month,Yes,Electronic check,89.15,1057.55,0
0,Yes,No,66,Yes,Yes,No,Yes,Two year,No,Electronic check,85.25,5538.35,0
0,No,No,8,Yes,No,No,No,Month-to-month,Yes,Electronic check,49.85,365.55,1
0,No,No,12,No,No,No,Yes,Month-to-month,Yes,Credit card (automatic),79.55,958.25,0
0,No,No,72,Yes,Yes,Yes,Yes,Two year,No,Bank transfer (automatic),86.65,6224.8,0
0,Yes,Yes,71,Yes,Yes,Yes,Yes,Two year,No,Credit card (automatic),90.3,6287.3,0
0,Yes,No,71,Yes,Yes,Yes,No,One year,Yes,Electronic check,109.6,7854.15,0
0,No,No,10,No,No,No,Yes,Month-to-month,Yes,Credit card (automatic),95.1,865.1,0
0,No,No,10,No,No,No,No,Month-to-month,Yes,Bank transfer (automatic),80.25,846.0,1
0,No,No,15,No internet service,No internet service,No internet service,No internet service,Two year,No,Bank transfer (automatic),25.05,369.1,0
0,No,No,1,No,No,No,No,Month-to-month,Yes,Electronic check,75.3,75.3,1
0,No,No,9,No,Yes,No,No,Month-to-month,No,Electronic check,40.75,359.4,0
0,No,No,1,No internet service,No internet service,No internet service,No internet service,Month-to-month,No,Mailed check,20.6,20.6,0
0,Yes,Yes,72,No internet service,No internet service,No internet service,No internet service,Two year,No,Bank transfer (automatic),21.0,1493.75,0
0,Yes,Yes,54,Yes,No,Yes,Yes,Two year,No,Bank transfer (automatic),69.95,3871.85,0
0,No,No,62,Yes,Yes,Yes,Yes,One year,Yes,Credit card (automatic),115.05,7133.45,0
1,Yes,No,72,No,Yes,No,No,Two year,No,Bank transfer (automatic),98.35,6929.4,0
0,No,No,22,No,Yes,Yes,Yes,Month-to-month,Yes,Bank transfer (automatic),94.95,2142.8,0
1,Yes,No,15,No,Yes,No,No,Month-to-month,Yes,Electronic check,94.65,1285.05,0
0,Yes,No,51,No,Yes,No,No,Month-to-month,Yes,Electronic check,49.65,2553.35,0
0,Yes,Yes,15,No,Yes,Yes,No,Month-to-month,Yes,Bank transfer (automatic),105.35,1559.25,0
1,No,Yes,38,Yes,No,No,No,Month-to-month,Yes,Mailed check,80.45,3162.65,0
1,No,No,2,No,No,No,No,Month-to-month,Yes,Bank transfer (automatic),70.2,115.95,1
0,Yes,Yes,45,No,Yes,Yes,No,One year,No,Credit card (automatic),78.75,3600.65,0
1,No,No,10,No,No,No,No,Month-to-month,Yes,Electronic check,95.35,898.35,1
1,Yes,No,12,Yes,No,Yes,Yes,One year,Yes,Electronic check,79.2,943.85,0
0,Yes,No,63,No,Yes,Yes,No,Month-to-month,Yes,Electronic check,103.4,6603.0,1
0,No,No,67,Yes,Yes,Yes,No,Month-to-month,Yes,Credit card (automatic),102.95,6886.25,1
1,No,No,4,Yes,No,No,No,Month-to-month,Yes,Electronic check,80.25,303.7,0
1,No,No,15,No,No,No,No,Month-to-month,Yes,Credit card (automatic),74.2,1133.9,1
0,Yes,Yes,19,No,No,No,No,Month-to-month,Yes,Electronic check,83.65,1465.75,1
1,Yes,No,14,No internet service,No internet service,No internet service,No internet service,One year,No,Mailed check,19.65,228.65,0
0,Yes,No,17,No,Yes,No,No,Month-to-month,Yes,Bank transfer (automatic),80.5,1336.9,0
0,No,No,10,No,Yes,Yes,No,Month-to-month,Yes,Electronic check,94.85,953.45,1
0,Yes,No,70,Yes,Yes,Yes,Yes,One year,Yes,Bank transfer (automatic),109.5,7534.65,1
0,Yes,No,34,Yes,No,No,Yes,Month-to-month,Yes,Bank transfer (automatic),60.85,2003.6,0
0,No,No,23,No,No,Yes,No,Month-to-month,No,Credit card (automatic),49.7,1081.25,0
0,No,No,19,No internet service,No internet service,No internet service,No internet service,Month-to-month,No,Bank transfer (automatic),24.7,465.85,0
0,Yes,No,16,Yes,Yes,Yes,No,Month-to-month,No,Electronic check,90.7,1374.9,0
0,Yes,Yes,23,Yes,No,Yes,Yes,Two year,Yes,Bank transfer (automatic),77.15,1759.4,0
1,No,No,54,No,Yes,No,No,Month-to-month,Yes,Electronic check,79.5,4370.25,1
0,Yes,Yes,12,Yes,No,No,No,Month-to-month,Yes,Electronic check,49.2,571.15,0
0,Yes,No,24,No,Yes,Yes,No,Month-to-month,Yes,Credit card (automatic),99.3,2431.35,1
0,No,No,12,No,No,No,No,Month-to-month,Yes,Electronic check,94.2,1046.1,1
0,Yes,Yes,63,No internet service,No internet service,No internet service,No internet service,Two year,No,Mailed check,25.25,1573.05,0
0,No,Yes,71,Yes,No,Yes,No,Two year,No,Bank transfer (automatic),106.7,7382.25,0
0,Yes,No,5,No internet service,No internet service,No internet service,No internet service,Month-to-month,No,Mailed check,19.35,126.05,1
0,Yes,No,27,No,Yes,No,No,Month-to-month,Yes,Electronic check,76.1,2093.4,0
0,Yes,No,33,Yes,Yes,Yes,No,Month-to-month,Yes,Bank transfer (automatic),72.75,2447.45,0
0,Yes,Yes,51,Yes,Yes,No,Yes,Two year,No,Credit card (automatic),60.5,3121.45,0
0,Yes,No,56,No internet service,No internet service,No internet service,No internet service,One year,No,Credit card (automatic),19.95,1126.75,0
0,No,No,3,No,No,No,No,Month-to-month,Yes,Electronic check,74.25,210.3,1
1,No,No,57,No,No,Yes,Yes,One year,Yes,Electronic check,53.5,3035.8,0
0,Yes,No,68,Yes,Yes,Yes,No,Two year,Yes,Bank transfer (automatic),110.8,7553.6,0
0,No,No,24,No internet service,No internet service,No internet service,No internet service,Two year,Yes,Bank transfer (automatic),19.55,470.2,0
0,No,No,8,No internet service,No internet service,No internet service,No internet service,One year,Yes,Bank transfer (automatic),20.2,140.95,0
0,No,No,1,No,No,No,No,Month-to-month,No,Electronic check,69.95,69.95,1
0,No,No,9,No,No,No,No,Month-to-month,Yes,Electronic check,94.75,889.9,1
0,Yes,Yes,72,No internet service,No internet service,No internet service,No internet service,Two year,No,Bank transfer (automatic),19.95,1322.85,0
0,No,No,1,No,No,No,No,Month-to-month,Yes,Credit card (automatic),55.0,55.0,1
0,Yes,Yes,55,No internet service,No internet service,No internet service,No internet service,Two year,No,Bank transfer (automatic),19.35,1153.25,0
0,Yes,No,58,Yes,No,No,Yes,One year,Yes,Bank transfer (automatic),61.05,3478.75,0
1,No,No,20,No,No,No,No,Month-to-month,No,Bank transfer (automatic),80.7,1614.2,0
0,No,No,57,Yes,Yes,Yes,Yes,Two year,Yes,Credit card (automatic),74.3,4166.35,0
0,Yes,No,22,Yes,No,No,Yes,One year,Yes,Credit card (automatic),56.25,1292.2,0
0,Yes,No,71,No internet service,No internet service,No internet service,No internet service,Two year,No,Credit card (automatic),25.6,1888.25,0
0,Yes,Yes,67,Yes,No,No,No,Two year,Yes,Electronic check,75.5,5229.45,0
0,Yes,No,3,No,No,No,No,Month-to-month,Yes,Electronic check,35.15,99.75,1
1,No,No,49,No,No,No,No,Month-to-month,No,Mailed check,43.8,2106.05,0
0,No,No,62,No internet service,No internet service,No internet service,No internet service,Two year,Yes,Credit card (automatic),25.8,1563.95,0
0,Yes,No,18,No,No,Yes,Yes,Month-to-month,No,Electronic check,78.2,1468.75,0
1,Yes,No,24,No,No,Yes,Yes,Month-to-month,No,Mailed check,34.25,828.2,0
0,Yes,No,71,No,No,No,No,Two year,Yes,Bank transfer (automatic),93.7,6585.35,1
0,No,No,17,No,No,No,No,Month-to-month,No,Bank transfer (automatic),70.5,1165.6,0
0,Yes,Yes,46,No internet service,No internet service,No internet service,No internet service,Two year,Yes,Mailed check,19.95,927.1,0
0,No,No,4,No internet service,No internet service,No internet service,No internet service,Month-to-month,No,Mailed check,25.25,101.9,0
0,Yes,No,8,No,No,No,No,Month-to-month,Yes,Electronic check,84.9,764.95,1
0,Yes,Yes,49,No,No,No,No,Month-to-month,Yes,Electronic check,95.6,4783.5,1
0,Yes,No,48,No,Yes,Yes,No,One year,Yes,Credit card (automatic),70.55,3420.5,0
1,Yes,No,44,No internet service,No internet service,No internet service,No internet service,Two year,Yes,Credit card (automatic),19.35,847.25,0
0,No,No,4,No,No,No,No,Month-to-month,No,Credit card (automatic),55.5,227.35,0
0,Yes,No,56,No internet service,No internet service,No internet service,No internet service,One year,No,Electronic check,24.3,1261.7,0
0,No,No,15,No,No,No,No,Month-to-month,No,Mailed check,48.85,631.4,0
0,Yes,No,66,Yes,Yes,Yes,Yes,One year,No,Bank transfer (automatic),115.8,7942.15,0
0,Yes,Yes,41,Yes,Yes,No,Yes,Two year,No,Electronic check,78.45,3126.45,0
1,Yes,No,32,No,No,No,No,Month-to-month,Yes,Electronic check,74.9,2303.35,1
0,No,Yes,1,Yes,No,No,No,Month-to-month,No,Mailed check,49.9,49.9,0
0,No,No,7,Yes,No,No,No,Month-to-month,Yes,Mailed check,51.0,354.05,1
0,No,No,49,No,Yes,No,Yes,One year,Yes,Bank transfer (automatic),106.65,5168.1,0
0,No,No,12,Yes,No,Yes,Yes,Two year,No,Mailed check,49.85,552.1,0
0,No,No,1,No internet service,No internet service,No internet service,No internet service,Month-to-month,No,Mailed check,20.1,20.1,1
0,Yes,Yes,66,No internet service,No internet service,No internet service,No internet service,Two year,Yes,Mailed check,19.75,1344.5,0
0,No,No,57,Yes,No,Yes,Yes,One year,Yes,Credit card (automatic),41.1,2258.25,0
0,No,No,18,No,No,No,No,Month-to-month,Yes,Electronic check,71.1,1247.75,0
0,Yes,Yes,72,Yes,Yes,No,Yes,Two year,No,Bank transfer (automatic),68.4,4855.35,0
0,Yes,Yes,23,Yes,Yes,No,Yes,Month-to-month,No,Mailed check,84.4,1936.85,0
0,No,No,10,No,No,Yes,No,Month-to-month,No,Mailed check,29.5,255.25,1
0,Yes,Yes,11,No,No,No,Yes,Month-to-month,Yes,Electronic check,66.35,740.8,1
0,No,No,3,No internet service,No internet service,No internet service,No internet service,Month-to-month,Yes,Electronic check,20.5,76.95,0
0,No,No,16,No,Yes,No,No,Month-to-month,No,Electronic check,55.3,875.35,0
0,Yes,No,25,No internet service,No internet service,No internet service,No internet service,One year,Yes,Bank transfer (automatic),20.2,507.9,0
0,No,No,10,No,No,No,No,Month-to-month,Yes,Bank transfer (automatic),56.75,503.25,0
0,Yes,No,40,Yes,Yes,Yes,No,One year,Yes,Electronic check,42.35,1716.45,1
0,Yes,Yes,45,Yes,No,No,No,Month-to-month,Yes,Bank transfer (automatic),50.9,2333.85,0
0,Yes,Yes,42,No internet service,No internet service,No internet service,No internet service,Two year,No,Mailed check,20.0,833.55,0
0,Yes,Yes,22,No,Yes,No,No,Month-to-month,No,Electronic check,39.2,849.9,0
1,No,No,1,No,No,No,No,Month-to-month,No,Electronic check,46.3,46.3,0
0,No,No,62,No,Yes,Yes,Yes,Month-to-month,Yes,Bank transfer (automatic),80.4,4981.15,0
0,No,No,17,Yes,Yes,Yes,Yes,Month-to-month,Yes,Bank transfer (automatic),106.65,1672.1,0
0,No,No,12,No internet service,No internet service,No internet service,No internet service,One year,No,Mailed check,19.3,228.75,0
1,Yes,No,72,Yes,Yes,Yes,Yes,Two year,Yes,Bank transfer (automatic),89.85,6697.35,0
1,No,No,56,Yes,Yes,No,No,Month-to-month,Yes,Electronic check,96.85,5219.65,0
0,Yes,Yes,56,Yes,No,Yes,No,One year,Yes,Bank transfer (automatic),68.75,3808.0,0
0,No,No,65,No internet service,No internet service,No internet service,No internet service,Two year,No,Bank transfer (automatic),26.5,1698.55,0
0,No,No,43,No,No,Yes,No,Month-to-month,Yes,Bank transfer (automatic),49.05,2076.2,1
1,No,No,18,No internet service,No internet service,No internet service,No internet service,One year,No,Bank transfer (automatic),20.35,369.6,0
0,No,No,8,Yes,No,No,Yes,Month-to-month,No,Bank transfer (automatic),66.05,574.5,0
0,Yes,Yes,57,No,Yes,Yes,No,One year,Yes,Credit card (automatic),97.55,5598.0,0
1,Yes,No,26,No,No,Yes,No,Month-to-month,Yes,Credit card (automatic),85.7,2067.0,0
0,Yes,Yes,43,No,No,Yes,No,Month-to-month,Yes,Bank transfer (automatic),99.3,4209.95,0
0,No,No,33,Yes,No,No,Yes,Two year,Yes,Electronic check,88.95,3027.65,0
0,Yes,Yes,70,Yes,Yes,Yes,No,One year,Yes,Credit card (automatic),108.15,7930.55,0
0,No,Yes,4,Yes,No,No,No,Month-to-month,Yes,Electronic check,49.4,184.4,1
0,Yes,Yes,23,No,No,No,No,Month-to-month,Yes,Electronic check,83.75,1849.95,0
0,Yes,No,50,Yes,Yes,No,Yes,One year,No,Electronic check,108.55,5610.7,1
0,Yes,Yes,21,No,No,No,No,Month-to-month,Yes,Electronic check,26.05,565.75,0
0,Yes,Yes,41,Yes,Yes,Yes,No,One year,Yes,Credit card (automatic),78.35,3211.2,0
1,No,No,38,No,No,No,No,Month-to-month,No,Electronic check,94.75,3653.0,0
0,No,No,31,No,No,No,Yes,One year,No,Credit card (automatic),81.7,2548.65,0
0,Yes,No,7,No,No,No,No,Month-to-month,Yes,Electronic check,69.35,451.1,1
0,No,No,2,No,No,No,No,Month-to-month,Yes,Mailed check,45.0,96.45,1
0,Yes,Yes,59,No,No,Yes,Yes,Two year,Yes,Bank transfer (automatic),72.1,4194.85,0
0,No,No,7,No,No,No,No,Month-to-month,Yes,Electronic check,94.1,701.3,0
0,No,Yes,28,No,Yes,No,Yes,One year,Yes,Credit card (automatic),54.4,1516.6,0
1,No,No,41,No,No,Yes,Yes,One year,Yes,Bank transfer (automatic),101.1,4016.2,0
0,No,No,4,Yes,Yes,No,No,Month-to-month,No,Electronic check,55.2,220.65,0
0,No,No,41,No,Yes,Yes,No,Month-to-month,Yes,Electronic check,106.3,4443.45,1
0,No,No,7,No,No,Yes,Yes,One year,Yes,Credit card (automatic),35.5,249.55,0
1,No,No,20,No,No,No,No,Month-to-month,Yes,Electronic check,84.35,1745.2,0
0,Yes,Yes,12,No,No,No,No,One year,No,Credit card (automatic),53.65,696.35,1
1,No,No,31,Yes,No,No,No,Month-to-month,Yes,Credit card (automatic),73.55,2094.65,0
1,No,No,18,No,Yes,No,No,Month-to-month,Yes,Credit card (automatic),49.85,865.75,0
0,Yes,No,45,No,Yes,Yes,No,Month-to-month,Yes,Bank transfer (automatic),107.75,4882.8,0
0,No,Yes,31,No,No,No,No,Month-to-month,No,Credit card (automatic),25.0,789.2,0
1,No,No,43,No,No,No,No,Month-to-month,Yes,Electronic check,84.85,3645.6,0
0,No,No,45,Yes,No,Yes,Yes,One year,No,Bank transfer (automatic),42.3,1840.75,0
0,Yes,No,11,No,No,No,No,Month-to-month,Yes,Electronic check,74.95,825.7,1
0,No,No,18,No,Yes,Yes,No,Month-to-month,Yes,Credit card (automatic),33.5,600.0,1
0,No,No,18,Yes,Yes,No,Yes,One year,Yes,Mailed check,40.2,711.95,0
0,Yes,Yes,52,No internet service,No internet service,No internet service,No internet service,One year,Yes,Electronic check,20.4,1090.65,0
0,No,No,15,Yes,No,Yes,No,Month-to-month,Yes,Credit card (automatic),84.35,1302.65,0
1,No,No,11,No,Yes,No,No,Month-to-month,Yes,Electronic check,95.0,1120.3,1
0,Yes,Yes,22,No internet service,No internet service,No internet service,No internet service,One year,No,Bank transfer (automatic),20.25,488.25,0
0,No,No,39,No,No,No,Yes,Two year,Yes,Bank transfer (automatic),49.8,1971.15,0
0,Yes,Yes,4,No,Yes,Yes,No,Month-to-month,Yes,Bank transfer (automatic),84.8,371.9,1
0,No,No,1,No,No,No,No,Month-to-month,Yes,Mailed check,70.15,70.15,1
0,No,No,8,No,No,No,No,Month-to-month,Yes,Mailed check,70.1,551.35,1
0,No,No,47,No internet service,No internet service,No internet service,No internet service,Two year,No,Credit card (automatic),20.25,1029.8,0
0,Yes,No,67,No internet service,No internet service,No internet service,No internet service,Two year,No,Mailed check,19.65,1335.2,0
0,Yes,Yes,70,Yes,Yes,Yes,Yes,Two year,Yes,Credit card (automatic),115.15,8250.0,0
0,Yes,No,21,Yes,No,Yes,Yes,One year,No,Mailed check,80.9,1714.95,0
0,No,No,43,No internet service,No internet service,No internet service,No internet service,Two year,No,Bank transfer (automatic),26.45,1110.05,0
0,No,No,50,No internet service,No internet service,No internet service,No internet service,One year,No,Bank transfer (automatic),19.75,989.05,0
0,Yes,No,33,Yes,No,Yes,Yes,Two year,No,Bank transfer (automatic),59.55,2016.3,0
1,No,No,2,No,Yes,No,No,Month-to-month,Yes,Bank transfer (automatic),83.8,163.7,0
0,No,No,9,No,Yes,No,Yes,Month-to-month,No,Mailed check,66.25,620.55,1
0,Yes,Yes,17,No,No,No,No,Month-to-month,Yes,Electronic check,69.0,1149.65,1
0,Yes,Yes,45,No,Yes,Yes,No,One year,Yes,Credit card (automatic),95.0,4368.85,0
0,No,No,13,No internet service,No internet service,No internet service,No internet service,One year,No,Mailed check,20.2,273.25,0
0,No,No,71,No internet service,No internet service,No internet service,No internet service,Two year,No,Electronic check,24.55,1719.15,0
0,Yes,Yes,1,No,No,No,No,Month-to-month,Yes,Bank transfer (automatic),44.35,44.35,1
0,No,No,1,No,No,No,No,Month-to-month,Yes,Mailed check,70.7,70.7,0
0,Yes,Yes,12,No internet service,No internet service,No internet service,No internet service,Month-to-month,No,Mailed check,19.0,233.55,1
0,Yes,Yes,69,No,Yes,Yes,No,One year,No,Credit card (automatic),95.75,6511.25,0
0,Yes,Yes,72,Yes,Yes,Yes,Yes,Two year,No,Bank transfer (automatic),82.3,5815.15,0
1,No,No,22,Yes,No,Yes,Yes,Month-to-month,Yes,Mailed check,69.75,1545.4,0
0,No,No,42,No,No,No,Yes,Month-to-month,Yes,Electronic check,100.3,4222.95,0
0,No,Yes,3,No internet service,No internet service,No internet service,No internet service,Month-to-month,Yes,Mailed check,20.05,75.45,0
0,No,No,1,No internet service,No internet service,No internet service,No internet service,Month-to-month,No,Mailed check,19.65,19.65,0
0,Yes,Yes,46,No internet service,No internet service,No internet service,No internet service,Two year,No,Credit card (automatic),19.4,958.15,0
0,Yes,Yes,25,No,No,No,Yes,One year,Yes,Mailed check,55.1,1466.1,0
0,Yes,No,47,No internet service,No internet service,No internet service,No internet service,One year,No,Electronic check,26.9,1250.85,0
0,No,No,20,No,Yes,No,Yes,One year,Yes,Electronic check,68.7,1416.2,0
0,Yes,Yes,42,No internet service,No internet service,No internet service,No internet service,Two year,No,Electronic check,22.95,1014.25,0
0,No,No,6,No,Yes,No,No,Month-to-month,Yes,Electronic check,84.85,523.5,1
0,Yes,No,41,No,Yes,Yes,Yes,One year,Yes,Bank transfer (automatic),86.2,3339.05,0
0,Yes,Yes,52,Yes,Yes,Yes,No,Two year,No,Electronic check,79.2,4016.3,0
0,No,No,18,No,No,No,Yes,Month-to-month,Yes,Bank transfer (automatic),99.85,1776.95,1
0,Yes,Yes,7,Yes,Yes,Yes,Yes,Month-to-month,Yes,Electronic check,75.7,554.05,0
0,Yes,No,53,No internet service,No internet service,No internet service,No internet service,One year,No,Bank transfer (automatic),20.8,1021.8,1
0,No,No,35,No,No,No,No,Month-to-month,Yes,Electronic check,86.45,3029.1,1
0,No,No,1,No,No,Yes,No,Month-to-month,Yes,Electronic check,101.45,101.45,1
0,No,No,52,No,Yes,No,No,One year,Yes,Mailed check,80.2,4297.6,0
1,Yes,Yes,61,No,Yes,No,No,One year,No,Electronic check,99.0,5969.3,0
0,Yes,No,56,No,Yes,Yes,Yes,Month-to-month,No,Electronic check,90.55,5116.6,0
0,No,No,29,No,Yes,No,Yes,Month-to-month,No,Mailed check,89.65,2623.65,0
0,No,No,2,No,No,No,No,Month-to-month,Yes,Electronic check,69.7,135.2,0
0,No,Yes,72,No internet service,No internet service,No internet service,No internet service,Two year,Yes,Mailed check,19.75,1567.0,0
0,Yes,Yes,64,Yes,Yes,Yes,Yes,Two year,Yes,Mailed check,90.6,5817.45,0
0,Yes,Yes,43,Yes,Yes,No,Yes,One year,Yes,Bank transfer (automatic),51.25,2151.6,0
0,Yes,Yes,72,Yes,Yes,Yes,No,Two year,No,Credit card (automatic),109.55,7887.25,0
0,Yes,Yes,67,No,Yes,Yes,Yes,Two year,No,Bank transfer (automatic),103.15,6895.5,0
1,No,No,52,No,Yes,Yes,Yes,Month-to-month,Yes,Electronic check,110.75,5832.0,0
1,Yes,No,31,Yes,No,No,No,Month-to-month,No,Electronic check,89.45,2807.65,0
0,No,No,7,No,No,Yes,No,Month-to-month,Yes,Credit card (automatic),89.35,631.85,1
0,Yes,No,56,Yes,No,No,No,One year,Yes,Electronic check,100.55,5514.95,0
0,No,No,68,No internet service,No internet service,No internet service,No internet service,Two year,No,Bank transfer (automatic),25.5,1821.8,0
0,No,No,4,No internet service,No internet service,No internet service,No internet service,Month-to-month,No,Mailed check,19.0,73.45,0
0,Yes,No,15,No,No,Yes,No,Month-to-month,Yes,Electronic check,101.1,1504.05,1
0,Yes,Yes,55,No internet service,No internet service,No internet service,No internet service,Two year,Yes,Credit card (automatic),25.65,1388.0,0
0,No,No,25,No,Yes,No,Yes,Month-to-month,Yes,Bank transfer (automatic),65.8,1679.65,0
0,Yes,Yes,37,No internet service,No internet service,No internet service,No internet service,Two year,Yes,Bank transfer (automatic),24.1,861.85,0
1,Yes,No,67,Yes,Yes,No,No,One year,Yes,Electronic check,105.6,7112.15,0
0,No,No,1,No,No,No,No,Month-to-month,Yes,Mailed check,71.55,71.55,1
0,No,No,13,No,Yes,Yes,No,Month-to-month,Yes,Electronic check,81.15,952.3,1
1,Yes,No,7,Yes,Yes,No,No,Month-to-month,Yes,Credit card (automatic),94.7,673.1,1
0,Yes,Yes,69,No internet service,No internet service,No internet service,No internet service,Two year,No,Bank transfer (automatic),19.9,1356.7,0
0,No,No,2,No,Yes,No,No,Month-to-month,Yes,Electronic check,79.45,145.15,0
0,No,No,49,Yes,Yes,No,No,Month-to-month,Yes,Credit card (automatic),59.75,2934.3,1
0,No,No,43,No,Yes,Yes,Yes,One year,No,Credit card (automatic),85.1,3662.25,0
0,No,No,1,No,No,No,No,Month-to-month,Yes,Electronic check,69.35,69.35,1
0,Yes,No,64,No,Yes,Yes,Yes,One year,Yes,Credit card (automatic),102.45,6654.1,0
1,No,No,57,Yes,No,No,Yes,Two year,No,Electronic check,93.75,5625.55,0
0,No,Yes,48,No,Yes,Yes,No,Month-to-month,No,Credit card (automatic),45.55,2108.35,0
0,No,No,22,No,No,No,No,Month-to-month,Yes,Electronic check,95.1,2162.6,0
0,Yes,Yes,63,No internet service,No internet service,No internet service,No internet service,Two year,Yes,Mailed check,19.15,1177.05,0
0,No,No,1,No internet service,No internet service,No internet service,No internet service,Month-to-month,No,Mailed check,19.7,19.7,1
0,No,No,8,No,No,No,No,Month-to-month,Yes,Mailed check,45.15,438.4,1
0,No,No,47,Yes,Yes,No,Yes,Month-to-month,No,Mailed check,100.75,4669.2,0
0,Yes,Yes,43,Yes,No,Yes,Yes,One year,Yes,Credit card (automatic),91.25,4013.8,0
0,Yes,Yes,53,No internet service,No internet service,No internet service,No internet service,Two year,Yes,Mailed check,19.4,1110.35,0
1,No,No,4,No,No,Yes,No,Month-to-month,Yes,Electronic check,88.85,372.45,1
1,No,No,1,No,No,No,No,Month-to-month,No,Mailed check,45.1,45.1,1
0,Yes,No,52,No,Yes,No,Yes,Month-to-month,No,Bank transfer (automatic),61.35,3169.55,0
0,No,No,1,No internet service,No internet service,No internet service,No internet service,Month-to-month,No,Bank transfer (automatic),19.9,19.9,0
0,Yes,Yes,12,No internet service,No internet service,No internet service,No internet service,Two year,No,Credit card (automatic),25.25,274.7,0
1,No,No,30,No,No,Yes,Yes,Two year,Yes,Credit card (automatic),69.1,2093.9,0
1,Yes,No,70,Yes,Yes,Yes,Yes,Two year,Yes,Bank transfer (automatic),92.2,6474.45,0
0,Yes,Yes,48,No,Yes,No,Yes,Two year,No,Electronic check,79.65,3870.3,0
0,Yes,No,31,No,No,Yes,No,Month-to-month,No,Credit card (automatic),88.65,2683.2,0
0,No,No,3,No,No,No,No,Month-to-month,No,Mailed check,45.45,141.7,0
0,No,No,10,No,No,No,No,Month-to-month,Yes,Electronic check,45.55,402.6,1
0,No,Yes,33,Yes,No,Yes,No,Month-to-month,Yes,Bank transfer (automatic),95.3,3275.15,0
0,No,No,25,No internet service,No internet service,No internet service,No internet service,One year,Yes,Bank transfer (automatic),19.5,516.3,0
0,Yes,Yes,2,Yes,No,No,No,Month-to-month,No,Mailed check,56.7,113.55,1
1,Yes,No,10,No,Yes,Yes,Yes,Month-to-month,Yes,Mailed check,92.5,934.1,1
0,Yes,Yes,1,No internet service,No internet service,No internet service,No internet service,Month-to-month,No,Mailed check,20.55,20.55,1
0,No,No,51,No internet service,No internet service,No internet service,No internet service,One year,No,Electronic check,19.1,1007.8,0
0,No,No,1,No,No,No,No,Month-to-month,Yes,Electronic check,69.85,69.85,1
0,Yes,No,34,Yes,Yes,No,Yes,Month-to-month,No,Electronic check,62.65,2274.9,1
0,Yes,No,59,No internet service,No internet service,No internet service,No internet service,Two year,No,Bank transfer (automatic),18.4,1057.85,0
0,No,No,72,No,Yes,Yes,No,Two year,Yes,Bank transfer (automatic),100.9,7459.05,0
0,No,No,68,No,Yes,No,Yes,Month-to-month,No,Electronic check,44.95,3085.35,0
0,No,No,9,No,No,No,No,Month-to-month,No,Mailed check,44.95,431.0,1
1,Yes,Yes,22,Yes,No,No,No,Month-to-month,No,Mailed check,40.05,880.2,1
0,No,Yes,62,No internet service,No internet service,No internet service,No internet service,Two year,No,Bank transfer (automatic),20.0,1250.1,0
0,Yes,No,71,Yes,Yes,No,No,One year,No,Mailed check,95.65,6856.95,0
0,Yes,No,20,No,No,No,No,Month-to-month,Yes,Electronic check,24.45,482.8,1
0,Yes,No,65,No,Yes,No,No,Month-to-month,Yes,Electronic check,90.65,5931.0,0
0,No,No,3,Yes,Yes,No,No,Month-to-month,No,Electronic check,55.35,165.2,1
0,No,No,68,Yes,Yes,Yes,Yes,Two year,Yes,Credit card (automatic),82.45,5646.6,0
1,No,No,4,No internet service,No internet service,No internet service,No internet service,Month-to-month,No,Mailed check,20.05,91.45,0
0,Yes,No,58,No,Yes,Yes,No,One year,Yes,Electronic check,94.3,5610.15,0
0,Yes,Yes,5,Yes,No,No,No,Month-to-month,Yes,Mailed check,49.4,232.55,0
0,Yes,Yes,72,Yes,Yes,Yes,No,Two year,Yes,Credit card (automatic),70.65,5011.15,0
0,No,No,26,No,No,No,Yes,Month-to-month,No,Bank transfer (automatic),49.15,1237.3,0
0,No,No,3,No,No,No,No,Month-to-month,No,Electronic check,44.6,122.7,0
0,No,No,27,No internet service,No internet service,No internet service,No internet service,Month-to-month,Yes,Credit card (automatic),19.4,460.25,0
0,No,No,1,No,No,No,No,Month-to-month,Yes,Electronic check,80.25,80.25,1
0,No,No,33,No internet service,No internet service,No internet service,No internet service,Two year,No,Credit card (automatic),25.7,826.1,0
0,Yes,No,19,Yes,No,No,No,Month-to-month,Yes,Electronic check,73.2,1441.1,1
1,No,No,25,Yes,Yes,No,No,Month-to-month,Yes,Mailed check,102.8,2660.2,1
0,Yes,No,22,No,No,No,No,Month-to-month,Yes,Electronic check,85.1,1873.7,1
0,No,No,8,No,No,Yes,No,Month-to-month,Yes,Electronic check,94.7,740.3,1
0,Yes,Yes,44,No internet service,No internet service,No internet service,No internet service,One year,No,Bank transfer (automatic),20.0,860.85,0
0,Yes,Yes,55,Yes,Yes,No,No,Month-to-month,No,Electronic check,55.7,3131.8,0
1,Yes,No,46,No,No,Yes,No,Month-to-month,Yes,Electronic check,98.85,4564.9,0
0,No,No,2,Yes,No,No,Yes,Month-to-month,Yes,Mailed check,54.45,87.3,0
0,No,No,22,Yes,Yes,Yes,No,Month-to-month,No,Mailed check,65.05,1427.55,0
1,Yes,No,43,No,Yes,No,No,Month-to-month,Yes,Electronic check,101.0,4388.4,1
0,No,No,7,No,No,Yes,Yes,Month-to-month,No,Bank transfer (automatic),62.8,418.3,0
1,Yes,No,1,No,No,No,No,Month-to-month,Yes,Electronic check,74.4,74.4,1
1,No,No,5,No,Yes,No,No,Month-to-month,Yes,Electronic check,85.55,408.5,0
0,Yes,Yes,58,No,No,No,No,One year,Yes,Mailed check,44.1,2413.05,0
0,No,No,24,No,Yes,Yes,Yes,Month-to-month,Yes,Electronic check,85.95,2107.15,0
0,No,No,18,No internet service,No internet service,No internet service,No internet service,One year,No,Mailed check,19.65,411.25,0
1,Yes,No,55,No,No,No,No,Month-to-month,Yes,Electronic check,74.0,4052.4,0
0,Yes,No,58,Yes,Yes,Yes,No,One year,No,Credit card (automatic),60.3,3563.8,1
0,No,No,4,No,No,No,No,Month-to-month,Yes,Electronic check,79.15,317.25,1
0,Yes,Yes,38,No internet service,No internet service,No internet service,No internet service,One year,No,Credit card (automatic),19.6,763.1,0
0,No,No,2,No internet service,No internet service,No internet service,No internet service,Month-to-month,No,Mailed check,19.4,50.6,0
0,No,No,46,No,No,Yes,Yes,Two year,No,Credit card (automatic),54.35,2460.15,1
0,Yes,No,68,No,No,Yes,No,Two year,Yes,Bank transfer (automatic),89.95,5974.3,0
0,No,No,19,No,No,No,No,Month-to-month,Yes,Bank transfer (automatic),86.0,1532.45,1
0,Yes,No,70,Yes,No,Yes,Yes,Two year,Yes,Bank transfer (automatic),49.85,3370.2,0
0,No,No,52,No,No,Yes,Yes,Two year,Yes,Bank transfer (automatic),80.95,4233.95,0
0,Yes,No,54,Yes,Yes,Yes,No,Month-to-month,No,Electronic check,109.55,6118.95,0
0,Yes,Yes,68,Yes,Yes,Yes,No,One year,Yes,Credit card (automatic),73.0,5163.0,0
0,No,No,34,No,No,No,No,Month-to-month,No,Electronic check,85.35,2896.6,0
0,Yes,Yes,49,No,No,No,No,Month-to-month,Yes,Bank transfer (automatic),95.4,4613.95,0
0,Yes,No,70,No,No,Yes,No,One year,Yes,Electronic check,101.75,7069.3,0
0,Yes,Yes,70,Yes,Yes,Yes,Yes,Two year,No,Credit card (automatic),114.75,7842.3,0
0,No,Yes,62,No internet service,No internet service,No internet service,No internet service,Two year,Yes,Mailed check,24.4,1413.0,0
0,Yes,No,4,No,No,No,No,Month-to-month,Yes,Electronic check,74.65,301.4,1
0,No,No,33,Yes,Yes,No,No,Month-to-month,Yes,Mailed check,60.9,2033.85,0
0,Yes,Yes,20,No,Yes,No,Yes,Month-to-month,No,Mailed check,96.8,1826.7,0
0,Yes,No,23,No,No,Yes,No,Month-to-month,No,Mailed check,90.15,2044.95,0
0,Yes,Yes,71,Yes,No,No,No,One year,Yes,Electronic check,66.2,4692.55,0
0,Yes,Yes,39,No,No,No,Yes,Month-to-month,Yes,Credit card (automatic),99.95,3767.4,0
0,Yes,No,23,No internet service,No internet service,No internet service,No internet service,One year,No,Credit card (automatic),19.3,486.2,0
0,Yes,No,49,Yes,No,No,No,Month-to-month,Yes,Mailed check,100.85,4847.35,0
0,Yes,No,49,No internet service,No internet service,No internet service,No internet service,One year,No,Bank transfer (automatic),20.45,900.9,0
0,No,Yes,1,No,No,No,No,Month-to-month,Yes,Electronic check,90.85,90.85,1
1,No,No,14,No,Yes,No,No,Month-to-month,Yes,Electronic check,78.95,1101.85,1
1,No,No,11,Yes,Yes,No,No,Month-to-month,No,Bank transfer (automatic),60.25,662.95,0
1,Yes,No,72,No,Yes,No,No,One year,Yes,Credit card (automatic),97.25,7133.1,0
0,Yes,No,44,Yes,Yes,Yes,Yes,Month-to-month,Yes,Credit card (automatic),95.1,4060.55,0
0,Yes,No,31,No,No,No,Yes,Month-to-month,Yes,Mailed check,49.2,1498.55,0
0,No,Yes,15,Yes,Yes,Yes,Yes,One year,No,Credit card (automatic),65.6,1010.0,0
0,No,No,24,No,Yes,Yes,No,Month-to-month,Yes,Electronic check,104.15,2494.65,0
1,No,No,32,No,Yes,No,Yes,Month-to-month,No,Bank transfer (automatic),54.65,1830.1,0
0,No,Yes,8,Yes,No,No,No,Month-to-month,Yes,Electronic check,38.5,330.8,0
1,No,No,71,No,Yes,No,Yes,Two year,Yes,Electronic check,106.8,7623.2,0
0,Yes,Yes,69,Yes,No,Yes,No,Two year,Yes,Credit card (automatic),43.95,2960.1,0
0,Yes,Yes,39,No internet service,No internet service,No internet service,No internet service,Two year,Yes,Bank transfer (automatic),19.85,854.8,0
0,Yes,Yes,4,No,No,No,No,Month-to-month,Yes,Mailed check,78.9,299.75,0
1,Yes,No,53,Yes,No,No,Yes,One year,Yes,Electronic check,60.05,3229.65,1
1,No,No,1,No,No,No,No,Month-to-month,Yes,Electronic check,79.1,79.1,1
0,No,No,14,No,Yes,No,No,Month-to-month,Yes,Electronic check,100.55,1415.55,1
0,Yes,No,11,No,No,No,No,Month-to-month,Yes,Bank transfer (automatic),55.05,608.15,0
0,No,No,6,Yes,Yes,Yes,Yes,Two year,Yes,Mailed check,63.4,348.8,0
0,No,No,68,No internet service,No internet service,No internet service,No internet service,Two year,No,Credit card (automatic),19.6,1441.65,0
0,No,No,2,No internet service,No internet service,No internet service,No internet service,Month-to-month,No,Mailed check,19.85,51.6,0
0,Yes,No,19,No,No,Yes,No,Month-to-month,No,Mailed check,89.65,1761.05,1
0,No,No,6,No,Yes,No,No,Month-to-month,Yes,Electronic check,85.35,489.45,1
1,Yes,No,58,No,Yes,No,No,One year,Yes,Bank transfer (automatic),97.8,5458.8,0
0,No,Yes,1,No,Yes,No,No,Month-to-month,Yes,Mailed check,31.35,31.35,1
0,No,No,1,No,No,No,No,Month-to-month,No,Mailed check,44.4,44.4,1
0,Yes,No,53,No,Yes,No,No,Month-to-month,Yes,Credit card (automatic),98.4,5149.5,1
1,No,No,45,Yes,Yes,No,Yes,Month-to-month,Yes,Bank transfer (automatic),85.7,3778.1,0
0,Yes,No,58,Yes,No,Yes,Yes,Two year,Yes,Electronic check,84.3,4916.4,0
0,Yes,Yes,33,No internet service,No internet service,No internet service,No internet service,One year,No,Mailed check,20.6,690.25,0
0,Yes,Yes,23,No,No,No,Yes,Month-to-month,Yes,Bank transfer (automatic),30.35,678.75,0
1,Yes,No,30,No,Yes,No,No,Month-to-month,Yes,Bank transfer (automatic),50.4,1527.5,1
0,Yes,Yes,6,No,No,No,No,Month-to-month,Yes,Electronic check,69.8,377.85,0
0,No,No,5,Yes,No,No,No,Month-to-month,Yes,Electronic check,53.8,283.95,0
0,No,No,29,No,No,Yes,Yes,Month-to-month,Yes,Credit card (automatic),98.8,2807.1,0
0,No,No,1,No internet service,No internet service,No internet service,No internet service,Month-to-month,No,Mailed check,19.05,19.05,0
0,No,No,1,No,No,Yes,No,Month-to-month,Yes,Electronic check,85.45,85.45,1
0,Yes,No,14,No internet service,No internet service,No internet service,No internet service,Two year,No,Mailed check,20.4,292.4,0
0,Yes,Yes,64,No internet service,No internet service,No internet service,No internet service,One year,No,Mailed check,24.9,1595.5,0
0,Yes,Yes,45,No internet service,No internet service,No internet service,No internet service,Two year,Yes,Credit card (automatic),24.65,1171.3,0
0,Yes,No,2,Yes,No,No,Yes,Month-to-month,Yes,Electronic check,80.15,194.55,0
0,No,No,42,Yes,No,Yes,No,Month-to-month,Yes,Electronic check,105.2,4400.75,1
0,Yes,Yes,53,No,No,Yes,Yes,One year,Yes,Mailed check,78.75,3942.45,0
0,Yes,Yes,47,Yes,Yes,Yes,Yes,One year,Yes,Bank transfer (automatic),113.45,5317.8,0
1,No,No,1,No,No,No,No,Month-to-month,Yes,Electronic check,76.45,76.45,1
0,Yes,Yes,46,No internet service,No internet service,No internet service,No internet service,One year,No,Electronic check,24.9,1174.8,0
0,No,No,63,Yes,Yes,Yes,No,Month-to-month,No,Credit card (automatic),108.25,6780.1,0
0,Yes,Yes,72,Yes,Yes,Yes,Yes,Two year,Yes,Bank transfer (automatic),70.45,5165.7,0
1,No,No,7,No,Yes,No,No,Month-to-month,Yes,Mailed check,51.3,419.35,0
0,No,No,31,No,Yes,Yes,Yes,Two year,No,Mailed check,79.2,2497.2,0
0,No,No,1,No,No,No,No,Month-to-month,Yes,Electronic check,69.65,69.65,1
1,No,No,1,No,No,No,No,Month-to-month,Yes,Mailed check,74.45,74.45,1
0,No,Yes,1,No,No,No,No,Month-to-month,No,Bank transfer (automatic),69.75,69.75,1
0,No,No,17,Yes,No,No,No,Month-to-month,No,Bank transfer (automatic),65.75,1111.2,0
0,Yes,Yes,1,No internet service,No internet service,No internet service,No internet service,Month-to-month,Yes,Bank transfer (automatic),20.15,20.15,0
0,No,No,12,No,No,No,No,Month-to-month,Yes,Bank transfer (automatic),79.95,1043.4,0
0,Yes,Yes,63,No,Yes,Yes,No,Month-to-month,Yes,Credit card (automatic),80.3,4896.35,0
1,Yes,No,68,No,Yes,Yes,No,Month-to-month,Yes,Electronic check,105.3,7299.65,1
1,Yes,No,3,No,No,No,No,Month-to-month,Yes,Electronic check,94.6,279.55,1
0,No,No,10,No,No,No,No,Month-to-month,Yes,Bank transfer (automatic),86.05,834.1,1
1,Yes,No,55,Yes,Yes,No,No,One year,No,Credit card (automatic),60.0,3316.1,0
0,No,No,4,No,No,No,Yes,Month-to-month,Yes,Electronic check,61.3,249.4,0
0,Yes,No,1,No,No,No,No,Month-to-month,Yes,Electronic check,80.55,80.55,1
0,No,No,52,Yes,Yes,No,No,Two year,Yes,Credit card (automatic),63.25,3342.45,0
0,Yes,No,50,No internet service,No internet service,No internet service,No internet service,Two year,No,Electronic check,19.8,1013.2,0
0,No,No,57,No,Yes,No,No,Month-to-month,Yes,Electronic check,39.3,2111.45,1
1,Yes,No,60,No,Yes,Yes,No,One year,Yes,Electronic check,97.95,5867.0,0
1,Yes,No,70,Yes,Yes,Yes,Yes,Two year,Yes,Credit card (automatic),113.0,7987.6,0
0,Yes,No,19,No,No,Yes,No,Month-to-month,Yes,Electronic check,96.8,1743.05,0
0,No,No,37,No,No,No,Yes,Month-to-month,No,Credit card (automatic),28.6,973.55,1
0,No,No,5,No,No,No,No,Month-to-month,Yes,Credit card (automatic),81.0,389.6,1
0,No,No,35,No internet service,No internet service,No internet service,No internet service,Month-to-month,No,Bank transfer (automatic),20.75,739.9,0
0,No,No,22,No,Yes,Yes,No,One year,Yes,Bank transfer (automatic),43.75,903.6,1
1,No,No,21,No,No,No,No,Month-to-month,Yes,Electronic check,94.25,1973.75,1
0,Yes,Yes,39,No internet service,No internet service,No internet service,No internet service,Two year,No,Mailed check,25.2,987.95,0
0,Yes,No,39,Yes,No,Yes,Yes,One year,Yes,Credit card (automatic),104.7,4134.85,1
0,Yes,Yes,65,No,Yes,No,Yes,Two year,Yes,Bank transfer (automatic),79.4,5071.9,0
0,No,No,25,Yes,No,No,No,Month-to-month,No,Bank transfer (automatic),74.3,1952.25,0
0,No,No,1,No,No,No,No,Month-to-month,Yes,Electronic check,69.9,69.9,1
1,Yes,No,4,No,No,No,No,Month-to-month,Yes,Mailed check,74.4,306.6,1
0,Yes,No,44,No,No,No,No,One year,Yes,Bank transfer (automatic),90.65,3974.15,0
0,Yes,No,65,Yes,No,Yes,No,Month-to-month,Yes,Mailed check,55.15,3673.15,0
0,No,No,21,No internet service,No internet service,No internet service,No internet service,Month-to-month,Yes,Mailed check,19.95,416.4,0
0,No,No,1,No,No,No,Yes,Month-to-month,Yes,Electronic check,95.85,95.85,0
0,Yes,Yes,60,No,No,No,No,Month-to-month,No,Bank transfer (automatic),74.35,4453.3,0
1,No,No,4,No,No,No,No,Month-to-month,Yes,Electronic check,70.65,293.85,0
0,Yes,Yes,66,No internet service,No internet service,No internet service,No internet service,One year,Yes,Credit card (automatic),25.7,1714.55,0
0,Yes,No,30,No internet service,No internet service,No internet service,No internet service,Month-to-month,No,Bank transfer (automatic),19.65,655.85,1
0,No,No,1,No internet service,No internet service,No internet service,No internet service,Month-to-month,No,Bank transfer (automatic),19.65,19.65,0
0,No,No,10,No,No,No,No,Month-to-month,Yes,Mailed check,74.15,811.8,1
0,No,No,29,No internet service,No internet service,No internet service,No internet service,Month-to-month,No,Credit card (automatic),19.35,601.6,0
0,Yes,No,71,No internet service,No internet service,No internet service,No internet service,Two year,Yes,Electronic check,24.5,1816.2,0
0,No,Yes,28,Yes,No,No,No,Month-to-month,Yes,Bank transfer (automatic),74.9,2068.55,1
0,Yes,No,30,No,No,No,No,Month-to-month,Yes,Credit card (automatic),94.05,2866.45,1
1,No,No,64,No,Yes,Yes,Yes,Month-to-month,No,Credit card (automatic),74.65,4869.35,0
0,No,Yes,23,No,No,No,Yes,One year,Yes,Electronic check,49.45,1119.35,0
0,No,No,3,No internet service,No internet service,No internet service,No internet service,Month-to-month,Yes,Mailed check,19.65,68.35,0
0,No,No,14,No,No,No,No,Month-to-month,Yes,Electronic check,92.9,1337.45,0
0,Yes,No,31,No,No,Yes,No,One year,Yes,Electronic check,93.8,2939.8,0
0,Yes,Yes,12,No internet service,No internet service,No internet service,No internet service,Two year,No,Mailed check,19.7,258.35,0
1,No,No,1,No,No,No,No,Month-to-month,Yes,Electronic check,70.2,70.2,0
0,Yes,Yes,61,No internet service,No internet service,No internet service,No internet service,Two year,No,Credit card (automatic),19.75,1311.6,0
0,No,No,1,No,No,No,No,Month-to-month,Yes,Electronic check,85.0,85.0,1
0,Yes,No,43,No,Yes,No,No,Month-to-month,No,Electronic check,80.45,3398.9,0
0,No,No,14,No,Yes,No,No,Month-to-month,Yes,Credit card (automatic),55.5,767.55,0
0,No,No,15,No internet service,No internet service,No internet service,No internet service,Month-to-month,Yes,Credit card (automatic),25.4,399.6,1
0,Yes,Yes,8,No internet service,No internet service,No internet service,No internet service,One year,No,Electronic check,19.8,160.05,0
0,No,No,32,No,No,No,Yes,Month-to-month,Yes,Electronic check,96.2,3183.4,1
1,Yes,No,66,No,Yes,Yes,Yes,One year,Yes,Electronic check,110.85,7491.75,1
0,Yes,Yes,34,Yes,No,Yes,Yes,One year,No,Mailed check,61.25,1993.2,0
0,Yes,Yes,3,Yes,No,No,No,Month-to-month,No,Credit card (automatic),29.7,91.7,1
0,Yes,Yes,72,Yes,No,Yes,Yes,Two year,No,Credit card (automatic),84.7,5893.9,0
0,No,No,54,Yes,Yes,No,No,Two year,Yes,Bank transfer (automatic),65.3,3512.9,0
0,Yes,No,35,No,No,No,Yes,Month-to-month,Yes,Bank transfer (automatic),89.85,3161.2,0
0,Yes,Yes,60,No internet service,No internet service,No internet service,No internet service,Two year,Yes,Credit card (automatic),19.25,1103.25,0
0,No,No,1,No internet service,No internet service,No internet service,No internet service,Month-to-month,No,Mailed check,19.55,19.55,1
1,Yes,No,72,Yes,Yes,Yes,Yes,Month-to-month,Yes,Credit card (automatic),112.9,8061.5,0
0,Yes,Yes,70,Yes,No,Yes,No,Two year,No,Credit card (automatic),68.95,4858.7,0
0,No,No,2,Yes,No,No,No,Month-to-month,Yes,Electronic check,75.7,189.2,1
0,No,No,39,No,No,No,No,Month-to-month,Yes,Credit card (automatic),73.15,2730.85,0
0,No,No,58,No internet service,No internet service,No internet service,No internet service,Two year,No,Mailed check,20.8,1212.25,0
0,No,No,1,No internet service,No internet service,No internet service,No internet service,Month-to-month,Yes,Mailed check,19.55,19.55,0
1,Yes,No,7,No,No,No,No,Month-to-month,Yes,Electronic check,89.5,676.7,1
0,Yes,Yes,34,Yes,Yes,Yes,Yes,Two year,No,Mailed check,84.75,2839.45,0
1,Yes,No,29,No,No,No,Yes,Month-to-month,Yes,Electronic check,79.3,2414.55,0
0,Yes,No,72,Yes,Yes,Yes,Yes,Two year,Yes,Credit card (automatic),113.65,8124.2,0
0,No,No,21,No,No,Yes,No,Month-to-month,No,Mailed check,61.65,1393.6,0
0,Yes,Yes,65,No internet service,No internet service,No internet service,No internet service,Two year,No,Credit card (automatic),26.0,1654.85,0
1,No,No,4,No,No,No,No,Month-to-month,Yes,Bank transfer (automatic),25.2,102.5,1
0,No,No,1,No,No,No,No,Month-to-month,No,Bank transfer (automatic),44.15,44.15,0
1,No,No,2,No,No,No,No,Month-to-month,No,Electronic check,24.35,41.85,1
0,Yes,Yes,66,No,Yes,Yes,No,Two year,No,Bank transfer (automatic),79.85,5234.95,0
0,Yes,Yes,21,Yes,Yes,No,Yes,One year,No,Mailed check,77.5,1625.0,1
0,Yes,No,58,Yes,Yes,No,No,Month-to-month,Yes,Credit card (automatic),65.25,3791.6,0
0,No,No,2,No internet service,No internet service,No internet service,No internet service,Month-to-month,No,Mailed check,24.85,62.0,0
0,No,No,10,No,Yes,No,No,Month-to-month,Yes,Mailed check,59.65,638.95,0
0,Yes,Yes,19,No,Yes,No,Yes,One year,No,Bank transfer (automatic),100.0,1888.65,1
0,Yes,Yes,21,Yes,No,Yes,No,One year,Yes,Electronic check,55.95,1157.05,1
0,No,No,55,No,No,No,No,One year,No,Bank transfer (automatic),45.05,2462.6,0
0,No,No,15,No internet service,No internet service,No internet service,No internet service,One year,No,Credit card (automatic),20.1,302.45,0
0,No,No,56,No,Yes,No,No,Month-to-month,No,Electronic check,98.6,5581.05,0
0,No,No,24,No,Yes,Yes,No,Month-to-month,Yes,Credit card (automatic),54.15,1240.25,1
0,Yes,Yes,40,No,Yes,Yes,No,Month-to-month,Yes,Credit card (automatic),96.35,3915.4,0
0,No,No,67,Yes,Yes,Yes,Yes,Two year,No,Credit card (automatic),116.2,7752.3,1
0,Yes,Yes,72,Yes,Yes,Yes,Yes,Two year,Yes,Credit card (automatic),65.2,4784.45,0
0,Yes,No,15,No internet service,No internet service,No internet service,No internet service,One year,No,Mailed check,18.8,294.95,0
0,Yes,Yes,72,Yes,Yes,No,Yes,Two year,No,Bank transfer (automatic),99.9,7251.7,0
0,Yes,Yes,69,No,Yes,No,Yes,Two year,Yes,Mailed check,92.15,6480.9,0
0,No,No,64,No,Yes,Yes,Yes,Two year,Yes,Credit card (automatic),110.5,7069.25,0
0,Yes,No,38,Yes,No,Yes,Yes,One year,Yes,Electronic check,110.7,4428.6,0
0,No,No,41,No internet service,No internet service,No internet service,No internet service,Two year,Yes,Mailed check,19.85,810.45,0
0,No,No,26,No,Yes,Yes,No,One year,Yes,Mailed check,56.05,1553.2,0
0,Yes,Yes,68,No internet service,No internet service,No internet service,No internet service,Two year,Yes,Bank transfer (automatic),19.35,1292.65,0
0,Yes,Yes,58,No,No,Yes,Yes,Two year,No,Bank transfer (automatic),94.35,5563.65,0
0,No,No,52,No internet service,No internet service,No internet service,No internet service,Two year,No,Mailed check,19.65,1025.05,0
0,Yes,Yes,63,No internet service,No internet service,No internet service,No internet service,Two year,No,Credit card (automatic),24.65,1574.5,0
0,No,No,7,No internet service,No internet service,No internet service,No internet service,Month-to-month,No,Mailed check,20.75,141.1,0
0,Yes,No,70,No internet service,No internet service,No internet service,No internet service,Two year,Yes,Bank transfer (automatic),26.0,2006.95,0
0,No,No,53,No,Yes,Yes,Yes,One year,Yes,Credit card (automatic),94.45,5042.75,0
0,Yes,Yes,23,No internet service,No internet service,No internet service,No internet service,Two year,No,Credit card (automatic),19.6,426.65,0
0,Yes,Yes,23,No,Yes,No,Yes,Month-to-month,Yes,Credit card (automatic),69.5,1652.1,0
0,No,No,12,No internet service,No internet service,No internet service,No internet service,Month-to-month,No,Electronic check,25.0,316.2,0
0,Yes,Yes,59,Yes,No,Yes,No,One year,No,Mailed check,34.8,1980.3,0
1,Yes,No,52,Yes,Yes,Yes,No,Month-to-month,Yes,Electronic check,109.1,5647.95,0
0,Yes,No,28,No internet service,No internet service,No internet service,No internet service,Month-to-month,No,Mailed check,20.5,563.05,0
0,No,No,39,No,No,Yes,No,Month-to-month,Yes,Credit card (automatic),50.65,1905.4,0
0,Yes,Yes,64,No,Yes,No,Yes,Two year,Yes,Electronic check,54.6,3423.5,0
0,No,No,32,No internet service,No internet service,No internet service,No internet service,Month-to-month,No,Bank transfer (automatic),19.9,601.55,0
0,No,No,1,No internet service,No internet service,No internet service,No internet service,Month-to-month,No,Mailed check,20.5,20.5,1
0,No,No,68,No internet service,No internet service,No internet service,No internet service,Two year,No,Bank transfer (automatic),20.05,1386.9,0
0,No,Yes,35,Yes,Yes,No,No,One year,No,Credit card (automatic),55.6,2016.45,0
0,Yes,Yes,56,Yes,Yes,Yes,No,Two year,Yes,Credit card (automatic),61.3,3346.8,0
0,Yes,No,72,Yes,Yes,Yes,Yes,Two year,No,Credit card (automatic),79.2,5401.9,0
0,No,Yes,72,No internet service,No internet service,No internet service,No internet service,Two year,No,Credit card (automatic),19.9,1529.65,0
0,Yes,Yes,72,Yes,No,Yes,No,Two year,Yes,Credit card (automatic),53.8,3952.45,0
0,No,No,12,Yes,No,No,Yes,Month-to-month,Yes,Bank transfer (automatic),98.9,1120.95,1
0,Yes,No,58,Yes,Yes,No,No,One year,Yes,Electronic check,45.35,2540.1,0
0,No,No,11,No,No,No,No,Month-to-month,Yes,Mailed check,35.8,363.15,0
0,Yes,No,14,No,No,No,No,Month-to-month,No,Electronic check,46.35,667.7,1
0,Yes,No,2,No,No,Yes,No,Month-to-month,No,Electronic check,76.4,151.8,1
1,Yes,No,65,Yes,No,Yes,No,Month-to-month,No,Bank transfer (automatic),105.25,6786.4,1
1,No,No,5,No,No,Yes,No,Month-to-month,No,Electronic check,50.35,237.25,1
0,No,No,1,No,No,No,No,Month-to-month,No,Bank transfer (automatic),24.8,24.8,1
0,No,No,13,Yes,No,No,Yes,Month-to-month,Yes,Credit card (automatic),45.55,597.0,1
0,No,No,5,No,No,No,No,Month-to-month,No,Mailed check,78.75,426.35,0
0,Yes,No,23,No,No,No,Yes,One year,No,Bank transfer (automatic),60.0,1347.15,0
1,Yes,No,53,No internet service,No internet service,No internet service,No internet service,Two year,No,Credit card (automatic),25.1,1275.6,0
0,Yes,No,50,Yes,No,No,Yes,One year,Yes,Bank transfer (automatic),44.45,2188.45,0
0,Yes,No,20,Yes,No,No,No,Month-to-month,No,Electronic check,82.4,1592.35,1
0,Yes,No,11,Yes,No,No,Yes,Month-to-month,Yes,Credit card (automatic),96.2,1222.05,1
0,Yes,No,56,No,No,No,No,Month-to-month,Yes,Bank transfer (automatic),85.6,4902.8,0
0,No,No,4,No,No,Yes,No,Month-to-month,Yes,Electronic check,29.65,118.5,1
0,No,No,1,No,No,No,No,Month-to-month,Yes,Electronic check,70.3,70.3,1
0,No,No,3,No,No,No,No,Month-to-month,Yes,Electronic check,55.3,196.15,1
0,Yes,Yes,56,Yes,Yes,No,Yes,Two year,Yes,Credit card (automatic),75.85,4261.2,0
1,Yes,No,32,No,Yes,Yes,No,Month-to-month,Yes,Electronic check,93.5,2970.8,0
0,No,No,26,Yes,No,No,Yes,One year,No,Credit card (automatic),54.55,1362.85,0
0,No,No,27,No,Yes,No,Yes,Month-to-month,Yes,Mailed check,56.15,1439.35,0
0,No,No,24,No,No,No,Yes,Month-to-month,Yes,Credit card (automatic),51.1,1269.6,0
0,No,No,1,Yes,No,No,No,Month-to-month,No,Mailed check,29.9,29.9,0
0,No,No,16,No internet service,No internet service,No internet service,No internet service,Month-to-month,No,Credit card (automatic),19.75,294.9,0
0,Yes,No,31,Yes,No,No,Yes,One year,Yes,Electronic check,64.0,1910.75,0
0,Yes,Yes,33,No,Yes,Yes,Yes,Two year,No,Credit card (automatic),82.1,2603.1,0
1,Yes,No,68,No,Yes,No,No,Month-to-month,Yes,Bank transfer (automatic),89.6,6127.6,1
0,Yes,Yes,41,No,Yes,Yes,Yes,One year,Yes,Bank transfer (automatic),109.1,4454.25,0
1,Yes,Yes,14,No,No,No,No,Month-to-month,Yes,Electronic check,95.8,1346.3,0
0,Yes,No,2,No,No,Yes,No,Month-to-month,Yes,Electronic check,91.45,171.45,0
0,Yes,No,65,Yes,No,Yes,No,Month-to-month,Yes,Electronic check,104.25,6812.95,0
0,Yes,Yes,14,No internet service,No internet service,No internet service,No internet service,One year,No,Mailed check,19.75,309.35,0
0,No,No,17,No,No,No,No,Month-to-month,Yes,Mailed check,25.65,440.2,0
0,Yes,No,52,Yes,No,Yes,No,One year,No,Mailed check,35.45,1958.95,0
0,No,No,4,No,No,Yes,No,Month-to-month,Yes,Bank transfer (automatic),74.8,321.9,1
0,Yes,No,66,No,Yes,Yes,Yes,One year,Yes,Bank transfer (automatic),90.55,6130.95,0
0,Yes,Yes,25,No,No,No,Yes,Month-to-month,No,Electronic check,85.9,2199.05,0
0,No,No,72,Yes,Yes,Yes,Yes,Two year,No,Credit card (automatic),88.55,6362.35,0
1,Yes,No,40,Yes,Yes,Yes,Yes,One year,Yes,Credit card (automatic),98.15,4116.8,0
0,No,No,62,No,No,Yes,No,One year,Yes,Electronic check,96.75,6125.4,1
0,Yes,Yes,47,Yes,Yes,No,Yes,Two year,Yes,Credit card (automatic),85.3,4107.25,0
0,Yes,Yes,31,No internet service,No internet service,No internet service,No internet service,Month-to-month,Yes,Electronic check,20.65,702.05,0
0,Yes,Yes,60,No,Yes,No,No,Month-to-month,Yes,Electronic check,49.75,3069.45,0
0,No,No,3,No internet service,No internet service,No internet service,No internet service,One year,No,Mailed check,19.6,61.35,0
0,Yes,Yes,65,No,Yes,Yes,No,Month-to-month,Yes,Electronic check,105.5,6985.65,1
0,Yes,No,61,Yes,Yes,No,No,Month-to-month,Yes,Electronic check,106.2,6375.2,0
0,Yes,Yes,49,No,Yes,Yes,Yes,Two year,Yes,Bank transfer (automatic),107.95,5293.2,1
0,Yes,Yes,14,No,Yes,No,Yes,Month-to-month,Yes,Credit card (automatic),89.65,1208.35,1
0,No,No,35,No,No,No,No,Month-to-month,No,Credit card (automatic),75.35,2636.05,1
0,No,No,52,No internet service,No internet service,No internet service,No internet service,Two year,No,Bank transfer (automatic),21.0,1107.2,0
0,No,No,11,No,No,No,No,Month-to-month,Yes,Electronic check,76.5,837.95,1
0,No,No,25,Yes,Yes,No,Yes,Month-to-month,Yes,Mailed check,79.0,1902.0,0
0,Yes,No,6,No,No,No,Yes,Month-to-month,Yes,Electronic check,49.15,270.8,1
0,No,No,20,No internet service,No internet service,No internet service,No internet service,Month-to-month,Yes,Credit card (automatic),19.6,356.15,0
1,No,No,6,No,Yes,No,No,Month-to-month,Yes,Electronic check,98.25,560.6,1
0,No,No,23,Yes,No,Yes,No,One year,Yes,Electronic check,78.55,1843.05,0
1,No,No,56,No,Yes,Yes,Yes,One year,Yes,Electronic check,111.95,6418.9,1
0,No,No,4,Yes,No,Yes,Yes,Month-to-month,No,Mailed check,48.25,202.25,0
0,No,No,1,No internet service,No internet service,No internet service,No internet service,Month-to-month,Yes,Mailed check,19.1,19.1,1
0,No,No,1,No internet service,No internet service,No internet service,No internet service,Month-to-month,No,Mailed check,19.95,19.95,0
0,No,No,5,No,No,Yes,Yes,Month-to-month,No,Electronic check,56.15,291.45,0
0,No,No,1,No internet service,No internet service,No internet service,No internet service,Month-to-month,No,Mailed check,20.0,20.0,1
0,Yes,Yes,17,No,Yes,Yes,Yes,Month-to-month,Yes,Mailed check,66.7,1077.05,0
0,Yes,No,62,Yes,No,Yes,Yes,One year,Yes,Electronic check,104.3,6613.65,0
0,No,No,12,No,Yes,Yes,Yes,Month-to-month,Yes,Mailed check,112.95,1384.75,1
0,No,No,14,No internet service,No internet service,No internet service,No internet service,Month-to-month,Yes,Electronic check,20.05,299.3,0
0,Yes,Yes,72,No internet service,No internet service,No internet service,No internet service,Two year,Yes,Bank transfer (automatic),26.25,1988.05,0
0,Yes,No,69,No,Yes,No,No,One year,Yes,Credit card (automatic),95.65,6744.2,0
0,Yes,No,70,No,Yes,Yes,Yes,Two year,Yes,Bank transfer (automatic),84.8,5917.55,0
0,Yes,Yes,52,Yes,No,Yes,No,One year,No,Bank transfer (automatic),44.25,2276.1,0
1,No,No,35,Yes,No,No,No,Month-to-month,No,Credit card (automatic),91.0,3180.5,0
0,No,Yes,3,No internet service,No internet service,No internet service,No internet service,Month-to-month,No,Mailed check,19.95,58.3,0
0,Yes,Yes,72,No,Yes,No,Yes,Two year,Yes,Electronic check,78.95,5730.15,0
0,No,No,30,No internet service,No internet service,No internet service,No internet service,Two year,No,Credit card (automatic),19.4,578.5,0
0,Yes,Yes,63,Yes,No,No,No,Two year,Yes,Bank transfer (automatic),50.65,3221.25,0
0,No,No,5,Yes,No,Yes,Yes,Month-to-month,No,Mailed check,40.0,223.45,1
0,No,No,10,No internet service,No internet service,No internet service,No internet service,Month-to-month,No,Electronic check,20.0,185.4,0
0,Yes,No,25,No,No,Yes,No,Month-to-month,Yes,Electronic check,74.6,1797.75,0
0,No,No,41,No internet service,No internet service,No internet service,No internet service,One year,Yes,Mailed check,24.85,962.25,0
0,Yes,Yes,44,No internet service,No internet service,No internet service,No internet service,One year,No,Bank transfer (automatic),20.6,926.0,0
0,Yes,Yes,41,Yes,Yes,Yes,Yes,Month-to-month,No,Credit card (automatic),79.9,3326.2,1
1,Yes,No,23,No,Yes,Yes,No,Month-to-month,Yes,Electronic check,104.45,2184.85,0
1,Yes,No,20,No,No,No,No,One year,Yes,Bank transfer (automatic),91.0,1859.5,0
0,No,No,1,No,No,No,No,Month-to-month,Yes,Electronic check,75.1,75.1,0
0,No,No,63,Yes,Yes,Yes,Yes,One year,No,Credit card (automatic),104.5,6590.8,0
1,No,Yes,30,No,No,No,Yes,Month-to-month,Yes,Electronic check,101.3,2974.5,0
1,No,No,18,No,Yes,No,Yes,Month-to-month,Yes,Electronic check,85.45,1505.85,1
0,No,No,22,No internet service,No internet service,No internet service,No internet service,One year,No,Bank transfer (automatic),20.85,450.65,0
0,No,No,35,No internet service,No internet service,No internet service,No internet service,Two year,No,Mailed check,19.25,677.9,0
0,Yes,No,56,Yes,Yes,Yes,No,One year,Yes,Credit card (automatic),105.6,6068.65,0
0,Yes,Yes,68,Yes,No,No,Yes,Two year,Yes,Electronic check,99.55,6668.0,0
0,No,No,27,Yes,Yes,No,No,Month-to-month,Yes,Mailed check,56.7,1652.95,0
0,Yes,Yes,49,Yes,No,No,No,Month-to-month,Yes,Electronic check,39.2,1838.15,0
0,No,Yes,15,No internet service,No internet service,No internet service,No internet service,Month-to-month,Yes,Electronic check,24.8,324.15,0
1,No,No,5,No,No,Yes,Yes,Month-to-month,No,Credit card (automatic),45.4,214.75,0
1,No,No,72,Yes,Yes,Yes,Yes,Two year,Yes,Credit card (automatic),117.35,8436.25,0
0,No,No,1,No internet service,No internet service,No internet service,No internet service,Month-to-month,No,Electronic check,19.2,19.2,0
0,No,No,10,No internet service,No internet service,No internet service,No internet service,Month-to-month,Yes,Mailed check,24.5,270.15,0
0,Yes,No,35,No,Yes,No,Yes,Month-to-month,No,Electronic check,56.85,1861.1,0
0,No,No,40,Yes,Yes,No,No,Month-to-month,No,Mailed check,65.1,2586.0,0
0,No,No,10,No internet service,No internet service,No internet service,No internet service,Month-to-month,Yes,Mailed check,20.9,247.0,0
0,No,No,37,No,No,No,Yes,Month-to-month,No,Credit card (automatic),100.3,3541.4,0
1,Yes,No,54,No,No,No,No,Month-to-month,Yes,Bank transfer (automatic),24.95,1364.75,0
0,No,No,3,No,No,No,No,Month-to-month,No,Mailed check,90.7,237.65,0
0,Yes,Yes,12,No internet service,No internet service,No internet service,No internet service,One year,No,Bank transfer (automatic),19.8,229.6,1
0,No,No,53,No internet service,No internet service,No internet service,No internet service,Two year,No,Mailed check,18.7,1005.7,0
1,Yes,No,71,No,Yes,Yes,No,Two year,Yes,Electronic check,99.2,7213.75,0
1,No,No,1,No,No,No,No,Month-to-month,Yes,Electronic check,71.65,71.65,1
0,No,No,1,No internet service,No internet service,No internet service,No internet service,Month-to-month,No,Mailed check,19.65,19.65,0
0,Yes,No,18,No,No,Yes,No,Month-to-month,Yes,Electronic check,39.05,669.85,1
0,No,No,5,No,Yes,No,No,Month-to-month,Yes,Electronic check,51.35,262.3,0
0,Yes,No,55,No,Yes,Yes,No,Month-to-month,Yes,Credit card (automatic),94.45,5073.1,0
0,Yes,Yes,72,No internet service,No internet service,No internet service,No internet service,Two year,Yes,Bank transfer (automatic),24.05,1709.15,0
1,No,No,8,No,No,No,No,Month-to-month,Yes,Credit card (automatic),69.95,562.7,0
1,Yes,No,72,Yes,Yes,Yes,No,Two year,Yes,Electronic check,112.4,8046.85,0
0,Yes,Yes,32,Yes,Yes,Yes,Yes,Two year,No,Mailed check,73.6,2316.85,0
0,No,No,5,No internet service,No internet service,No internet service,No internet service,One year,No,Electronic check,19.55,99.6,0
0,No,No,19,No,No,Yes,Yes,Month-to-month,Yes,Credit card (automatic),55.0,1046.5,1
0,No,No,4,No internet service,No internet service,No internet service,No internet service,Two year,Yes,Credit card (automatic),25.3,116.95,0
0,Yes,No,12,No internet service,No internet service,No internet service,No internet service,One year,No,Bank transfer (automatic),19.8,202.25,0
0,No,Yes,31,No internet service,No internet service,No internet service,No internet service,One year,No,Credit card (automatic),20.1,589.25,0
0,No,No,66,No,Yes,No,Yes,One year,Yes,Electronic check,104.25,6860.6,0
1,No,No,19,No,No,Yes,No,Month-to-month,Yes,Credit card (automatic),95.9,1777.9,1
0,No,No,15,No internet service,No internet service,No internet service,No internet service,Month-to-month,No,Mailed check,19.75,311.6,0
1,No,No,59,No,Yes,No,No,Two year,Yes,Credit card (automatic),79.2,4590.35,0
0,No,No,7,No internet service,No internet service,No internet service,No internet service,One year,No,Mailed check,20.25,129.15,0
0,Yes,Yes,9,No,Yes,Yes,No,Month-to-month,Yes,Credit card (automatic),102.6,897.75,0
0,No,No,33,No,No,No,No,Month-to-month,No,Electronic check,68.25,2171.15,1
1,Yes,No,30,No,Yes,No,No,Month-to-month,Yes,Electronic check,90.05,2627.2,0
0,Yes,Yes,48,Yes,No,Yes,No,One year,Yes,Bank transfer (automatic),99.7,4977.2,0
1,Yes,No,59,No,Yes,No,No,Month-to-month,Yes,Electronic check,50.25,2997.45,0
0,Yes,Yes,40,No,Yes,Yes,Yes,One year,No,Mailed check,60.3,2448.5,0
0,Yes,No,35,Yes,Yes,Yes,No,Month-to-month,No,Mailed check,61.0,2130.45,0
1,Yes,No,67,Yes,Yes,No,No,Month-to-month,No,Bank transfer (automatic),83.85,5588.8,0
0,No,No,47,Yes,Yes,No,No,One year,No,Bank transfer (automatic),94.8,4535.85,0
0,Yes,Yes,31,Yes,No,Yes,Yes,One year,No,Electronic check,59.95,1848.8,0
1,Yes,No,66,No,Yes,No,No,Month-to-month,Yes,Electronic check,100.8,6690.75,0
0,No,No,1,No,No,No,No,Month-to-month,Yes,Electronic check,50.45,50.45,1
0,Yes,No,39,Yes,No,Yes,No,Month-to-month,No,Electronic check,55.9,2184.35,1
1,No,No,16,No,No,No,No,Month-to-month,Yes,Electronic check,78.75,1218.25,0
0,Yes,Yes,1,No internet service,No internet service,No internet service,No internet service,Month-to-month,Yes,Mailed check,19.4,19.4,0
0,No,No,8,No internet service,No internet service,No internet service,No internet service,Month-to-month,Yes,Mailed check,20.7,137.6,0
0,No,No,1,Yes,No,No,No,Month-to-month,Yes,Bank transfer (automatic),48.45,48.45,0
0,No,No,65,No internet service,No internet service,No internet service,No internet service,Two year,Yes,Credit card (automatic),19.55,1218.65,0
0,Yes,No,72,Yes,Yes,Yes,Yes,Two year,Yes,Bank transfer (automatic),113.65,8182.75,0
0,No,No,24,Yes,No,No,No,Month-to-month,Yes,Electronic check,94.6,2283.15,0
0,Yes,No,24,No,No,No,No,Month-to-month,Yes,Electronic check,93.0,2248.05,0
0,Yes,No,49,No internet service,No internet service,No internet service,No internet service,One year,No,Credit card (automatic),19.0,918.7,0
0,Yes,Yes,38,Yes,Yes,No,Yes,One year,No,Credit card (automatic),80.3,3058.65,1
0,Yes,Yes,62,No internet service,No internet service,No internet service,No internet service,Two year,No,Bank transfer (automatic),20.3,1296.15,0
0,No,No,71,Yes,Yes,Yes,Yes,One year,Yes,Bank transfer (automatic),116.3,8309.55,0
0,Yes,Yes,72,Yes,Yes,No,No,Two year,Yes,Electronic check,95.1,6843.15,0
0,No,No,3,No,No,No,No,Month-to-month,No,Electronic check,79.25,267.6,1
0,Yes,Yes,7,No internet service,No internet service,No internet service,No internet service,Month-to-month,No,Mailed check,20.25,144.35,0
0,No,No,28,No,No,No,Yes,Month-to-month,Yes,Credit card (automatic),54.9,1505.15,0
0,Yes,No,46,No,Yes,Yes,No,One year,Yes,Electronic check,94.65,4312.5,0
0,Yes,No,16,No,Yes,No,No,Month-to-month,Yes,Electronic check,100.0,1534.75,1
0,Yes,No,53,No,No,No,Yes,One year,Yes,Electronic check,93.45,4872.2,0
0,No,No,29,Yes,Yes,Yes,No,Month-to-month,Yes,Bank transfer (automatic),68.85,1970.5,1
1,No,No,5,No,Yes,No,No,Month-to-month,No,Electronic check,28.45,131.05,1
0,No,No,67,Yes,Yes,Yes,Yes,One year,Yes,Bank transfer (automatic),88.8,5903.15,0
0,Yes,Yes,32,Yes,Yes,No,Yes,Month-to-month,No,Bank transfer (automatic),61.4,1864.65,0
0,No,No,20,No internet service,No internet service,No internet service,No internet service,One year,Yes,Credit card (automatic),19.35,433.75,0
0,No,No,4,No,Yes,No,Yes,Month-to-month,Yes,Bank transfer (automatic),63.75,226.2,0
1,Yes,No,37,No internet service,No internet service,No internet service,No internet service,One year,No,Mailed check,19.6,727.8,0
0,No,No,22,No internet service,No internet service,No internet service,No internet service,Month-to-month,Yes,Mailed check,20.05,470.2,0
0,No,No,20,Yes,No,No,No,Month-to-month,Yes,Bank transfer (automatic),89.1,1879.25,0
1,Yes,No,31,No,No,No,No,Month-to-month,Yes,Electronic check,84.85,2633.4,0
1,No,No,14,No,No,No,No,Month-to-month,Yes,Electronic check,95.6,1273.3,0
0,Yes,No,9,No,No,Yes,No,Month-to-month,Yes,Electronic check,48.75,442.2,1
1,Yes,Yes,66,Yes,Yes,No,Yes,One year,Yes,Credit card (automatic),110.6,7210.85,0
0,No,No,29,No,No,No,No,Month-to-month,Yes,Electronic check,74.2,1993.25,0
0,Yes,No,61,No,Yes,No,Yes,Two year,Yes,Bank transfer (automatic),94.35,5703.0,0
0,Yes,Yes,67,Yes,No,Yes,No,Two year,Yes,Electronic check,79.7,5293.4,1
0,Yes,No,71,No internet service,No internet service,No internet service,No internet service,Two year,Yes,Bank transfer (automatic),20.9,1493.2,0
1,Yes,No,70,Yes,No,No,No,Month-to-month,Yes,Electronic check,90.85,6470.1,0
0,No,No,26,No,Yes,Yes,No,Month-to-month,Yes,Credit card (automatic),54.75,1406.9,0
1,No,No,13,No,No,No,No,Month-to-month,Yes,Electronic check,82.0,1127.2,1
0,Yes,Yes,70,No internet service,No internet service,No internet service,No internet service,Two year,Yes,Credit card (automatic),20.15,1411.2,0
0,No,No,2,No,Yes,No,No,Month-to-month,Yes,Bank transfer (automatic),87.15,183.75,1
0,Yes,No,72,No,Yes,Yes,Yes,One year,Yes,Bank transfer (automatic),108.5,8003.8,0
0,Yes,Yes,19,Yes,Yes,No,No,Month-to-month,Yes,Mailed check,34.95,610.2,0
0,No,No,54,Yes,No,Yes,Yes,Two year,No,Electronic check,80.6,4299.95,0
0,No,No,5,No,No,No,No,Month-to-month,No,Mailed check,24.3,100.2,0
0,No,Yes,1,No,No,No,No,Month-to-month,Yes,Electronic check,69.65,69.65,1
1,Yes,Yes,68,No,Yes,Yes,No,Two year,Yes,Electronic check,53.0,3656.25,0
0,Yes,Yes,6,No,No,No,No,Month-to-month,No,Electronic check,54.85,355.1,0
0,Yes,Yes,14,No,No,No,Yes,Month-to-month,Yes,Electronic check,91.65,1301.0,1
0,Yes,Yes,9,No internet service,No internet service,No internet service,No internet service,One year,No,Mailed check,20.25,172.35,0
0,Yes,Yes,12,No internet service,No internet service,No internet service,No internet service,Month-to-month,No,Mailed check,20.5,255.5,0
0,No,No,45,Yes,No,Yes,Yes,Month-to-month,Yes,Credit card (automatic),108.45,4964.7,0
1,Yes,No,24,No,No,Yes,No,Month-to-month,Yes,Electronic check,93.15,2231.05,1
0,No,No,3,No,No,No,No,Month-to-month,No,Electronic check,76.1,257.6,0
0,Yes,No,72,Yes,No,Yes,Yes,Two year,Yes,Credit card (automatic),84.4,6096.45,0
0,No,No,3,No,No,No,Yes,Month-to-month,Yes,Electronic check,29.75,96.85,0
1,Yes,No,31,No,No,Yes,No,One year,Yes,Electronic check,90.7,2835.5,0
0,No,No,7,No internet service,No internet service,No internet service,No internet service,Month-to-month,No,Mailed check,19.3,144.95,0
1,No,No,24,No,Yes,No,No,Month-to-month,Yes,Electronic check,101.25,2440.15,1
0,No,No,1,No internet service,No internet service,No internet service,No internet service,Month-to-month,Yes,Mailed check,19.4,19.4,0
0,Yes,No,34,No internet service,No internet service,No internet service,No internet service,Two year,No,Credit card (automatic),20.05,679.0,0
0,No,No,1,No,No,No,No,Month-to-month,Yes,Electronic check,34.7,34.7,1
0,Yes,Yes,61,No,No,Yes,Yes,Two year,Yes,Bank transfer (automatic),81.0,4976.15,0
0,No,No,4,No,No,No,No,Month-to-month,Yes,Mailed check,45.3,196.95,1
0,No,Yes,4,No internet service,No internet service,No internet service,No internet service,Month-to-month,No,Credit card (automatic),20.4,94.5,0
0,Yes,Yes,56,No,No,Yes,Yes,Two year,Yes,Electronic check,103.2,5873.75,0
0,Yes,Yes,63,Yes,Yes,Yes,Yes,Two year,No,Credit card (automatic),74.5,4674.55,0
0,No,Yes,12,No,No,No,No,Month-to-month,Yes,Electronic check,84.05,966.55,0
0,No,No,18,No internet service,No internet service,No internet service,No internet service,Month-to-month,No,Mailed check,19.65,391.7,0
1,No,No,56,Yes,Yes,Yes,No,One year,No,Electronic check,110.5,6139.5,0
1,No,No,23,No,Yes,No,No,Month-to-month,Yes,Electronic check,94.75,2293.6,1
0,Yes,Yes,71,No internet service,No internet service,No internet service,No internet service,Two year,No,Credit card (automatic),25.35,1847.55,0
0,No,No,1,No internet service,No internet service,No internet service,No internet service,Month-to-month,No,Mailed check,19.65,19.65,1
1,No,No,8,No,Yes,No,No,Month-to-month,Yes,Electronic check,87.1,713.6,0
0,Yes,Yes,70,Yes,No,No,Yes,Two year,No,Credit card (automatic),75.35,5437.75,0
1,No,No,32,No,No,No,No,Month-to-month,No,Electronic check,90.95,2897.95,0
0,No,No,69,No,No,Yes,Yes,Two year,No,Electronic check,104.0,7028.5,0
0,No,No,47,Yes,No,Yes,Yes,Two year,Yes,Mailed check,65.0,2879.9,0
0,Yes,No,14,No,No,No,No,Month-to-month,Yes,Electronic check,86.1,1235.55,1
0,No,No,11,No internet service,No internet service,No internet service,No internet service,Month-to-month,No,Bank transfer (automatic),20.3,246.3,0
0,Yes,No,16,No,No,No,Yes,Month-to-month,Yes,Electronic check,49.95,810.2,1
1,Yes,No,72,Yes,Yes,Yes,No,Two year,Yes,Credit card (automatic),84.1,5981.65,0
0,Yes,No,47,No,Yes,Yes,No,Month-to-month,Yes,Electronic check,104.1,5135.15,0
0,Yes,No,33,No,No,No,Yes,One year,Yes,Mailed check,51.45,1758.9,0
0,Yes,Yes,46,No internet service,No internet service,No internet service,No internet service,Two year,Yes,Mailed check,20.1,936.85,0
0,Yes,Yes,13,No,No,No,No,Month-to-month,No,Bank transfer (automatic),44.8,559.2,0
0,Yes,Yes,35,Yes,No,Yes,Yes,Month-to-month,Yes,Electronic check,106.9,3756.45,0
0,Yes,No,8,No internet service,No internet service,No internet service,No internet service,Month-to-month,No,Bank transfer (automatic),20.15,156.25,1
0,Yes,No,5,No,No,Yes,Yes,Month-to-month,No,Bank transfer (automatic),67.95,350.3,1
1,Yes,No,56,Yes,Yes,Yes,Yes,Two year,Yes,Bank transfer (automatic),85.65,4824.45,0
0,Yes,No,63,No,Yes,Yes,Yes,Month-to-month,Yes,Electronic check,108.75,6871.7,0
0,No,No,9,No,No,No,No,Month-to-month,Yes,Electronic check,75.85,724.65,0
0,Yes,Yes,65,No,Yes,Yes,Yes,Two year,Yes,Credit card (automatic),110.8,7245.9,0
0,Yes,No,21,No,Yes,Yes,Yes,Month-to-month,Yes,Electronic check,111.2,2317.1,1
0,No,No,43,No,Yes,Yes,No,Month-to-month,Yes,Electronic check,91.65,3954.1,0
0,Yes,Yes,62,Yes,Yes,Yes,Yes,Two year,No,Mailed check,108.15,6825.65,0
0,No,No,53,No,No,Yes,No,One year,Yes,Electronic check,61.1,3357.9,0
1,Yes,No,43,No,Yes,No,Yes,Month-to-month,Yes,Electronic check,94.3,3953.15,0
1,Yes,No,48,No,No,No,No,Month-to-month,Yes,Bank transfer (automatic),70.65,3545.05,0
1,No,No,10,No,No,Yes,No,Month-to-month,Yes,Credit card (automatic),84.6,865.55,1
0,Yes,No,42,No internet service,No internet service,No internet service,No internet service,Month-to-month,No,Credit card (automatic),20.35,869.9,0
0,Yes,No,47,No internet service,No internet service,No internet service,No internet service,Two year,No,Bank transfer (automatic),19.65,921.55,0
0,Yes,Yes,40,No internet service,No internet service,No internet service,No internet service,Two year,No,Bank transfer (automatic),20.15,777.35,0
1,No,No,1,No,No,No,No,Month-to-month,Yes,Electronic check,93.55,93.55,1
0,Yes,Yes,68,No,Yes,Yes,No,Two year,Yes,Credit card (automatic),84.4,5746.75,0
0,Yes,Yes,56,Yes,Yes,Yes,Yes,Two year,No,Credit card (automatic),81.25,4620.4,0
0,Yes,Yes,17,No internet service,No internet service,No internet service,No internet service,One year,No,Bank transfer (automatic),19.9,329.75,0
1,No,No,52,No,Yes,Yes,Yes,Month-to-month,Yes,Electronic check,50.5,2566.3,0
1,Yes,No,72,No,Yes,Yes,Yes,Two year,Yes,Bank transfer (automatic),111.65,8022.85,0
0,No,No,32,No internet service,No internet service,No internet service,No internet service,One year,No,Mailed check,19.8,607.7,0
0,No,No,8,No,Yes,No,Yes,Month-to-month,Yes,Electronic check,66.65,520.95,0
0,Yes,Yes,49,No,Yes,Yes,No,One year,No,Credit card (automatic),78.0,3824.2,0
0,No,No,2,No internet service,No internet service,No internet service,No internet service,Month-to-month,No,Mailed check,20.75,44.2,0
0,No,Yes,33,No internet service,No internet service,No internet service,No internet service,One year,Yes,Mailed check,20.15,682.15,0
1,No,No,29,No,Yes,Yes,No,Month-to-month,Yes,Bank transfer (automatic),101.45,2948.6,0
0,Yes,No,70,No internet service,No internet service,No internet service,No internet service,Two year,No,Bank transfer (automatic),25.15,1940.85,0
0,Yes,Yes,48,No,Yes,Yes,No,One year,Yes,Credit card (automatic),55.8,2651.2,0
0,No,No,27,No internet service,No internet service,No internet service,No internet service,One year,No,Mailed check,19.15,501.35,0
1,Yes,Yes,28,No,No,No,No,One year,Yes,Electronic check,51.0,1381.8,0
0,No,No,21,No,No,No,No,Month-to-month,Yes,Electronic check,84.1,1737.45,0
0,No,No,39,No,No,No,Yes,Two year,Yes,Credit card (automatic),53.85,2200.7,0
0,Yes,No,10,No,Yes,No,Yes,Month-to-month,Yes,Electronic check,99.85,990.9,1
0,No,No,21,Yes,No,Yes,No,Month-to-month,No,Bank transfer (automatic),65.35,1424.4,0
0,No,No,14,No,No,Yes,No,Month-to-month,Yes,Electronic check,50.75,712.75,1
0,Yes,No,28,Yes,Yes,No,Yes,Month-to-month,No,Mailed check,60.9,1785.65,0
0,No,No,43,Yes,Yes,Yes,Yes,Two year,No,Credit card (automatic),115.05,4895.1,0
0,No,Yes,2,Yes,Yes,No,No,Month-to-month,No,Bank transfer (automatic),60.95,134.6,0
0,No,No,4,No,No,No,No,Month-to-month,Yes,Electronic check,79.9,324.3,1
0,Yes,Yes,27,No,Yes,Yes,No,One year,Yes,Credit card (automatic),45.85,1246.4,0
0,No,No,1,No internet service,No internet service,No internet service,No internet service,Month-to-month,No,Mailed check,19.5,19.5,0
0,No,No,72,Yes,Yes,Yes,Yes,Two year,Yes,Bank transfer (automatic),116.45,8013.55,0
0,No,No,15,Yes,No,No,No,Month-to-month,Yes,Bank transfer (automatic),64.65,994.55,1
0,Yes,Yes,35,No,No,No,Yes,One year,Yes,Bank transfer (automatic),73.45,2661.1,0
0,Yes,Yes,27,No,Yes,No,Yes,Month-to-month,Yes,Credit card (automatic),85.2,2151.6,0
0,Yes,Yes,53,Yes,Yes,Yes,No,Month-to-month,Yes,Bank transfer (automatic),48.7,2495.2,0
0,Yes,Yes,37,Yes,Yes,No,No,One year,No,Bank transfer (automatic),75.1,2658.8,0
0,Yes,No,1,No,No,Yes,No,Month-to-month,Yes,Electronic check,50.35,50.35,1
0,No,No,1,No,No,No,No,Month-to-month,Yes,Electronic check,75.1,75.1,1
0,No,No,38,Yes,Yes,Yes,No,Month-to-month,Yes,Credit card (automatic),83.9,3233.6,1
0,No,No,1,No,Yes,No,No,Month-to-month,Yes,Credit card (automatic),100.25,100.25,1
0,No,No,72,No,Yes,Yes,Yes,Two year,No,Bank transfer (automatic),109.2,7878.3,0
0,Yes,Yes,52,Yes,No,Yes,No,One year,No,Electronic check,100.3,5244.45,0
0,Yes,Yes,11,No,No,No,No,Month-to-month,Yes,Bank transfer (automatic),79.5,868.5,1
1,No,No,62,No,No,No,No,One year,No,Electronic check,84.45,4959.15,0
0,Yes,Yes,1,No internet service,No internet service,No internet service,No internet service,Month-to-month,No,Mailed check,19.9,19.9,1
0,Yes,Yes,52,No,No,Yes,No,One year,No,Bank transfer (automatic),101.25,5301.1,0
0,Yes,Yes,40,Yes,Yes,No,Yes,Month-to-month,Yes,Credit card (automatic),110.1,4469.1,0
0,Yes,Yes,52,No internet service,No internet service,No internet service,No internet service,One year,No,Credit card (automatic),19.6,1012.4,0
0,Yes,No,67,No,Yes,Yes,No,One year,No,Electronic check,104.1,7040.85,1
0,No,No,2,No internet service,No internet service,No internet service,No internet service,Month-to-month,No,Mailed check,19.75,39.3,0
0,No,No,1,No internet service,No internet service,No internet service,No internet service,Month-to-month,No,Mailed check,19.9,19.9,0
0,No,No,15,No,Yes,No,No,Two year,Yes,Mailed check,38.8,603.0,0
0,Yes,No,36,Yes,Yes,Yes,Yes,Two year,Yes,Credit card (automatic),106.05,3834.4,0
0,No,No,38,No,Yes,Yes,Yes,Month-to-month,Yes,Credit card (automatic),84.25,3264.5,1
0,Yes,Yes,72,No,No,Yes,No,Two year,Yes,Bank transfer (automatic),76.8,5468.45,0
0,No,No,2,No,Yes,No,No,Month-to-month,Yes,Electronic check,74.75,144.8,0
0,No,No,17,No internet service,No internet service,No internet service,No internet service,Two year,No,Credit card (automatic),19.45,369.05,0
1,Yes,No,54,No,Yes,No,No,One year,Yes,Credit card (automatic),101.5,5373.1,1
0,Yes,Yes,70,Yes,Yes,Yes,Yes,Two year,No,Bank transfer (automatic),93.9,6579.05,1
0,Yes,Yes,28,No,Yes,Yes,Yes,One year,Yes,Credit card (automatic),60.0,1682.05,0
0,Yes,Yes,64,No,Yes,Yes,Yes,One year,Yes,Electronic check,111.45,7266.95,0
0,No,No,1,No,No,No,No,Month-to-month,Yes,Mailed check,45.55,45.55,0
0,No,No,1,No,No,No,No,Month-to-month,No,Mailed check,25.2,25.2,1
0,Yes,Yes,30,Yes,No,No,Yes,Month-to-month,No,Bank transfer (automatic),66.3,1923.5,0
0,Yes,Yes,1,No internet service,No internet service,No internet service,No internet service,Month-to-month,No,Mailed check,19.45,19.45,1
0,No,No,16,No,No,No,No,Month-to-month,Yes,Bank transfer (automatic),63.05,1067.05,0
0,No,No,2,No internet service,No internet service,No internet service,No internet service,Month-to-month,No,Mailed check,20.05,33.7,0
0,No,No,48,No,No,Yes,Yes,Month-to-month,Yes,Electronic check,103.85,4946.05,0
0,No,No,4,No,No,Yes,Yes,Month-to-month,Yes,Electronic check,74.4,299.7,1
0,Yes,Yes,31,Yes,No,Yes,Yes,One year,Yes,Mailed check,81.15,2545.75,0
0,No,No,62,Yes,Yes,Yes,No,Month-to-month,No,Bank transfer (automatic),90.7,5586.45,0
0,Yes,Yes,68,No,Yes,No,Yes,Two year,No,Credit card (automatic),70.8,4859.95,0
0,Yes,No,59,No,No,Yes,Yes,Month-to-month,No,Electronic check,93.35,5386.5,0
0,No,Yes,4,No internet service,No internet service,No internet service,No internet service,One year,Yes,Mailed check,20.4,84.75,0
1,Yes,Yes,68,No internet service,No internet service,No internet service,No internet service,One year,No,Bank transfer (automatic),19.5,1193.55,0
0,Yes,No,50,Yes,Yes,No,Yes,Month-to-month,Yes,Bank transfer (automatic),109.65,5405.8,0
0,No,No,41,Yes,No,Yes,Yes,Month-to-month,Yes,Bank transfer (automatic),74.65,3090.65,0
0,No,No,13,No,Yes,No,No,Month-to-month,Yes,Electronic check,31.65,389.95,0
0,Yes,Yes,15,No,No,Yes,Yes,Month-to-month,Yes,Bank transfer (automatic),59.65,867.1,0
0,No,No,68,No,No,Yes,No,Month-to-month,Yes,Bank transfer (automatic),39.9,2796.35,0
1,Yes,No,2,No,No,No,No,Month-to-month,Yes,Electronic check,69.3,153.8,0
0,Yes,Yes,68,Yes,Yes,Yes,No,Two year,Yes,Credit card (automatic),103.25,7074.4,0
0,Yes,Yes,63,No internet service,No internet service,No internet service,No internet service,Two year,No,Electronic check,19.35,1263.85,0
0,Yes,No,1,No,No,No,No,Month-to-month,Yes,Bank transfer (automatic),74.6,74.6,1
0,Yes,Yes,6,No,No,No,No,Month-to-month,Yes,Bank transfer (automatic),44.6,260.8,1
0,No,No,2,No,No,No,No,Month-to-month,Yes,Electronic check,86.0,165.45,1
0,No,No,44,No internet service,No internet service,No internet service,No internet service,Two year,No,Mailed check,20.05,845.25,0
0,Yes,No,61,No,No,No,Yes,One year,No,Bank transfer (automatic),101.15,6383.9,0
0,No,No,1,No,No,No,No,Month-to-month,Yes,Electronic check,69.6,69.6,1
0,No,No,1,No,Yes,No,No,Month-to-month,Yes,Electronic check,74.7,74.7,1
1,No,No,11,No,No,No,No,Month-to-month,No,Bank transfer (automatic),89.7,1047.7,1
1,Yes,No,14,No,Yes,No,No,Month-to-month,Yes,Electronic check,100.2,1369.8,1
0,Yes,No,28,No,No,Yes,Yes,Month-to-month,Yes,Electronic check,104.8,3046.05,1
0,Yes,Yes,62,No,Yes,Yes,No,Month-to-month,Yes,Electronic check,100.15,6283.3,1
0,No,No,1,No,No,No,No,Month-to-month,Yes,Electronic check,60.15,60.15,1
0,No,No,3,No,No,No,No,Month-to-month,Yes,Electronic check,74.95,212.4,0
1,Yes,No,41,No,Yes,Yes,No,Month-to-month,Yes,Electronic check,53.95,2215.4,0
1,No,No,56,No,Yes,Yes,No,Month-to-month,No,Electronic check,104.75,5841.35,0
1,Yes,No,42,No,Yes,Yes,No,Month-to-month,Yes,Electronic check,95.55,3930.6,0
1,No,No,56,No,Yes,Yes,Yes,Two year,Yes,Bank transfer (automatic),99.9,5706.3,0
0,Yes,No,26,No,Yes,Yes,Yes,Month-to-month,No,Bank transfer (automatic),81.9,2078.55,0
0,Yes,No,62,Yes,Yes,Yes,Yes,Two year,No,Mailed check,113.95,6891.4,0
0,No,No,6,No,No,Yes,Yes,Month-to-month,Yes,Electronic check,89.25,487.05,0
0,No,No,28,No,No,Yes,Yes,Month-to-month,No,Electronic check,91.0,2626.15,0
1,No,No,1,No,No,No,No,Month-to-month,Yes,Electronic check,69.6,69.6,1
0,Yes,Yes,1,No,Yes,No,No,Month-to-month,No,Credit card (automatic),74.6,74.6,0
0,No,No,41,No internet service,No internet service,No internet service,No internet service,Two year,No,Mailed check,20.65,835.15,0
0,Yes,No,67,No internet service,No internet service,No internet service,No internet service,One year,Yes,Bank transfer (automatic),20.85,1327.4,0
0,Yes,No,56,No,No,Yes,Yes,One year,Yes,Bank transfer (automatic),54.05,2959.8,0
0,No,No,63,Yes,Yes,Yes,Yes,Two year,Yes,Credit card (automatic),79.85,4861.45,0
0,Yes,Yes,55,No internet service,No internet service,No internet service,No internet service,One year,No,Mailed check,19.5,1026.35,0
0,No,Yes,1,No,No,No,No,Month-to-month,No,Electronic check,44.0,44.0,0
0,No,Yes,21,No,No,No,No,Month-to-month,No,Mailed check,45.65,985.05,0
0,Yes,Yes,67,No,Yes,Yes,Yes,One year,Yes,Credit card (automatic),112.35,7388.45,0
1,No,No,51,No,No,Yes,No,One year,Yes,Bank transfer (automatic),94.0,4905.75,0
1,No,No,6,No,No,Yes,No,Month-to-month,No,Electronic check,74.4,434.1,1
0,No,No,9,No,No,No,No,Month-to-month,Yes,Electronic check,43.75,405.7,0
0,Yes,Yes,10,No internet service,No internet service,No internet service,No internet service,Month-to-month,Yes,Credit card (automatic),20.05,218.5,0
0,Yes,No,43,No,No,No,Yes,One year,Yes,Bank transfer (automatic),64.85,2908.2,0
0,Yes,Yes,67,Yes,No,No,Yes,Two year,No,Credit card (automatic),106.7,7009.5,0
0,No,No,27,No,No,No,No,Month-to-month,Yes,Bank transfer (automatic),95.6,2595.25,0
0,No,Yes,24,Yes,No,No,Yes,Two year,No,Mailed check,35.75,830.8,0
1,No,No,20,No,No,No,No,Month-to-month,No,Credit card (automatic),71.3,1389.2,1
1,No,No,41,No,Yes,Yes,No,Month-to-month,Yes,Electronic check,104.4,4133.95,0
0,Yes,Yes,19,No internet service,No internet service,No internet service,No internet service,Two year,No,Mailed check,20.15,387.7,0
0,No,No,60,Yes,No,Yes,No,Two year,No,Electronic check,53.6,3237.05,0
0,Yes,No,36,No,No,No,No,Month-to-month,No,Electronic check,80.4,2937.65,0
0,No,No,3,No,No,No,No,Month-to-month,Yes,Electronic check,54.2,140.4,0
0,No,No,6,No internet service,No internet service,No internet service,No internet service,Month-to-month,No,Mailed check,20.2,123.65,0
0,No,No,10,No internet service,No internet service,No internet service,No internet service,Month-to-month,Yes,Mailed check,20.55,187.35,0
1,Yes,No,72,Yes,Yes,Yes,Yes,Two year,Yes,Bank transfer (automatic),96.6,6827.5,0
0,Yes,No,11,No,No,No,No,Month-to-month,Yes,Bank transfer (automatic),45.9,521.9,0
0,Yes,Yes,54,No,Yes,No,Yes,One year,Yes,Electronic check,70.7,3770.0,0
0,Yes,No,64,No,No,Yes,Yes,One year,No,Bank transfer (automatic),58.35,3756.45,0
0,Yes,Yes,61,No,Yes,Yes,Yes,Two year,Yes,Bank transfer (automatic),61.45,3751.15,0
0,Yes,No,71,Yes,Yes,Yes,Yes,Two year,No,Credit card (automatic),80.4,5727.15,0
0,No,No,8,Yes,No,No,No,Month-to-month,No,Electronic check,84.95,668.4,1
0,Yes,No,17,No,No,Yes,No,One year,Yes,Bank transfer (automatic),96.65,1588.25,0
0,Yes,Yes,16,Yes,Yes,No,Yes,Two year,No,Bank transfer (automatic),68.25,1114.85,0
0,Yes,Yes,22,Yes,Yes,Yes,No,Month-to-month,No,Mailed check,61.15,1422.05,1
0,No,Yes,21,Yes,No,No,No,Month-to-month,No,Electronic check,80.35,1747.2,0
0,Yes,Yes,62,Yes,Yes,No,No,One year,Yes,Credit card (automatic),81.45,4983.05,0
0,No,No,18,No,No,Yes,Yes,Month-to-month,No,Credit card (automatic),55.2,1058.1,0
0,No,No,7,No,Yes,No,No,Month-to-month,Yes,Electronic check,99.8,673.25,1
0,No,No,38,No internet service,No internet service,No internet service,No internet service,One year,No,Mailed check,19.3,755.5,0
0,Yes,Yes,16,Yes,No,Yes,No,Month-to-month,No,Bank transfer (automatic),100.7,1522.7,0
0,Yes,Yes,1,No,No,No,No,Month-to-month,Yes,Mailed check,70.65,70.65,1
0,Yes,Yes,64,No internet service,No internet service,No internet service,No internet service,Two year,Yes,Mailed check,24.8,1514.85,0
0,Yes,Yes,64,Yes,No,Yes,Yes,Two year,No,Mailed check,69.25,4447.75,0
0,No,No,1,Yes,No,No,No,Month-to-month,No,Electronic check,47.95,47.95,0
0,No,No,5,No,No,Yes,No,Month-to-month,No,Electronic check,39.5,210.75,1
0,Yes,Yes,66,Yes,No,No,No,Two year,Yes,Electronic check,59.75,3996.8,0
0,Yes,Yes,49,No,Yes,Yes,No,Month-to-month,Yes,Credit card (automatic),90.4,4494.65,0
0,No,No,9,No internet service,No internet service,No internet service,No internet service,Month-to-month,Yes,Electronic check,19.5,178.85,0
0,No,No,51,No,Yes,No,No,Month-to-month,No,Bank transfer (automatic),81.0,4085.75,0
0,Yes,Yes,72,Yes,Yes,Yes,Yes,Two year,No,Bank transfer (automatic),69.85,5102.35,0
0,No,No,26,No,No,No,Yes,Month-to-month,Yes,Electronic check,80.5,2088.8,1
0,Yes,No,61,No,No,Yes,Yes,One year,Yes,Bank transfer (automatic),103.3,6518.35,0
1,Yes,No,51,Yes,No,Yes,No,Month-to-month,Yes,Bank transfer (automatic),93.8,4750.95,1
1,No,No,60,Yes,No,No,No,One year,Yes,Bank transfer (automatic),101.4,6176.6,0
0,Yes,No,60,No internet service,No internet service,No internet service,No internet service,Two year,No,Mailed check,19.95,1258.15,0
0,Yes,Yes,34,Yes,Yes,Yes,No,One year,Yes,Mailed check,60.8,2042.05,0
0,No,No,52,Yes,No,Yes,Yes,One year,No,Credit card (automatic),57.95,3042.25,0
0,Yes,No,54,No,Yes,Yes,Yes,One year,No,Electronic check,110.35,5893.15,1
0,No,No,10,No,No,No,No,Month-to-month,No,Mailed check,46.0,492.1,0
0,No,No,52,Yes,No,Yes,Yes,One year,No,Credit card (automatic),74.0,3877.65,0
0,Yes,Yes,40,No,No,Yes,No,Month-to-month,Yes,Electronic check,81.2,3292.3,0
0,No,No,5,No,Yes,No,No,Month-to-month,Yes,Mailed check,51.0,305.95,1
0,No,No,3,No,No,No,No,Month-to-month,No,Bank transfer (automatic),50.4,137.25,0
0,No,No,52,Yes,Yes,Yes,Yes,Two year,No,Credit card (automatic),63.9,3334.95,0
0,Yes,Yes,45,No,Yes,Yes,No,Month-to-month,Yes,Bank transfer (automatic),95.95,4456.65,0
0,No,No,2,No,No,No,No,Month-to-month,Yes,Electronic check,70.7,151.65,1
0,No,No,27,Yes,No,Yes,Yes,One year,No,Electronic check,81.7,2212.55,0
1,No,No,8,Yes,No,No,Yes,Month-to-month,No,Credit card (automatic),100.3,832.35,1
0,No,No,2,No internet service,No internet service,No internet service,No internet service,Month-to-month,Yes,Mailed check,20.0,40.9,0
0,No,No,2,No,Yes,No,No,Month-to-month,No,Electronic check,79.55,151.75,0
0,Yes,No,47,No,No,Yes,No,Month-to-month,Yes,Electronic check,85.3,4045.65,1
0,No,No,16,No internet service,No internet service,No internet service,No internet service,Two year,No,Mailed check,19.75,284.35,0
0,Yes,No,69,No,Yes,No,No,Two year,Yes,Credit card (automatic),61.45,4131.2,0
0,Yes,Yes,64,No internet service,No internet service,No internet service,No internet service,One year,No,Bank transfer (automatic),19.8,1336.65,0
0,No,No,22,Yes,No,No,No,Month-to-month,Yes,Credit card (automatic),48.8,1054.6,1
0,Yes,Yes,29,No,No,Yes,No,Month-to-month,Yes,Electronic check,89.2,2698.35,1
0,No,No,3,Yes,Yes,No,No,Month-to-month,Yes,Electronic check,79.1,246.5,1
0,No,Yes,2,No internet service,No internet service,No internet service,No internet service,One year,No,Bank transfer (automatic),20.5,38.25,0
0,No,No,35,No,No,No,Yes,Month-to-month,No,Credit card (automatic),80.05,2835.9,0
0,No,No,11,No,No,Yes,No,Month-to-month,Yes,Bank transfer (automatic),97.85,1105.4,1
0,Yes,No,53,No,Yes,Yes,Yes,One year,Yes,Electronic check,60.45,3184.25,1
0,No,No,45,Yes,Yes,Yes,Yes,One year,No,Credit card (automatic),112.2,5031.85,0
0,No,No,14,No,Yes,No,No,Month-to-month,Yes,Mailed check,31.1,419.7,0
0,No,No,3,Yes,No,Yes,Yes,Month-to-month,No,Mailed check,41.35,107.25,0
0,Yes,No,18,No,No,No,No,Month-to-month,Yes,Electronic check,73.15,1305.95,0
0,No,No,1,No,No,No,No,Month-to-month,No,Mailed check,43.95,43.95,1
0,Yes,No,24,Yes,No,No,Yes,Month-to-month,Yes,Electronic check,89.25,2210.2,0
1,No,No,32,No,No,No,No,Month-to-month,Yes,Electronic check,79.5,2665.0,0
0,Yes,No,2,No,No,No,No,Month-to-month,Yes,Credit card (automatic),70.4,154.8,0
0,No,No,68,Yes,Yes,Yes,No,Two year,Yes,Bank transfer (automatic),102.1,7149.35,0
0,No,No,52,Yes,No,Yes,No,One year,No,Electronic check,53.75,2790.65,0
0,No,No,13,No,Yes,Yes,No,Month-to-month,Yes,Electronic check,84.45,1058.6,1
0,No,No,21,No,Yes,No,Yes,Month-to-month,Yes,Mailed check,36.0,780.15,0
0,Yes,Yes,69,No,Yes,Yes,No,Month-to-month,Yes,Electronic check,103.95,7446.9,1
0,Yes,Yes,63,No internet service,No internet service,No internet service,No internet service,Two year,No,Credit card (automatic),20.0,1209.25,0
0,Yes,Yes,65,No internet service,No internet service,No internet service,No internet service,Two year,Yes,Bank transfer (automatic),25.3,1748.55,0
0,No,No,37,No,No,No,No,Month-to-month,Yes,Electronic check,64.75,2345.2,1
1,Yes,No,15,No,No,No,No,Month-to-month,Yes,Bank transfer (automatic),85.6,1345.55,1
0,No,Yes,19,No,No,No,Yes,Month-to-month,No,Mailed check,48.8,953.65,0
0,Yes,Yes,30,Yes,Yes,Yes,Yes,Month-to-month,No,Electronic check,67.6,2000.2,0
0,No,No,29,No,No,Yes,No,Month-to-month,Yes,Credit card (automatic),98.6,2933.2,1
0,Yes,Yes,4,No,Yes,No,Yes,Month-to-month,Yes,Mailed check,58.5,224.85,0
0,Yes,No,67,Yes,Yes,No,Yes,Two year,Yes,Credit card (automatic),69.2,4671.65,0
0,Yes,Yes,38,No internet service,No internet service,No internet service,No internet service,Two year,No,Credit card (automatic),25.05,963.95,0
0,No,No,7,No,No,No,Yes,Month-to-month,Yes,Electronic check,74.65,521.1,1
0,Yes,No,8,Yes,No,No,No,Month-to-month,Yes,Mailed check,75.0,658.1,0
0,No,No,12,No,No,No,No,Month-to-month,No,Electronic check,94.55,1173.55,0
0,No,No,7,No internet service,No internet service,No internet service,No internet service,One year,No,Mailed check,19.5,128.6,0
0,Yes,Yes,65,Yes,Yes,No,No,Two year,Yes,Mailed check,69.55,4459.15,0
0,No,No,16,No internet service,No internet service,No internet service,No internet service,One year,No,Credit card (automatic),19.35,295.55,0
0,Yes,No,40,No,Yes,No,No,Month-to-month,Yes,Electronic check,101.3,4113.1,1
0,Yes,Yes,72,Yes,Yes,Yes,No,Two year,No,Credit card (automatic),109.7,8129.3,0
0,No,No,30,No,No,No,Yes,Month-to-month,Yes,Credit card (automatic),89.9,2723.15,0
0,Yes,Yes,72,Yes,Yes,No,Yes,Two year,Yes,Bank transfer (automatic),90.35,6563.4,0
1,No,No,2,Yes,Yes,No,No,Month-to-month,No,Mailed check,54.85,104.2,1
0,Yes,Yes,72,Yes,Yes,Yes,Yes,Two year,No,Credit card (automatic),89.7,6339.3,0
0,No,No,41,No,Yes,Yes,No,One year,Yes,Electronic check,80.55,3263.9,0
0,No,No,2,No,Yes,No,No,Month-to-month,Yes,Mailed check,49.6,114.7,1
0,No,No,8,No,Yes,Yes,No,Month-to-month,Yes,Electronic check,94.0,773.65,1
0,No,No,41,No,Yes,No,No,Month-to-month,Yes,Electronic check,89.2,3645.75,0
0,Yes,Yes,25,No internet service,No internet service,No internet service,No internet service,Month-to-month,Yes,Bank transfer (automatic),25.4,546.85,0
0,Yes,No,60,Yes,Yes,Yes,No,One year,No,Electronic check,50.05,2911.5,0
1,Yes,No,23,No,No,No,No,Month-to-month,Yes,Electronic check,90.45,2117.25,0
0,No,No,35,Yes,No,Yes,Yes,Two year,Yes,Electronic check,108.95,4025.5,0
0,Yes,No,68,No,Yes,Yes,No,One year,No,Credit card (automatic),86.45,5762.95,0
0,No,No,14,Yes,No,No,No,Month-to-month,No,Bank transfer (automatic),50.1,709.5,0
0,Yes,No,45,No,No,No,Yes,Two year,Yes,Credit card (automatic),95.2,4285.8,0
0,No,No,3,No internet service,No internet service,No internet service,No internet service,One year,No,Mailed check,21.2,52.05,0
0,Yes,Yes,31,No,No,Yes,Yes,Month-to-month,Yes,Electronic check,104.2,3243.45,1
0,Yes,Yes,61,No internet service,No internet service,No internet service,No internet service,Month-to-month,Yes,Mailed check,19.4,1182.55,1
0,Yes,Yes,19,No internet service,No internet service,No internet service,No internet service,Two year,No,Mailed check,25.6,485.9,0
0,No,Yes,1,No,No,No,No,Month-to-month,Yes,Electronic check,24.7,24.7,0
1,Yes,Yes,70,No,Yes,Yes,Yes,One year,Yes,Electronic check,107.9,7475.85,0
1,No,No,45,Yes,No,Yes,No,One year,No,Credit card (automatic),62.7,2791.5,1
0,Yes,Yes,66,No,No,No,No,One year,Yes,Bank transfer (automatic),74.25,4859.25,0
0,Yes,Yes,71,No internet service,No internet service,No internet service,No internet service,Two year,No,Credit card (automatic),23.9,1626.4,0
0,No,No,22,No,Yes,No,No,Month-to-month,Yes,Mailed check,84.3,1855.65,1
0,Yes,Yes,28,No internet service,No internet service,No internet service,No internet service,One year,No,Mailed check,19.9,543.0,0
0,Yes,Yes,71,No internet service,No internet service,No internet service,No internet service,Two year,No,Bank transfer (automatic),25.45,1813.35,0
0,Yes,Yes,59,Yes,No,Yes,Yes,Two year,Yes,Mailed check,76.45,4519.5,0
1,No,No,38,No,Yes,Yes,Yes,One year,Yes,Credit card (automatic),70.15,2497.35,1
0,Yes,Yes,55,No,No,Yes,No,Month-to-month,Yes,Credit card (automatic),90.4,5099.15,0
0,No,No,50,Yes,Yes,Yes,Yes,One year,Yes,Credit card (automatic),90.1,4549.45,0
0,Yes,Yes,58,No,Yes,No,Yes,One year,Yes,Credit card (automatic),94.7,5430.35,0
0,No,No,18,Yes,No,Yes,No,Month-to-month,No,Mailed check,33.6,550.35,0
0,Yes,No,51,No,Yes,No,No,One year,Yes,Credit card (automatic),90.35,4614.55,0
0,Yes,Yes,71,Yes,Yes,Yes,Yes,Two year,No,Electronic check,90.35,6325.25,0
0,Yes,Yes,58,No internet service,No internet service,No internet service,No internet service,One year,Yes,Electronic check,19.55,1108.8,0
0,Yes,No,51,No,No,No,No,Month-to-month,Yes,Electronic check,94.65,4812.75,1
0,Yes,Yes,23,No,Yes,Yes,Yes,One year,No,Mailed check,86.8,1940.8,0
1,Yes,No,32,No,No,Yes,Yes,Month-to-month,Yes,Electronic check,104.9,3351.55,1
0,Yes,Yes,40,No,Yes,No,No,Month-to-month,Yes,Electronic check,50.85,2036.55,0
0,Yes,No,2,Yes,Yes,No,No,Month-to-month,No,Electronic check,90.35,190.5,0
0,No,No,38,No,No,No,No,One year,Yes,Mailed check,89.1,3342.0,0
0,Yes,Yes,34,No,No,Yes,Yes,Month-to-month,Yes,Electronic check,44.85,1442.6,0
0,No,No,7,No,No,No,No,Month-to-month,No,Mailed check,54.85,370.4,0
1,No,No,67,No,No,No,No,Month-to-month,Yes,Mailed check,75.7,5060.85,0
0,Yes,No,72,No,Yes,Yes,No,Two year,Yes,Bank transfer (automatic),104.8,7470.1,0
1,No,No,20,No,No,No,No,Month-to-month,Yes,Electronic check,81.45,1671.6,0
0,No,No,46,Yes,Yes,No,No,Month-to-month,Yes,Electronic check,93.7,4154.8,1
0,Yes,Yes,47,No internet service,No internet service,No internet service,No internet service,Two year,No,Credit card (automatic),20.25,873.4,0
0,Yes,No,72,Yes,Yes,Yes,Yes,Two year,Yes,Electronic check,64.7,4746.05,0
1,No,No,1,No,No,No,No,Month-to-month,Yes,Electronic check,72.1,72.1,0
0,Yes,Yes,12,No,Yes,No,Yes,Month-to-month,No,Mailed check,35.5,432.25,0
0,No,Yes,1,No,Yes,No,Yes,Month-to-month,No,Mailed check,33.6,33.6,0
0,Yes,No,72,No,Yes,Yes,Yes,Two year,Yes,Credit card (automatic),109.75,7758.9,0
0,Yes,No,61,No internet service,No internet service,No internet service,No internet service,Two year,No,Credit card (automatic),20.25,1278.8,0
0,No,Yes,51,Yes,No,Yes,Yes,One year,No,Bank transfer (automatic),60.15,3077.0,0
1,Yes,No,3,No,No,No,Yes,Month-to-month,Yes,Mailed check,83.9,267.4,1
0,No,No,42,Yes,Yes,Yes,No,Month-to-month,No,Bank transfer (automatic),59.65,2536.55,0
0,Yes,Yes,34,No internet service,No internet service,No internet service,No internet service,Two year,No,Credit card (automatic),24.95,894.3,0
0,Yes,Yes,8,No,No,Yes,No,Month-to-month,Yes,Electronic check,94.75,759.55,0
1,No,No,18,No,Yes,No,No,Month-to-month,Yes,Electronic check,74.7,1294.6,0
1,Yes,No,3,No,No,No,No,Month-to-month,Yes,Mailed check,36.45,93.7,1
1,Yes,No,57,No,Yes,Yes,No,One year,Yes,Credit card (automatic),71.1,4140.1,0
0,No,No,2,No,No,No,No,Month-to-month,Yes,Electronic check,75.9,143.35,1
0,Yes,Yes,60,No internet service,No internet service,No internet service,No internet service,Two year,No,Credit card (automatic),19.65,1161.75,0
0,Yes,No,69,Yes,No,Yes,Yes,Two year,No,Bank transfer (automatic),60.25,4055.5,0
0,Yes,No,56,Yes,Yes,Yes,No,One year,No,Bank transfer (automatic),109.8,6109.65,0
1,No,No,16,No,Yes,No,No,Month-to-month,Yes,Mailed check,39.0,679.85,1
1,Yes,No,55,No,No,Yes,Yes,Two year,No,Credit card (automatic),88.8,4805.3,0
0,No,No,25,No,No,No,No,Month-to-month,No,Mailed check,70.95,1767.35,1
0,No,No,1,No,No,No,No,Month-to-month,No,Electronic check,45.15,45.15,1
0,Yes,Yes,57,Yes,Yes,No,No,One year,No,Electronic check,53.45,3053.0,0
1,Yes,No,71,No internet service,No internet service,No internet service,No internet service,Two year,No,Bank transfer (automatic),23.95,1756.2,0
0,No,No,21,No,Yes,No,No,Month-to-month,Yes,Electronic check,82.35,1852.85,1
1,Yes,No,20,No,No,No,No,Month-to-month,Yes,Electronic check,94.55,1899.65,1
0,Yes,No,59,No,Yes,No,No,Month-to-month,Yes,Bank transfer (automatic),41.05,2452.7,1
0,No,No,46,No internet service,No internet service,No internet service,No internet service,Two year,No,Credit card (automatic),19.2,908.15,0
0,Yes,Yes,10,No,Yes,No,Yes,Month-to-month,Yes,Electronic check,65.5,616.9,0
0,Yes,Yes,15,No internet service,No internet service,No internet service,No internet service,One year,No,Credit card (automatic),20.35,335.95,0
0,No,No,12,No,No,No,No,Month-to-month,Yes,Electronic check,84.45,1059.55,1
0,No,Yes,1,No,No,No,No,Month-to-month,Yes,Electronic check,25.3,25.3,1
0,No,No,1,No,No,No,No,Month-to-month,Yes,Electronic check,74.9,74.9,1
0,No,Yes,3,No,No,No,No,Month-to-month,Yes,Credit card (automatic),54.7,169.45,1
0,Yes,No,10,Yes,No,No,Yes,Month-to-month,Yes,Credit card (automatic),54.95,568.85,0
0,No,No,1,No internet service,No internet service,No internet service,No internet service,Month-to-month,No,Mailed check,20.05,20.05,0
0,No,No,1,No,No,No,No,Month-to-month,Yes,Electronic check,70.85,70.85,1
0,No,No,33,No,No,No,No,Month-to-month,Yes,Bank transfer (automatic),70.4,2406.1,0
0,No,No,3,No internet service,No internet service,No internet service,No internet service,Month-to-month,No,Mailed check,20.4,63.15,0
0,No,No,31,No internet service,No internet service,No internet service,No internet service,One year,No,Mailed check,20.95,683.25,0
0,Yes,Yes,37,No internet service,No internet service,No internet service,No internet service,Month-to-month,No,Mailed check,26.45,911.6,0
1,No,No,60,No,No,Yes,Yes,One year,Yes,Electronic check,106.0,6441.4,1
1,No,No,46,No,Yes,Yes,No,Month-to-month,Yes,Electronic check,104.45,4863.85,0
0,No,No,19,No,Yes,Yes,No,Month-to-month,Yes,Electronic check,78.25,1490.95,1
0,No,No,28,No,No,Yes,Yes,Month-to-month,Yes,Mailed check,35.75,961.4,0
0,Yes,Yes,9,No,Yes,No,Yes,One year,Yes,Mailed check,65.6,593.3,0
0,Yes,No,49,No,Yes,No,No,Two year,Yes,Electronic check,94.8,4690.65,0
0,No,No,45,No,No,Yes,Yes,Month-to-month,Yes,Bank transfer (automatic),103.65,4747.85,0
1,No,No,17,No,Yes,Yes,No,Month-to-month,Yes,Electronic check,89.15,1496.9,1
0,Yes,No,66,Yes,No,Yes,No,Two year,Yes,Credit card (automatic),106.05,6981.35,1
1,No,No,21,No,No,Yes,No,Month-to-month,Yes,Bank transfer (automatic),60.05,1236.15,1
1,Yes,No,60,No,No,Yes,No,One year,Yes,Credit card (automatic),100.5,6029.0,0
0,No,No,70,No internet service,No internet service,No internet service,No internet service,One year,No,Credit card (automatic),26.05,1856.4,0
0,No,No,72,No internet service,No internet service,No internet service,No internet service,Two year,No,Credit card (automatic),20.25,1566.9,0
0,Yes,No,54,No internet service,No internet service,No internet service,No internet service,Two year,No,Credit card (automatic),20.05,1102.4,0
0,No,No,11,No internet service,No internet service,No internet service,No internet service,Month-to-month,No,Mailed check,20.35,215.25,0
0,No,No,51,No,Yes,Yes,No,Month-to-month,Yes,Electronic check,99.0,5038.15,0
0,Yes,No,1,No,No,No,No,Month-to-month,No,Mailed check,55.2,55.2,1
0,No,No,1,No,No,No,No,Month-to-month,No,Electronic check,45.3,45.3,1
1,No,No,67,No,Yes,No,No,Month-to-month,No,Electronic check,54.9,3725.5,0
0,Yes,Yes,5,No internet service,No internet service,No internet service,No internet service,One year,No,Electronic check,20.55,99.45,0
0,Yes,No,22,No,No,Yes,No,Month-to-month,Yes,Credit card (automatic),94.7,1914.9,1
0,Yes,No,27,No,No,Yes,No,Month-to-month,No,Bank transfer (automatic),90.15,2423.4,0
0,Yes,No,3,No internet service,No internet service,No internet service,No internet service,Month-to-month,Yes,Mailed check,19.9,45.75,0
1,No,No,66,No,No,Yes,Yes,One year,Yes,Credit card (automatic),102.85,6976.75,0
0,No,No,24,Yes,No,No,Yes,Month-to-month,No,Credit card (automatic),56.35,1381.2,0
0,No,Yes,27,Yes,Yes,No,No,One year,No,Mailed check,56.2,1567.55,0
0,No,No,1,No,No,No,No,Month-to-month,Yes,Mailed check,75.05,75.05,1
0,Yes,No,46,Yes,No,No,No,Month-to-month,No,Bank transfer (automatic),55.0,2473.95,0
0,Yes,No,68,Yes,Yes,Yes,Yes,Two year,No,Mailed check,118.6,7990.05,0
0,No,No,14,Yes,No,No,Yes,One year,No,Mailed check,55.7,795.15,0
0,No,Yes,27,No internet service,No internet service,No internet service,No internet service,Two year,Yes,Credit card (automatic),25.85,788.55,0
0,No,No,1,No internet service,No internet service,No internet service,No internet service,Month-to-month,No,Mailed check,19.9,19.9,0
0,Yes,Yes,42,No internet service,No internet service,No internet service,No internet service,Two year,No,Mailed check,20.7,828.85,0
0,No,No,59,No,No,Yes,Yes,Month-to-month,Yes,Electronic check,64.65,3735.45,0
1,Yes,Yes,60,Yes,No,No,No,Month-to-month,Yes,Electronic check,80.95,4859.1,0
1,Yes,No,59,Yes,No,Yes,Yes,Two year,Yes,Credit card (automatic),64.05,3886.85,0
0,Yes,Yes,24,Yes,No,No,No,Month-to-month,No,Electronic check,54.75,1338.15,1
0,Yes,No,24,Yes,No,No,Yes,Month-to-month,No,Mailed check,53.6,1315.35,0
1,No,No,28,No,Yes,Yes,No,Month-to-month,Yes,Electronic check,106.15,3152.5,1
1,Yes,Yes,10,No,No,No,No,Month-to-month,Yes,Bank transfer (automatic),34.55,362.6,0
0,Yes,No,13,Yes,Yes,No,Yes,Month-to-month,Yes,Electronic check,76.2,981.45,0
0,No,No,63,No internet service,No internet service,No internet service,No internet service,Two year,Yes,Mailed check,20.6,1298.7,0
0,No,No,3,No,No,Yes,No,Month-to-month,Yes,Bank transfer (automatic),101.55,298.35,1
0,No,No,49,No,Yes,Yes,No,Month-to-month,Yes,Bank transfer (automatic),103.7,5036.3,1
0,Yes,Yes,27,No internet service,No internet service,No internet service,No internet service,One year,Yes,Mailed check,20.55,583.3,0
0,Yes,Yes,5,Yes,Yes,No,Yes,Month-to-month,No,Credit card (automatic),64.4,316.9,0
0,No,No,18,No internet service,No internet service,No internet service,No internet service,Month-to-month,No,Mailed check,20.05,358.5,0
0,No,Yes,3,No internet service,No internet service,No internet service,No internet service,One year,Yes,Credit card (automatic),20.55,57.4,0
0,No,No,46,No,No,Yes,No,Month-to-month,Yes,Credit card (automatic),74.8,3548.3,0
0,Yes,Yes,71,Yes,Yes,Yes,Yes,Two year,No,Credit card (automatic),64.05,4492.9,0
0,No,No,1,No,No,No,No,Month-to-month,No,Mailed check,45.6,45.6,0
1,Yes,No,50,Yes,Yes,Yes,No,One year,Yes,Bank transfer (automatic),101.9,5265.5,0
0,No,No,31,No,Yes,No,Yes,Month-to-month,Yes,Electronic check,78.45,2435.15,1
0,Yes,No,70,Yes,Yes,No,Yes,Two year,No,Mailed check,67.95,4664.15,0
0,No,No,55,No,Yes,Yes,No,Two year,Yes,Mailed check,64.75,3617.1,0
0,No,No,17,Yes,Yes,No,No,Month-to-month,Yes,Electronic check,94.4,1617.5,1
1,No,No,5,No,Yes,No,No,Month-to-month,Yes,Electronic check,89.8,502.6,1
0,No,No,22,No,No,No,No,Month-to-month,Yes,Credit card (automatic),94.65,2104.55,1
0,No,No,6,No,No,No,No,Month-to-month,Yes,Bank transfer (automatic),93.55,536.4,1
0,No,No,9,No,No,No,No,Month-to-month,Yes,Electronic check,83.3,803.3,1
0,No,No,36,Yes,Yes,Yes,Yes,One year,Yes,Mailed check,75.55,2680.15,0
0,Yes,Yes,1,No internet service,No internet service,No internet service,No internet service,Month-to-month,No,Electronic check,19.75,19.75,0
0,No,No,2,No,No,Yes,No,Month-to-month,Yes,Electronic check,95.85,197.7,1
0,No,No,9,No,No,No,No,Month-to-month,Yes,Bank transfer (automatic),90.8,809.75,1
0,No,No,6,No,No,No,Yes,Month-to-month,Yes,Bank transfer (automatic),50.8,288.05,1
0,Yes,Yes,69,Yes,No,No,Yes,Two year,No,Credit card (automatic),61.4,4059.85,0
0,Yes,Yes,54,No internet service,No internet service,No internet service,No internet service,Two year,Yes,Bank transfer (automatic),20.35,1092.35,0
1,Yes,No,44,No,Yes,No,No,Month-to-month,Yes,Electronic check,30.35,1359.7,1
0,Yes,Yes,23,Yes,No,No,Yes,One year,No,Credit card (automatic),57.2,1423.35,0
0,No,No,27,No internet service,No internet service,No internet service,No internet service,Two year,Yes,Mailed check,19.6,561.15,0
0,No,No,2,Yes,Yes,No,Yes,Month-to-month,Yes,Electronic check,86.25,181.65,1
0,No,No,2,Yes,No,No,No,Month-to-month,Yes,Electronic check,70.75,146.9,1
0,No,No,26,No,No,No,Yes,One year,No,Credit card (automatic),59.45,1507.0,0
0,Yes,Yes,1,No,No,No,Yes,Month-to-month,No,Electronic check,40.1,40.1,1
0,Yes,Yes,4,No internet service,No internet service,No internet service,No internet service,Month-to-month,Yes,Mailed check,20.5,77.6,0
0,No,No,27,No,No,No,No,Month-to-month,No,Mailed check,49.0,1291.35,0
0,No,No,50,No,Yes,No,Yes,Two year,Yes,Mailed check,100.2,5038.45,0
0,No,No,35,No internet service,No internet service,No internet service,No internet service,One year,Yes,Mailed check,19.15,638.0,0
0,Yes,Yes,66,Yes,No,Yes,Yes,Two year,Yes,Mailed check,84.0,5714.25,0
0,Yes,Yes,63,Yes,Yes,Yes,Yes,Two year,No,Mailed check,63.55,4014.2,0
0,Yes,No,17,No,No,Yes,Yes,One year,No,Electronic check,54.6,934.8,0
0,Yes,Yes,71,Yes,Yes,Yes,Yes,Two year,No,Mailed check,71.1,5224.95,0
0,Yes,Yes,1,No internet service,No internet service,No internet service,No internet service,Month-to-month,No,Bank transfer (automatic),19.95,19.95,1
0,Yes,Yes,54,No,Yes,No,Yes,One year,Yes,Electronic check,105.2,5637.85,0
0,Yes,Yes,16,Yes,No,Yes,Yes,Month-to-month,Yes,Electronic check,112.95,1882.55,0
0,No,No,29,No internet service,No internet service,No internet service,No internet service,Month-to-month,No,Electronic check,25.15,702.0,0
0,No,Yes,5,No,No,No,Yes,Month-to-month,Yes,Mailed check,51.0,286.8,0
1,Yes,Yes,26,No,Yes,Yes,No,Month-to-month,No,Electronic check,105.75,2710.25,1
0,No,No,41,No,Yes,No,Yes,Two year,Yes,Credit card (automatic),99.65,4220.35,0
0,Yes,No,69,No,No,Yes,Yes,Two year,No,Bank transfer (automatic),105.35,7240.65,0
0,Yes,Yes,18,No internet service,No internet service,No internet service,No internet service,Two year,No,Mailed check,25.1,428.45,0
0,No,No,43,No internet service,No internet service,No internet service,No internet service,Two year,Yes,Credit card (automatic),25.7,1188.2,0
1,No,No,71,No,Yes,No,No,Month-to-month,Yes,Credit card (automatic),99.65,6951.15,0
1,Yes,No,2,No,No,Yes,No,Month-to-month,No,Electronic check,79.2,172.85,1
1,Yes,No,1,No,No,No,No,Month-to-month,No,Electronic check,74.3,74.3,0
0,No,No,31,No,No,Yes,No,Month-to-month,Yes,Electronic check,89.9,2806.9,1
0,Yes,No,56,Yes,No,Yes,No,Two year,No,Bank transfer (automatic),80.3,4513.65,0
1,No,No,1,No,No,No,No,Month-to-month,Yes,Electronic check,74.2,74.2,1
0,Yes,Yes,69,No internet service,No internet service,No internet service,No internet service,Two year,Yes,Bank transfer (automatic),25.6,1673.4,0
0,Yes,No,50,Yes,Yes,No,No,Month-to-month,Yes,Credit card (automatic),94.4,4914.9,0
1,No,No,18,No,Yes,No,Yes,Month-to-month,Yes,Credit card (automatic),103.6,1806.35,0
0,No,No,3,No,Yes,No,Yes,Month-to-month,Yes,Electronic check,97.9,315.3,1
0,No,No,11,No,No,Yes,Yes,One year,No,Bank transfer (automatic),53.8,651.55,0
0,Yes,Yes,37,No,Yes,No,No,Month-to-month,Yes,Electronic check,88.8,3340.55,0
0,No,No,67,No,No,Yes,Yes,Month-to-month,Yes,Credit card (automatic),53.4,3579.15,0
0,Yes,No,66,Yes,Yes,Yes,No,Two year,Yes,Credit card (automatic),66.1,4428.45,0
0,No,No,1,No internet service,No internet service,No internet service,No internet service,Month-to-month,No,Mailed check,20.0,20.0,0
0,Yes,No,42,Yes,No,Yes,No,Month-to-month,Yes,Electronic check,94.4,4014.6,0
0,Yes,No,59,Yes,Yes,Yes,Yes,Two year,No,Electronic check,113.75,6561.25,0
0,No,No,35,Yes,Yes,Yes,Yes,Month-to-month,Yes,Mailed check,96.75,3403.4,0
0,No,No,44,No,No,Yes,No,Month-to-month,Yes,Mailed check,90.4,4063.0,0
0,Yes,No,21,No,No,Yes,Yes,One year,No,Electronic check,79.2,1742.45,0
0,Yes,Yes,17,No,No,No,No,Month-to-month,Yes,Electronic check,85.45,1451.6,1
0,Yes,Yes,22,No internet service,No internet service,No internet service,No internet service,Month-to-month,No,Mailed check,19.9,400.3,0
0,Yes,Yes,55,Yes,No,No,No,One year,No,Credit card (automatic),59.45,3157.0,0
0,No,No,6,No,Yes,No,No,Month-to-month,Yes,Electronic check,90.1,521.3,1
0,No,No,51,No,Yes,Yes,No,One year,Yes,Credit card (automatic),56.4,2928.5,0
1,Yes,No,69,Yes,Yes,No,No,One year,No,Credit card (automatic),87.3,6055.55,0
0,No,Yes,18,No internet service,No internet service,No internet service,No internet service,Two year,No,Credit card (automatic),25.3,454.65,0
0,Yes,No,14,No,No,Yes,No,Month-to-month,No,Credit card (automatic),50.2,668.85,0
1,No,No,53,Yes,Yes,No,Yes,One year,Yes,Mailed check,96.75,5206.55,0
0,Yes,Yes,7,No internet service,No internet service,No internet service,No internet service,Month-to-month,No,Mailed check,20.45,150.75,0
1,No,No,30,Yes,Yes,No,No,Month-to-month,Yes,Electronic check,74.75,2111.3,0
0,No,Yes,18,No,No,No,No,Month-to-month,Yes,Credit card (automatic),45.65,747.2,0
1,Yes,Yes,72,Yes,Yes,Yes,Yes,Two year,No,Credit card (automatic),92.45,6440.25,1
0,No,No,33,No,Yes,No,No,Month-to-month,Yes,Bank transfer (automatic),54.65,1665.2,0
0,No,Yes,4,No,No,No,Yes,Month-to-month,No,Credit card (automatic),80.8,332.45,1
0,No,No,52,Yes,No,No,Yes,Two year,Yes,Credit card (automatic),79.75,4217.8,0
0,No,Yes,20,No internet service,No internet service,No internet service,No internet service,Month-to-month,Yes,Electronic check,19.4,374.5,1
0,Yes,Yes,6,No internet service,No internet service,No internet service,No internet service,Two year,No,Mailed check,25.4,153.3,0
0,Yes,Yes,72,Yes,Yes,Yes,Yes,Two year,No,Bank transfer (automatic),92.65,6733.0,0
0,Yes,No,43,Yes,No,Yes,Yes,Two year,Yes,Electronic check,78.8,3460.3,0
0,No,No,12,No,No,Yes,No,Month-to-month,Yes,Bank transfer (automatic),100.15,1164.3,1
0,Yes,Yes,55,Yes,Yes,No,No,Month-to-month,Yes,Electronic check,85.1,4600.95,0
0,No,No,2,No,Yes,No,No,Month-to-month,Yes,Electronic check,59.0,114.15,0
0,Yes,Yes,70,No internet service,No internet service,No internet service,No internet service,Two year,No,Mailed check,24.05,1764.75,0
0,No,No,1,No,No,No,No,Month-to-month,Yes,Mailed check,25.15,25.15,0
1,Yes,No,68,No,No,Yes,No,Month-to-month,Yes,Credit card (automatic),80.35,5589.3,0
0,No,No,4,No,Yes,No,No,Month-to-month,Yes,Bank transfer (automatic),68.65,261.25,1
0,Yes,No,72,No internet service,No internet service,No internet service,No internet service,Two year,No,Credit card (automatic),26.45,1914.5,0
0,No,No,1,No,No,No,No,Month-to-month,No,Bank transfer (automatic),25.25,25.25,0
0,Yes,Yes,18,No,Yes,Yes,No,One year,No,Credit card (automatic),46.4,812.4,0
0,Yes,No,45,Yes,No,Yes,No,Month-to-month,Yes,Mailed check,84.55,3713.95,0
0,Yes,Yes,28,No,No,Yes,No,Month-to-month,No,Electronic check,85.45,2289.9,0
0,No,No,1,No,No,No,No,Month-to-month,No,Electronic check,79.55,79.55,1
0,Yes,Yes,72,Yes,Yes,Yes,No,Two year,Yes,Credit card (automatic),108.4,7767.25,0
0,No,No,57,No,No,Yes,No,Two year,Yes,Electronic check,95.25,5464.65,1
0,No,No,11,No,No,No,No,Month-to-month,Yes,Mailed check,58.95,601.6,0
0,No,No,66,No,Yes,No,No,One year,Yes,Bank transfer (automatic),88.9,6000.1,0
0,Yes,Yes,51,No internet service,No internet service,No internet service,No internet service,One year,No,Mailed check,19.4,997.75,0
0,Yes,Yes,67,No internet service,No internet service,No internet service,No internet service,Two year,No,Mailed check,26.3,1688.9,0
0,No,No,18,No,No,No,No,Month-to-month,Yes,Electronic check,69.8,1221.65,0
1,No,No,11,Yes,No,No,No,Month-to-month,Yes,Electronic check,55.6,580.8,0
0,No,No,1,No,Yes,No,No,Month-to-month,Yes,Mailed check,80.2,80.2,1
0,Yes,No,70,No internet service,No internet service,No internet service,No internet service,Two year,No,Bank transfer (automatic),19.45,1303.5,0
0,Yes,Yes,45,No,Yes,Yes,Yes,Two year,Yes,Bank transfer (automatic),109.75,4900.65,0
1,No,No,1,No,No,No,No,Month-to-month,Yes,Electronic check,70.05,70.05,0
0,No,No,29,No,No,No,Yes,Month-to-month,Yes,Electronic check,94.2,2607.6,0
0,Yes,No,72,No,Yes,Yes,Yes,Two year,Yes,Electronic check,108.4,7719.5,0
0,Yes,No,54,Yes,Yes,No,No,Two year,Yes,Bank transfer (automatic),74.55,4191.45,0
0,Yes,No,70,Yes,Yes,Yes,Yes,One year,No,Bank transfer (automatic),79.4,5528.9,0
1,No,No,2,No,No,No,No,Month-to-month,Yes,Electronic check,44.3,89.3,0
0,No,No,28,Yes,Yes,No,Yes,One year,Yes,Electronic check,59.9,1654.7,0
0,Yes,No,23,Yes,Yes,Yes,No,Month-to-month,Yes,Electronic check,99.25,2186.4,1
0,No,No,24,No,No,Yes,No,Month-to-month,Yes,Credit card (automatic),49.3,1233.25,0
0,Yes,No,17,No,No,No,No,Month-to-month,No,Electronic check,92.6,1579.7,0
0,No,Yes,19,Yes,Yes,No,Yes,Month-to-month,Yes,Mailed check,75.9,1375.6,0
0,No,No,1,No internet service,No internet service,No internet service,No internet service,Month-to-month,No,Mailed check,20.45,20.45,0
0,No,No,69,No internet service,No internet service,No internet service,No internet service,Two year,No,Bank transfer (automatic),23.95,1713.1,0
0,Yes,No,9,Yes,No,No,No,Month-to-month,Yes,Electronic check,88.05,801.3,0
0,No,No,53,No,No,Yes,Yes,One year,No,Credit card (automatic),54.9,3045.75,0
0,No,No,18,Yes,No,No,No,Month-to-month,Yes,Electronic check,75.4,1380.4,0
1,No,No,1,No,No,No,No,Month-to-month,Yes,Electronic check,94.0,94.0,1
0,No,Yes,13,Yes,Yes,Yes,Yes,Two year,No,Credit card (automatic),88.95,1161.75,0
0,No,No,51,No internet service,No internet service,No internet service,No internet service,Two year,No,Bank transfer (automatic),20.65,1020.75,0
0,Yes,Yes,29,No,No,Yes,Yes,Two year,No,Mailed check,75.55,2054.4,0
0,No,No,13,No internet service,No internet service,No internet service,No internet service,One year,Yes,Mailed check,19.95,257.0,0
0,Yes,Yes,18,No internet service,No internet service,No internet service,No internet service,Two year,No,Mailed check,19.35,309.25,0
0,No,No,3,No,No,No,Yes,Month-to-month,No,Electronic check,30.4,82.15,0
0,Yes,No,19,No,Yes,No,No,Month-to-month,Yes,Mailed check,59.8,1130.85,0
0,Yes,No,63,Yes,Yes,Yes,Yes,One year,No,Credit card (automatic),80.0,5040.2,0
0,Yes,Yes,7,No internet service,No internet service,No internet service,No internet service,Month-to-month,No,Mailed check,20.65,158.95,0
1,Yes,No,3,No,Yes,Yes,No,Month-to-month,Yes,Electronic check,105.9,334.65,1
0,Yes,Yes,41,Yes,Yes,No,No,Month-to-month,Yes,Bank transfer (automatic),94.3,3893.6,0
0,Yes,Yes,54,Yes,No,No,Yes,Two year,No,Bank transfer (automatic),60.0,3273.95,0
0,Yes,No,71,Yes,Yes,Yes,Yes,Two year,Yes,Mailed check,80.1,5585.4,0
0,Yes,No,36,No internet service,No internet service,No internet service,No internet service,One year,No,Bank transfer (automatic),20.85,720.05,0
0,Yes,Yes,61,Yes,Yes,Yes,Yes,Two year,No,Credit card (automatic),115.1,7008.15,0
0,Yes,Yes,24,Yes,No,No,Yes,Month-to-month,No,Electronic check,55.15,1319.85,0
0,No,No,9,Yes,No,Yes,Yes,Month-to-month,No,Mailed check,58.5,539.85,1
0,Yes,Yes,34,No,No,No,No,One year,Yes,Bank transfer (automatic),78.95,2647.2,0
1,Yes,Yes,29,No,No,Yes,No,Month-to-month,Yes,Electronic check,103.95,2964.8,0
0,Yes,No,37,No,Yes,No,Yes,One year,No,Mailed check,72.1,2658.4,0
0,No,No,37,No,Yes,No,Yes,One year,Yes,Credit card (automatic),104.5,3778.0,0
0,No,No,1,No,No,No,No,Month-to-month,Yes,Electronic check,70.1,70.1,1
1,No,No,2,Yes,No,Yes,No,Month-to-month,No,Bank transfer (automatic),66.4,94.55,1
0,No,Yes,57,Yes,Yes,Yes,Yes,Two year,No,Mailed check,89.55,5012.35,0
0,No,No,9,No,No,No,No,Month-to-month,Yes,Electronic check,79.55,723.4,1
0,No,No,26,Yes,No,Yes,Yes,One year,Yes,Bank transfer (automatic),95.85,2475.35,0
1,No,No,65,No,Yes,Yes,No,Two year,Yes,Bank transfer (automatic),53.5,3517.9,0
0,Yes,No,2,No,Yes,Yes,No,Month-to-month,No,Bank transfer (automatic),79.7,165.0,1
1,Yes,No,10,No,No,No,No,Month-to-month,Yes,Electronic check,86.65,856.65,1
0,No,Yes,35,No,No,No,Yes,One year,Yes,Mailed check,72.1,2495.15,0
0,No,No,1,No,No,No,No,Month-to-month,Yes,Mailed check,80.85,80.85,1
0,Yes,No,28,Yes,No,No,No,Month-to-month,Yes,Mailed check,92.35,2602.9,1
0,Yes,No,57,No internet service,No internet service,No internet service,No internet service,Two year,Yes,Bank transfer (automatic),19.6,1134.25,0
0,No,No,24,Yes,No,No,No,One year,Yes,Mailed check,50.6,1288.75,0
0,Yes,Yes,35,No internet service,No internet service,No internet service,No internet service,Two year,No,Bank transfer (automatic),20.5,759.35,0
0,No,No,19,No,No,No,Yes,One year,Yes,Credit card (automatic),87.7,1725.95,0
1,No,No,1,No,No,No,No,Month-to-month,No,Electronic check,69.1,69.1,1
0,Yes,Yes,12,Yes,No,No,Yes,One year,No,Credit card (automatic),33.15,444.75,0
0,Yes,Yes,23,No internet service,No internet service,No internet service,No internet service,One year,Yes,Credit card (automatic),20.0,445.3,0
0,Yes,No,59,No,No,Yes,No,One year,Yes,Bank transfer (automatic),99.5,5961.1,1
0,Yes,Yes,17,Yes,No,No,Yes,Month-to-month,Yes,Credit card (automatic),55.35,920.5,0
1,Yes,No,38,No,No,No,No,Month-to-month,Yes,Electronic check,24.85,955.75,0
0,Yes,Yes,56,No,Yes,Yes,Yes,One year,Yes,Credit card (automatic),99.75,5608.4,0
0,Yes,Yes,70,Yes,Yes,Yes,Yes,One year,No,Credit card (automatic),74.1,5222.3,0
0,No,No,5,No,Yes,No,No,Month-to-month,No,Bank transfer (automatic),50.55,244.75,0
0,No,Yes,1,No internet service,No internet service,No internet service,No internet service,Month-to-month,No,Mailed check,19.25,19.25,1
0,Yes,Yes,39,No internet service,No internet service,No internet service,No internet service,Two year,No,Mailed check,19.75,757.95,0
1,No,No,52,Yes,Yes,Yes,No,Month-to-month,No,Credit card (automatic),108.1,5839.3,0
0,Yes,Yes,16,No,No,No,No,Month-to-month,Yes,Credit card (automatic),35.5,552.7,0
0,Yes,Yes,26,Yes,Yes,No,No,Month-to-month,No,Electronic check,81.95,2070.05,0
0,No,No,37,No,No,No,No,Two year,No,Credit card (automatic),35.8,1316.9,0
0,No,No,14,No,No,Yes,No,Month-to-month,Yes,Electronic check,80.45,1072.0,1
0,No,No,2,No,No,No,No,Month-to-month,Yes,Electronic check,49.4,106.55,1
0,No,No,1,No,No,No,No,Month-to-month,Yes,Electronic check,79.55,79.55,1
0,Yes,Yes,50,Yes,No,No,No,Month-to-month,Yes,Credit card (automatic),39.45,2021.35,0
0,Yes,No,67,No internet service,No internet service,No internet service,No internet service,Two year,Yes,Credit card (automatic),25.25,1733.15,0
0,Yes,Yes,58,No,No,Yes,Yes,Two year,Yes,Credit card (automatic),55.5,3166.9,0
0,No,No,57,No internet service,No internet service,No internet service,No internet service,Two year,No,Mailed check,20.75,1118.8,0
0,No,No,27,No,Yes,Yes,Yes,One year,No,Mailed check,78.2,2078.95,0
0,Yes,No,58,No internet service,No internet service,No internet service,No internet service,Two year,No,Mailed check,20.75,1185.95,0
0,No,No,70,Yes,No,Yes,Yes,Two year,No,Bank transfer (automatic),79.6,5589.45,0
1,No,No,15,No,No,No,Yes,Month-to-month,No,Credit card (automatic),55.0,757.1,1
0,No,Yes,54,No,Yes,No,No,Month-to-month,Yes,Credit card (automatic),55.0,3092.65,1
0,Yes,No,31,No,No,Yes,Yes,One year,Yes,Mailed check,79.3,2484.0,0
1,Yes,No,10,No,No,Yes,No,Month-to-month,Yes,Electronic check,89.8,914.3,1
0,No,No,2,No internet service,No internet service,No internet service,No internet service,Month-to-month,No,Mailed check,19.5,31.55,1
1,No,No,1,No,No,No,Yes,Month-to-month,No,Electronic check,74.7,74.7,0
1,Yes,No,57,No,Yes,Yes,No,One year,Yes,Electronic check,90.65,5199.8,0
1,Yes,No,72,Yes,Yes,Yes,Yes,Two year,Yes,Mailed check,114.5,8331.95,0
0,Yes,No,39,No internet service,No internet service,No internet service,No internet service,Two year,Yes,Bank transfer (automatic),20.45,790.0,0
0,No,No,61,Yes,Yes,Yes,Yes,One year,Yes,Mailed check,115.1,6993.65,0
1,No,No,5,Yes,Yes,No,No,Month-to-month,No,Electronic check,80.7,374.8,0
0,Yes,Yes,63,Yes,Yes,Yes,Yes,Two year,No,Credit card (automatic),75.55,4707.85,0
0,No,No,18,Yes,No,Yes,No,Month-to-month,No,Mailed check,69.5,1199.4,0
0,No,No,4,No,No,No,No,Month-to-month,Yes,Electronic check,70.15,268.35,1
1,No,No,21,No,No,Yes,No,Month-to-month,Yes,Bank transfer (automatic),96.8,2030.3,1
0,Yes,Yes,68,Yes,Yes,Yes,Yes,Two year,Yes,Bank transfer (automatic),89.05,6185.8,0
0,No,No,47,No internet service,No internet service,No internet service,No internet service,Two year,Yes,Mailed check,20.55,945.7,0
0,Yes,Yes,8,No internet service,No internet service,No internet service,No internet service,Two year,No,Mailed check,19.7,130.25,0
0,No,No,70,Yes,No,No,Yes,Two year,Yes,Credit card (automatic),104.0,7250.15,1
0,No,No,5,No internet service,No internet service,No internet service,No internet service,Month-to-month,No,Credit card (automatic),19.85,108.05,1
0,No,No,3,No,No,No,No,Month-to-month,No,Electronic check,75.25,242.0,1
0,Yes,No,60,No,Yes,Yes,No,Month-to-month,Yes,Electronic check,95.75,5742.9,1
0,No,No,5,No,No,No,No,Month-to-month,No,Electronic check,47.15,223.15,1
0,No,No,40,No,Yes,No,Yes,One year,Yes,Credit card (automatic),89.6,3488.15,0
1,No,No,56,No,Yes,Yes,No,One year,Yes,Bank transfer (automatic),104.75,5510.65,1
0,Yes,Yes,67,No,No,Yes,Yes,Two year,Yes,Bank transfer (automatic),105.65,6717.9,0
0,Yes,Yes,38,Yes,No,Yes,Yes,Two year,No,Credit card (automatic),81.0,3084.9,0
0,Yes,Yes,70,No internet service,No internet service,No internet service,No internet service,Two year,No,Credit card (automatic),20.35,1458.1,0
0,Yes,No,56,No,Yes,No,No,One year,Yes,Electronic check,98.25,5508.35,1
0,No,No,11,No,Yes,No,No,Month-to-month,Yes,Electronic check,74.55,824.75,1
0,No,No,2,No,No,No,No,Month-to-month,Yes,Credit card (automatic),24.9,49.7,0
0,No,No,9,No,No,No,No,Month-to-month,Yes,Electronic check,85.5,791.7,0
0,No,No,8,Yes,No,No,Yes,One year,No,Bank transfer (automatic),54.25,447.75,0
0,Yes,No,48,No internet service,No internet service,No internet service,No internet service,Two year,Yes,Mailed check,20.05,1036.0,0
0,No,No,2,No internet service,No internet service,No internet service,No internet service,Month-to-month,No,Mailed check,19.35,46.35,0
0,No,No,41,No,No,Yes,No,One year,Yes,Electronic check,51.35,2075.1,0
0,No,No,4,No internet service,No internet service,No internet service,No internet service,Month-to-month,No,Mailed check,20.15,84.5,0
0,No,Yes,27,No internet service,No internet service,No internet service,No internet service,One year,No,Credit card (automatic),20.05,552.9,0
0,No,No,45,No,Yes,No,No,Month-to-month,Yes,Credit card (automatic),100.85,4740.0,1
1,No,No,1,No internet service,No internet service,No internet service,No internet service,Month-to-month,Yes,Electronic check,19.45,19.45,1
0,No,No,34,No,Yes,Yes,Yes,Month-to-month,Yes,Electronic check,105.1,3634.8,0
1,No,No,26,No,No,No,Yes,Month-to-month,Yes,Electronic check,66.05,1652.4,0
0,Yes,No,18,No,No,No,No,Month-to-month,Yes,Electronic check,94.7,1687.95,1
0,No,No,6,No,Yes,No,No,Month-to-month,Yes,Electronic check,89.75,552.65,0
0,No,No,54,Yes,No,Yes,No,Month-to-month,No,Mailed check,89.8,4667.0,0
0,Yes,Yes,9,No,No,Yes,No,One year,Yes,Electronic check,90.35,767.9,0
0,No,No,2,No,No,No,No,Month-to-month,Yes,Electronic check,80.2,146.05,1
0,No,No,35,No,No,Yes,Yes,Month-to-month,Yes,Mailed check,33.45,1175.85,0
0,No,No,2,No,No,No,No,Month-to-month,Yes,Electronic check,45.25,85.5,1
0,No,No,51,No,Yes,Yes,Yes,Month-to-month,Yes,Electronic check,87.35,4473.0,0
1,No,No,8,No,No,Yes,No,Month-to-month,Yes,Electronic check,81.25,585.95,1
0,Yes,No,23,Yes,No,No,No,Month-to-month,Yes,Bank transfer (automatic),59.95,1406.0,0
0,Yes,Yes,72,No,No,Yes,No,Two year,Yes,Credit card (automatic),90.8,6511.8,0
0,No,No,2,No,No,Yes,No,Month-to-month,No,Electronic check,60.85,111.4,0
0,No,No,12,No,No,Yes,No,Month-to-month,Yes,Electronic check,89.55,1021.75,0
0,No,No,24,No,Yes,Yes,No,Month-to-month,Yes,Electronic check,89.55,2187.15,0
0,Yes,Yes,72,Yes,Yes,Yes,No,Two year,No,Credit card (automatic),64.45,4720.0,0
0,Yes,No,72,Yes,Yes,Yes,Yes,Two year,No,Bank transfer (automatic),78.85,5763.15,0
0,Yes,No,4,No,No,Yes,Yes,Month-to-month,Yes,Mailed check,80.6,319.15,1
0,No,No,7,No,No,No,No,Month-to-month,Yes,Electronic check,69.55,521.35,0
0,No,No,1,No,No,No,No,Month-to-month,Yes,Electronic check,44.75,44.75,0
0,Yes,Yes,13,No,No,Yes,No,Month-to-month,No,Electronic check,97.0,1334.45,0
1,Yes,No,29,No,No,Yes,No,Month-to-month,Yes,Bank transfer (automatic),99.05,2952.85,1
0,No,No,8,Yes,No,Yes,No,Month-to-month,Yes,Electronic check,66.7,579.0,0
0,No,No,39,No internet service,No internet service,No internet service,No internet service,One year,No,Mailed check,19.9,791.15,0
0,No,No,5,Yes,No,Yes,No,Month-to-month,Yes,Mailed check,55.8,274.35,0
0,Yes,Yes,45,Yes,No,Yes,Yes,Two year,Yes,Mailed check,81.0,3533.6,0
0,Yes,Yes,24,Yes,No,Yes,Yes,One year,Yes,Mailed check,84.8,1990.5,0
0,No,No,26,No,No,No,No,Month-to-month,Yes,Bank transfer (automatic),74.95,1834.95,1
0,No,No,44,No,Yes,No,Yes,Month-to-month,No,Electronic check,100.55,4398.15,1
0,Yes,Yes,49,No,Yes,No,Yes,Two year,No,Bank transfer (automatic),79.3,3902.45,0
0,No,No,71,Yes,Yes,Yes,No,Two year,Yes,Credit card (automatic),106.75,7283.25,0
0,Yes,Yes,25,No,Yes,No,No,Month-to-month,Yes,Electronic check,75.5,1901.05,0
0,Yes,Yes,50,No internet service,No internet service,No internet service,No internet service,Two year,No,Bank transfer (automatic),20.15,930.9,0
0,Yes,Yes,18,No,No,Yes,Yes,One year,Yes,Credit card (automatic),54.4,957.1,0
0,Yes,No,47,Yes,No,Yes,No,One year,Yes,Credit card (automatic),66.05,3021.45,0
0,Yes,No,47,No,Yes,Yes,Yes,Month-to-month,Yes,Electronic check,109.55,5124.55,1
0,No,No,13,No internet service,No internet service,No internet service,No internet service,Two year,No,Mailed check,19.75,265.75,0
0,No,No,47,No,No,Yes,Yes,Two year,No,Mailed check,74.45,3510.3,0
0,No,No,25,No internet service,No internet service,No internet service,No internet service,One year,No,Credit card (automatic),19.9,510.8,0
0,Yes,Yes,71,Yes,Yes,Yes,Yes,Two year,No,Bank transfer (automatic),89.9,6342.7,0
0,No,No,58,No,No,Yes,Yes,One year,Yes,Electronic check,104.65,6219.6,1
0,Yes,Yes,68,Yes,No,Yes,Yes,Two year,No,Credit card (automatic),111.75,7511.3,0
0,No,No,5,No,No,No,No,Month-to-month,Yes,Mailed check,80.1,398.55,0
0,Yes,Yes,45,No internet service,No internet service,No internet service,No internet service,Two year,Yes,Bank transfer (automatic),24.65,1138.8,0
0,No,No,1,No internet service,No internet service,No internet service,No internet service,Month-to-month,No,Mailed check,20.5,20.5,1
0,No,No,1,No internet service,No internet service,No internet service,No internet service,Month-to-month,No,Mailed check,19.55,19.55,0
0,Yes,Yes,67,No internet service,No internet service,No internet service,No internet service,Two year,Yes,Bank transfer (automatic),19.25,1372.9,0
1,Yes,No,44,Yes,Yes,No,Yes,Month-to-month,Yes,Electronic check,85.15,3670.5,0
0,Yes,Yes,33,Yes,Yes,Yes,No,One year,Yes,Mailed check,58.45,1955.4,0
0,No,No,35,No internet service,No internet service,No internet service,No internet service,One year,No,Mailed check,20.75,700.45,0
0,No,No,59,No,No,Yes,No,Two year,No,Credit card (automatic),54.15,3116.15,0
1,Yes,No,37,No,No,No,No,Month-to-month,Yes,Bank transfer (automatic),72.25,2575.45,0
0,No,No,20,No internet service,No internet service,No internet service,No internet service,Month-to-month,No,Mailed check,19.4,415.4,0
1,No,No,3,No,No,No,No,Month-to-month,Yes,Electronic check,79.9,260.9,1
0,No,No,61,Yes,No,Yes,Yes,Two year,Yes,Credit card (automatic),111.6,6876.05,1
0,No,Yes,17,No,No,No,No,Month-to-month,Yes,Mailed check,64.7,1093.1,1
1,No,No,49,Yes,Yes,Yes,Yes,Two year,No,Credit card (automatic),81.35,4060.9,0
0,No,No,19,No,Yes,No,No,Month-to-month,Yes,Credit card (automatic),73.85,1424.5,1
0,Yes,Yes,64,No internet service,No internet service,No internet service,No internet service,Two year,No,Mailed check,20.2,1277.75,0
0,No,No,10,No,No,No,No,Month-to-month,No,Electronic check,75.05,786.3,0
0,No,Yes,1,No internet service,No internet service,No internet service,No internet service,Month-to-month,No,Mailed check,19.55,19.55,0
0,Yes,No,70,No,Yes,Yes,Yes,One year,Yes,Electronic check,109.5,7674.55,1
0,No,No,45,Yes,No,Yes,Yes,Two year,No,Bank transfer (automatic),81.65,3618.7,0
0,Yes,No,56,No internet service,No internet service,No internet service,No internet service,Two year,Yes,Credit card (automatic),25.15,1327.15,1
0,Yes,Yes,15,No internet service,No internet service,No internet service,No internet service,One year,Yes,Mailed check,19.5,239.75,0
0,Yes,Yes,72,Yes,Yes,Yes,Yes,Two year,Yes,Bank transfer (automatic),63.8,4684.3,0
0,No,No,17,No internet service,No internet service,No internet service,No internet service,Month-to-month,No,Credit card (automatic),19.7,340.35,0
0,Yes,Yes,67,No,Yes,No,No,One year,No,Credit card (automatic),50.55,3431.75,0
0,Yes,Yes,63,Yes,No,Yes,Yes,Two year,No,Mailed check,75.7,4676.7,0
0,Yes,No,3,No,No,No,Yes,Month-to-month,Yes,Bank transfer (automatic),79.65,251.75,1
1,Yes,No,71,Yes,Yes,Yes,Yes,Two year,Yes,Electronic check,99.4,7168.25,0
0,No,No,1,No internet service,No internet service,No internet service,No internet service,Month-to-month,Yes,Mailed check,20.2,20.2,1
0,No,No,13,No internet service,No internet service,No internet service,No internet service,One year,No,Electronic check,19.65,244.8,0
0,No,Yes,17,Yes,No,No,No,Month-to-month,Yes,Mailed check,50.3,846.8,0
0,Yes,No,65,No internet service,No internet service,No internet service,No internet service,Two year,No,Bank transfer (automatic),19.35,1319.95,0
0,Yes,Yes,68,No internet service,No internet service,No internet service,No internet service,Two year,No,Bank transfer (automatic),25.4,1620.2,0
0,No,Yes,37,Yes,Yes,No,Yes,Two year,No,Credit card (automatic),61.45,2302.35,0
0,No,No,54,No internet service,No internet service,No internet service,No internet service,Two year,No,Credit card (automatic),19.65,1008.7,0
0,No,No,25,No,Yes,Yes,Yes,Two year,No,Electronic check,108.9,2809.05,0
1,No,No,9,No,No,No,No,Month-to-month,Yes,Electronic check,80.85,751.65,1
0,Yes,Yes,53,No internet service,No internet service,No internet service,No internet service,One year,Yes,Bank transfer (automatic),19.85,1039.45,0
0,No,No,2,No internet service,No internet service,No internet service,No internet service,Month-to-month,No,Mailed check,20.1,39.8,0
0,No,No,3,No,No,Yes,Yes,Month-to-month,Yes,Mailed check,88.35,262.05,1
1,Yes,No,40,No,Yes,No,No,Month-to-month,Yes,Electronic check,39.3,1637.4,1
0,No,Yes,3,No,No,No,Yes,Month-to-month,No,Mailed check,70.7,225.65,0
0,Yes,Yes,8,No,No,No,No,One year,Yes,Mailed check,43.45,345.5,0
0,No,No,22,No,Yes,No,No,Month-to-month,Yes,Electronic check,50.35,1098.85,0
0,No,No,12,Yes,No,No,No,One year,Yes,Credit card (automatic),85.15,979.05,0
1,Yes,No,16,Yes,Yes,No,No,Month-to-month,Yes,Bank transfer (automatic),54.55,825.1,0
0,No,No,15,No internet service,No internet service,No internet service,No internet service,Two year,No,Mailed check,19.6,331.6,0
1,Yes,No,43,No,Yes,Yes,No,Month-to-month,Yes,Electronic check,103.0,4414.3,1
0,Yes,Yes,12,No internet service,No internet service,No internet service,No internet service,Month-to-month,Yes,Electronic check,19.2,239.0,0
0,No,No,4,No,No,No,Yes,Month-to-month,No,Mailed check,65.55,237.2,0
0,No,No,9,No,No,Yes,No,Month-to-month,Yes,Credit card (automatic),85.3,781.4,0
0,Yes,Yes,14,No internet service,No internet service,No internet service,No internet service,One year,Yes,Mailed check,19.5,272.0,0
1,Yes,Yes,23,No,Yes,Yes,No,Month-to-month,Yes,Bank transfer (automatic),88.45,2130.55,0
0,Yes,Yes,7,Yes,Yes,Yes,No,One year,No,Electronic check,69.45,477.05,0
0,Yes,Yes,39,No internet service,No internet service,No internet service,No internet service,Two year,Yes,Mailed check,23.8,903.8,0
0,Yes,Yes,23,No internet service,No internet service,No internet service,No internet service,Two year,No,Mailed check,20.9,454.0,0
0,No,No,11,No internet service,No internet service,No internet service,No internet service,One year,No,Electronic check,25.2,245.15,0
0,No,No,27,No internet service,No internet service,No internet service,No internet service,Two year,No,Credit card (automatic),20.35,531.6,0
0,No,Yes,56,No internet service,No internet service,No internet service,No internet service,Two year,Yes,Mailed check,24.8,1424.2,0
0,Yes,Yes,19,No,No,No,No,Month-to-month,No,Credit card (automatic),50.1,910.45,0
0,Yes,Yes,51,Yes,Yes,No,Yes,One year,Yes,Credit card (automatic),69.75,3562.5,0
0,Yes,Yes,70,Yes,Yes,Yes,Yes,Two year,Yes,Bank transfer (automatic),89.0,6293.2,0
0,Yes,Yes,1,No internet service,No internet service,No internet service,No internet service,Month-to-month,No,Mailed check,19.7,19.7,0
0,No,No,50,Yes,Yes,No,Yes,Month-to-month,Yes,Credit card (automatic),93.5,4747.5,0
0,No,No,15,Yes,Yes,Yes,Yes,Month-to-month,No,Mailed check,84.45,1287.85,0
0,Yes,Yes,72,No internet service,No internet service,No internet service,No internet service,Two year,No,Credit card (automatic),19.4,1363.25,0
1,Yes,No,65,No,Yes,Yes,Yes,Two year,Yes,Credit card (automatic),105.85,6725.5,0
1,No,No,51,No internet service,No internet service,No internet service,No internet service,One year,No,Bank transfer (automatic),25.0,1260.7,0
0,No,No,7,Yes,No,No,No,Month-to-month,Yes,Electronic check,53.65,404.35,0
0,Yes,Yes,55,No internet service,No internet service,No internet service,No internet service,Two year,No,Credit card (automatic),19.4,1083.0,0
0,Yes,No,37,Yes,No,No,No,Month-to-month,Yes,Mailed check,55.05,2030.75,0
1,Yes,No,17,No,No,No,No,Month-to-month,No,Bank transfer (automatic),81.5,1329.2,1
0,Yes,Yes,6,No internet service,No internet service,No internet service,No internet service,One year,No,Credit card (automatic),19.0,105.5,0
0,No,No,5,No,No,No,No,Month-to-month,Yes,Electronic check,84.0,424.75,0
1,No,No,15,Yes,No,Yes,Yes,Month-to-month,Yes,Mailed check,96.3,1426.75,1
1,Yes,Yes,64,Yes,No,Yes,Yes,Two year,Yes,Bank transfer (automatic),111.6,7099.0,0
1,No,No,57,Yes,No,Yes,Yes,Two year,No,Credit card (automatic),101.3,5779.6,0
0,No,No,31,No internet service,No internet service,No internet service,No internet service,Two year,No,Bank transfer (automatic),20.4,609.1,0
0,Yes,No,55,No,Yes,Yes,No,Month-to-month,Yes,Credit card (automatic),103.65,5676.65,0
0,Yes,Yes,7,No internet service,No internet service,No internet service,No internet service,Month-to-month,Yes,Bank transfer (automatic),20.25,174.7,0
0,No,Yes,61,No internet service,No internet service,No internet service,No internet service,Two year,Yes,Credit card (automatic),25.0,1498.35,0
0,Yes,No,70,No,Yes,Yes,No,One year,Yes,Bank transfer (automatic),95.0,6602.9,0
0,No,No,52,No,No,Yes,No,Month-to-month,Yes,Electronic check,59.45,3043.7,0
0,No,No,4,No,Yes,No,No,Month-to-month,No,Bank transfer (automatic),77.95,305.55,1
0,No,No,17,No internet service,No internet service,No internet service,No internet service,Two year,No,Mailed check,19.4,358.05,0
0,Yes,Yes,41,Yes,Yes,Yes,No,One year,Yes,Bank transfer (automatic),60.3,2511.3,0
0,No,No,6,No,Yes,Yes,Yes,Month-to-month,Yes,Credit card (automatic),109.9,669.45,1
0,Yes,Yes,50,No,No,No,No,Month-to-month,Yes,Bank transfer (automatic),69.75,3557.7,0
1,No,No,2,No,No,No,No,Month-to-month,Yes,Mailed check,72.6,154.3,0
0,Yes,Yes,72,Yes,Yes,Yes,Yes,Two year,No,Credit card (automatic),81.0,5750.0,0
0,No,No,4,No,No,No,Yes,Month-to-month,Yes,Electronic check,40.05,162.45,0
0,Yes,No,9,No,No,No,No,Month-to-month,No,Electronic check,89.45,853.1,1
0,No,No,13,No,No,No,No,Month-to-month,Yes,Electronic check,35.1,446.1,1
0,No,No,7,No internet service,No internet service,No internet service,No internet service,Month-to-month,Yes,Mailed check,18.95,130.55,0
0,No,No,32,No,Yes,Yes,No,One year,Yes,Credit card (automatic),104.05,3416.85,0
1,No,No,6,No,No,No,No,Month-to-month,Yes,Electronic check,89.35,567.8,0
0,Yes,No,56,No,Yes,Yes,No,Two year,No,Credit card (automatic),59.5,3389.25,0
0,No,No,1,No,No,No,No,Month-to-month,No,Mailed check,44.6,44.6,0
1,No,No,2,No internet service,No internet service,No internet service,No internet service,Month-to-month,No,Electronic check,19.2,37.2,0
0,No,No,21,No,No,No,No,Month-to-month,Yes,Electronic check,68.65,1493.2,0
0,Yes,No,68,Yes,Yes,No,No,Two year,Yes,Bank transfer (automatic),84.7,5711.05,0
0,No,Yes,66,Yes,Yes,No,Yes,Two year,No,Bank transfer (automatic),65.7,4378.9,0
0,Yes,No,8,No,Yes,Yes,No,Month-to-month,Yes,Mailed check,54.75,445.85,0
0,No,Yes,27,No,No,No,Yes,Month-to-month,Yes,Electronic check,79.5,2180.55,1
0,No,No,5,No,Yes,No,No,Month-to-month,Yes,Electronic check,90.8,455.5,1
0,Yes,No,70,No internet service,No internet service,No internet service,No internet service,Two year,No,Credit card (automatic),19.85,1328.35,0
0,Yes,No,72,No,Yes,Yes,Yes,Two year,Yes,Bank transfer (automatic),85.15,6316.2,0
0,No,No,2,No,No,No,No,Month-to-month,Yes,Electronic check,45.4,80.95,0
1,Yes,No,19,No,No,No,No,Month-to-month,Yes,Electronic check,94.95,1760.25,0
0,No,No,52,Yes,No,No,No,Month-to-month,Yes,Bank transfer (automatic),49.75,2535.55,0
0,Yes,No,72,No internet service,No internet service,No internet service,No internet service,Two year,No,Bank transfer (automatic),19.4,1496.45,0
0,Yes,No,19,No,No,No,No,Month-to-month,No,Mailed check,44.9,839.65,0
0,Yes,Yes,60,No,Yes,No,Yes,Two year,No,Bank transfer (automatic),76.95,4543.95,0
1,Yes,Yes,66,Yes,Yes,Yes,Yes,One year,Yes,Electronic check,116.25,7862.25,0
0,Yes,No,26,No,Yes,Yes,No,Two year,Yes,Credit card (automatic),73.5,1905.7,0
0,Yes,Yes,43,Yes,No,Yes,Yes,Two year,Yes,Credit card (automatic),79.15,3566.6,0
1,No,No,9,No,No,Yes,No,Month-to-month,Yes,Electronic check,100.5,918.6,1
0,No,No,72,No internet service,No internet service,No internet service,No internet service,Two year,Yes,Mailed check,20.8,1521.2,0
0,Yes,No,61,No internet service,No internet service,No internet service,No internet service,One year,Yes,Credit card (automatic),20.55,1252.0,0
0,No,No,7,No,No,No,No,Month-to-month,Yes,Electronic check,79.7,586.05,1
0,No,No,10,Yes,No,No,No,Month-to-month,Yes,Mailed check,51.65,524.5,0
0,Yes,No,14,Yes,No,No,No,Month-to-month,Yes,Bank transfer (automatic),64.7,941.0,1
0,No,Yes,32,No,Yes,Yes,Yes,One year,No,Credit card (automatic),83.7,2633.3,0
0,No,No,24,Yes,No,No,Yes,Month-to-month,Yes,Electronic check,84.35,1938.05,0
0,No,No,32,No internet service,No internet service,No internet service,No internet service,One year,No,Bank transfer (automatic),20.55,654.55,0
0,Yes,No,71,No,Yes,Yes,Yes,Two year,Yes,Credit card (automatic),61.4,4310.35,0
0,No,No,5,No internet service,No internet service,No internet service,No internet service,Month-to-month,No,Credit card (automatic),20.55,96.1,0
0,No,Yes,1,No,No,Yes,No,Month-to-month,Yes,Electronic check,49.85,49.85,0
0,No,No,32,No,No,Yes,No,Month-to-month,Yes,Electronic check,101.35,3334.9,0
0,No,Yes,8,No internet service,No internet service,No internet service,No internet service,Month-to-month,No,Mailed check,19.95,170.9,0
0,Yes,Yes,71,Yes,Yes,Yes,Yes,Two year,No,Mailed check,91.05,6293.75,0
0,Yes,Yes,55,Yes,Yes,No,Yes,One year,Yes,Bank transfer (automatic),75.75,4264.25,0
1,No,No,15,No,Yes,No,No,Month-to-month,Yes,Electronic check,80.2,1217.25,1
0,No,No,22,No,No,No,No,One year,Yes,Credit card (automatic),76.0,1783.6,0
0,Yes,No,18,No,No,No,No,Month-to-month,Yes,Electronic check,94.75,1691.9,0
0,No,No,1,No,No,No,Yes,Month-to-month,No,Mailed check,49.05,49.05,0
0,Yes,Yes,19,No,No,No,No,Month-to-month,Yes,Mailed check,24.85,434.8,0
0,Yes,No,53,No,Yes,Yes,Yes,One year,Yes,Bank transfer (automatic),108.95,5718.2,0
0,No,No,8,No internet service,No internet service,No internet service,No internet service,One year,Yes,Mailed check,19.2,161.95,0
0,No,No,17,No internet service,No internet service,No internet service,No internet service,One year,No,Mailed check,20.15,353.65,0
0,No,No,40,No internet service,No internet service,No internet service,No internet service,Two year,No,Credit card (automatic),19.65,830.25,0
0,Yes,Yes,72,No internet service,No internet service,No internet service,No internet service,Two year,No,Bank transfer (automatic),24.45,1709.1,0
1,No,No,25,No,Yes,No,No,Month-to-month,Yes,Electronic check,88.95,2291.2,1
0,Yes,No,9,No,No,No,No,One year,No,Bank transfer (automatic),24.1,259.8,1
0,No,No,7,No,No,No,No,Month-to-month,No,Bank transfer (automatic),69.15,488.65,0
0,Yes,Yes,8,No internet service,No internet service,No internet service,No internet service,One year,Yes,Mailed check,19.75,145.0,1
1,No,No,55,No,No,Yes,No,One year,Yes,Electronic check,100.0,5509.3,1
0,No,No,3,No internet service,No internet service,No internet service,No internet service,Month-to-month,Yes,Credit card (automatic),20.75,67.1,0
0,Yes,Yes,40,No,No,Yes,No,Month-to-month,Yes,Electronic check,74.55,3015.75,0
0,Yes,No,25,No internet service,No internet service,No internet service,No internet service,One year,Yes,Bank transfer (automatic),20.95,495.15,0
0,No,No,55,Yes,No,Yes,No,One year,Yes,Credit card (automatic),84.25,4589.85,0
0,Yes,Yes,59,Yes,Yes,Yes,Yes,Two year,Yes,Electronic check,86.75,5186.0,0
0,No,No,9,No,No,No,No,Month-to-month,Yes,Electronic check,95.5,829.1,1
1,Yes,No,71,No,Yes,Yes,Yes,Two year,Yes,Credit card (automatic),95.5,6707.15,0
0,No,No,50,Yes,Yes,Yes,Yes,One year,No,Credit card (automatic),114.35,5791.1,0
1,Yes,No,20,No,Yes,No,No,Month-to-month,Yes,Electronic check,60.0,1259.35,0
0,No,No,31,Yes,No,Yes,No,Month-to-month,Yes,Credit card (automatic),84.75,2613.4,0
1,Yes,No,56,No,No,Yes,No,Month-to-month,Yes,Bank transfer (automatic),100.65,5688.05,1
1,No,No,40,Yes,Yes,No,No,Month-to-month,Yes,Electronic check,55.8,2109.35,1
1,Yes,No,51,No,Yes,No,No,Month-to-month,Yes,Credit card (automatic),29.45,1459.35,0
0,No,No,45,No,Yes,No,No,Month-to-month,Yes,Credit card (automatic),89.3,4016.85,1
0,No,No,51,No,No,No,No,One year,No,Credit card (automatic),87.55,4475.9,0
0,Yes,No,54,No,Yes,Yes,No,Month-to-month,Yes,Electronic check,104.3,5278.15,1
0,Yes,Yes,16,No,Yes,No,No,Month-to-month,No,Bank transfer (automatic),73.25,1195.75,0
0,No,No,1,No,No,No,No,Month-to-month,No,Electronic check,90.55,90.55,1
0,Yes,Yes,29,No,Yes,Yes,No,Month-to-month,No,Credit card (automatic),80.1,2211.8,0
1,No,No,1,No,No,No,No,Month-to-month,No,Electronic check,78.45,78.45,1
0,Yes,No,29,No,No,No,No,Month-to-month,No,Mailed check,33.75,1009.25,0
0,No,No,9,No,No,No,Yes,Month-to-month,No,Electronic check,86.25,770.5,0
1,Yes,No,72,Yes,Yes,Yes,Yes,Two year,Yes,Credit card (automatic),116.75,8277.05,0
0,Yes,No,42,No,No,Yes,Yes,Month-to-month,Yes,Electronic check,84.3,3588.4,1
0,Yes,Yes,37,No internet service,No internet service,No internet service,No internet service,Two year,No,Bank transfer (automatic),19.8,726.1,0
0,No,No,6,No,No,No,No,Month-to-month,Yes,Electronic check,91.1,455.3,1
0,No,No,1,Yes,Yes,No,Yes,Month-to-month,Yes,Mailed check,83.4,83.4,0
0,Yes,Yes,68,No,No,No,No,One year,Yes,Electronic check,83.0,5685.8,1
0,No,No,1,No,No,No,No,Month-to-month,No,Mailed check,45.3,45.3,0
0,Yes,No,32,No internet service,No internet service,No internet service,No internet service,Month-to-month,No,Bank transfer (automatic),19.4,641.15,0
0,No,No,39,No,No,Yes,No,Month-to-month,Yes,Electronic check,50.75,2011.4,1
0,No,No,37,Yes,Yes,Yes,Yes,Two year,No,Bank transfer (automatic),65.6,2313.8,0
1,Yes,No,30,No,Yes,Yes,No,Month-to-month,Yes,Mailed check,79.65,2365.15,1
1,Yes,No,8,No,No,Yes,Yes,Month-to-month,Yes,Credit card (automatic),64.4,581.7,0
0,No,No,27,Yes,Yes,No,No,One year,No,Bank transfer (automatic),55.45,1477.65,0
1,Yes,No,55,No,No,No,No,Month-to-month,No,Bank transfer (automatic),51.65,2838.55,0
0,Yes,No,20,No internet service,No internet service,No internet service,No internet service,One year,No,Mailed check,20.35,393.15,0
0,No,Yes,1,Yes,Yes,No,Yes,Month-to-month,Yes,Electronic check,60.0,60.0,1
0,Yes,Yes,36,Yes,No,Yes,No,Month-to-month,Yes,Credit card (automatic),104.5,3684.95,0
0,Yes,Yes,68,No internet service,No internet service,No internet service,No internet service,Two year,Yes,Bank transfer (automatic),19.95,1303.25,0
0,No,No,3,No internet service,No internet service,No internet service,No internet service,Month-to-month,No,Mailed check,19.85,57.2,0
0,No,No,54,Yes,No,No,Yes,One year,No,Bank transfer (automatic),44.1,2369.7,0
1,No,No,9,No,No,No,No,Month-to-month,Yes,Electronic check,79.55,718.55,0
0,Yes,Yes,8,No,No,Yes,No,Month-to-month,Yes,Electronic check,94.2,777.3,1
0,No,No,63,Yes,Yes,Yes,No,Two year,No,Credit card (automatic),98.0,6218.45,0
0,Yes,Yes,21,No internet service,No internet service,No internet service,No internet service,One year,No,Mailed check,19.8,350.1,0
0,No,No,1,No,No,No,No,Month-to-month,Yes,Electronic check,75.45,75.45,1
0,No,No,8,No internet service,No internet service,No internet service,No internet service,Month-to-month,Yes,Bank transfer (automatic),19.7,168.9,0
0,Yes,Yes,72,Yes,Yes,Yes,Yes,Two year,Yes,Credit card (automatic),65.1,4754.3,0
0,No,No,12,No,Yes,No,Yes,Month-to-month,Yes,Mailed check,53.75,648.65,0
0,Yes,No,65,Yes,Yes,Yes,No,Two year,Yes,Electronic check,99.35,6347.55,0
0,No,No,39,Yes,Yes,No,Yes,One year,Yes,Bank transfer (automatic),40.3,1630.4,0
0,No,No,11,No,Yes,No,No,Month-to-month,No,Electronic check,74.95,815.5,1
0,No,No,58,No,Yes,Yes,No,One year,Yes,Bank transfer (automatic),103.25,6017.65,1
0,Yes,Yes,72,Yes,No,Yes,Yes,Two year,Yes,Bank transfer (automatic),83.3,6042.7,0
0,No,No,1,No internet service,No internet service,No internet service,No internet service,Month-to-month,No,Mailed check,20.35,20.35,0
0,No,No,3,Yes,No,No,No,Month-to-month,Yes,Mailed check,50.15,160.85,0
0,Yes,No,71,Yes,Yes,Yes,Yes,Two year,Yes,Credit card (automatic),115.15,8078.1,0
0,No,Yes,17,No,No,Yes,No,One year,Yes,Mailed check,55.85,937.5,1
0,No,No,15,No,No,No,No,Month-to-month,No,Electronic check,51.55,765.5,1
0,No,No,26,No,No,No,No,Month-to-month,Yes,Bank transfer (automatic),88.8,2274.35,1
0,No,No,9,No,No,No,No,Month-to-month,No,Electronic check,69.05,651.5,0
0,No,No,25,Yes,Yes,Yes,Yes,Month-to-month,Yes,Bank transfer (automatic),78.35,1837.9,0
0,No,No,38,No internet service,No internet service,No internet service,No internet service,Two year,No,Mailed check,20.3,743.05,0
0,No,No,1,No,Yes,No,No,Month-to-month,Yes,Electronic check,79.15,79.15,1
0,No,No,43,No,Yes,Yes,No,Two year,Yes,Electronic check,104.6,4759.85,1
0,No,No,7,No,No,Yes,No,Month-to-month,No,Mailed check,74.65,544.55,1
0,No,No,12,No,No,Yes,Yes,Month-to-month,Yes,Electronic check,89.4,1095.65,1
0,Yes,No,30,No,Yes,No,Yes,Month-to-month,Yes,Credit card (automatic),94.1,2804.45,1
0,Yes,Yes,57,No internet service,No internet service,No internet service,No internet service,Two year,Yes,Bank transfer (automatic),20.1,1087.7,0
0,No,No,1,No,Yes,No,No,Month-to-month,No,Electronic check,84.3,84.3,1
0,Yes,Yes,65,No,Yes,Yes,Yes,Two year,Yes,Bank transfer (automatic),84.2,5324.5,0
0,Yes,Yes,9,Yes,No,No,No,One year,No,Mailed check,48.6,422.3,0
1,No,No,2,No,No,No,No,Month-to-month,Yes,Electronic check,94.0,181.7,1
0,Yes,No,41,No,Yes,No,Yes,One year,No,Mailed check,35.45,1391.65,0
0,No,No,29,Yes,No,No,Yes,One year,No,Mailed check,35.6,1072.6,0
0,Yes,Yes,1,No,Yes,No,No,Month-to-month,No,Electronic check,30.2,30.2,1
1,Yes,No,46,No,No,No,Yes,One year,No,Electronic check,100.25,4753.85,0
0,No,No,45,No,No,Yes,Yes,Month-to-month,Yes,Electronic check,87.25,3941.7,1
0,No,No,6,Yes,Yes,No,No,Month-to-month,Yes,Electronic check,78.95,494.95,0
0,No,No,14,No internet service,No internet service,No internet service,No internet service,Month-to-month,No,Mailed check,19.9,283.75,0
0,Yes,Yes,38,No,Yes,Yes,No,Month-to-month,Yes,Electronic check,94.65,3624.3,1
0,Yes,Yes,59,No,Yes,Yes,No,One year,Yes,Electronic check,106.15,6256.2,0
0,No,No,3,No,No,Yes,No,Month-to-month,No,Electronic check,57.55,161.45,0
0,No,No,46,No internet service,No internet service,No internet service,No internet service,Two year,No,Electronic check,19.95,907.05,0
0,No,No,1,No,No,No,No,Month-to-month,No,Mailed check,35.05,35.05,1
0,No,No,13,No,Yes,No,Yes,Month-to-month,No,Mailed check,73.35,931.55,0
0,No,No,67,Yes,No,No,Yes,Two year,No,Electronic check,43.9,3097.2,0
0,Yes,Yes,72,Yes,Yes,Yes,Yes,Two year,Yes,Credit card (automatic),114.3,8058.55,0
0,Yes,No,46,No internet service,No internet service,No internet service,No internet service,Month-to-month,No,Electronic check,19.6,851.2,0
0,Yes,Yes,72,Yes,Yes,Yes,Yes,Two year,No,Credit card (automatic),103.95,7517.7,0
0,No,No,23,No,Yes,No,No,Month-to-month,Yes,Electronic check,79.15,1676.95,1
0,Yes,Yes,16,No internet service,No internet service,No internet service,No internet service,Two year,No,Mailed check,19.7,301.55,0
0,Yes,Yes,46,No,Yes,No,No,Month-to-month,Yes,Bank transfer (automatic),80.0,3769.7,0
0,No,No,61,Yes,Yes,Yes,No,One year,Yes,Electronic check,107.75,6521.9,0
0,No,No,44,Yes,Yes,Yes,No,Month-to-month,Yes,Electronic check,111.5,4915.15,0
0,No,No,1,No,No,No,No,Month-to-month,Yes,Electronic check,45.65,45.65,1
0,No,No,9,No,No,No,No,Month-to-month,Yes,Electronic check,70.5,597.9,0
0,No,No,25,No,No,No,No,Month-to-month,Yes,Bank transfer (automatic),94.7,2362.1,1
0,No,No,49,No,No,Yes,No,Month-to-month,Yes,Bank transfer (automatic),30.2,1453.1,0
0,No,No,63,No,No,Yes,Yes,One year,Yes,Credit card (automatic),90.05,5817.0,0
0,No,No,61,Yes,No,Yes,Yes,Two year,No,Credit card (automatic),86.45,5175.3,0
0,Yes,Yes,11,No internet service,No internet service,No internet service,No internet service,Month-to-month,Yes,Electronic check,20.45,250.8,0
0,Yes,No,70,No,Yes,Yes,Yes,One year,Yes,Bank transfer (automatic),51.05,3635.15,0
0,No,No,9,No internet service,No internet service,No internet service,No internet service,Month-to-month,No,Mailed check,20.25,178.5,1
1,Yes,No,72,No,Yes,Yes,Yes,Two year,Yes,Bank transfer (automatic),109.75,7932.5,0
0,No,No,58,No internet service,No internet service,No internet service,No internet service,Two year,Yes,Credit card (automatic),24.7,1519.0,0
0,No,No,32,Yes,No,No,Yes,Month-to-month,No,Bank transfer (automatic),87.65,2766.4,0
0,No,No,4,No,No,No,No,Month-to-month,Yes,Electronic check,81.0,340.85,1
0,No,Yes,22,No internet service,No internet service,No internet service,No internet service,Month-to-month,No,Credit card (automatic),20.15,432.5,0
0,No,No,7,No,No,No,No,Month-to-month,Yes,Electronic check,86.8,620.35,1
0,Yes,Yes,10,Yes,No,No,No,Month-to-month,Yes,Electronic check,100.25,1064.65,1
1,No,No,3,No,No,Yes,No,Month-to-month,Yes,Electronic check,86.85,220.95,1
0,No,Yes,70,Yes,Yes,No,Yes,Two year,No,Electronic check,66.0,4891.5,0
0,Yes,Yes,52,Yes,Yes,Yes,No,Month-to-month,No,Bank transfer (automatic),98.15,4993.4,0
1,No,No,56,No,No,Yes,No,Month-to-month,Yes,Electronic check,101.05,5594.0,0
0,No,Yes,25,Yes,No,No,No,One year,Yes,Credit card (automatic),40.65,970.55,0
0,No,No,25,No internet service,No internet service,No internet service,No internet service,One year,No,Credit card (automatic),19.9,527.5,0
0,No,Yes,39,No internet service,No internet service,No internet service,No internet service,One year,No,Bank transfer (automatic),25.45,958.45,0
0,No,No,56,Yes,Yes,No,No,Month-to-month,Yes,Electronic check,86.4,4922.4,0
0,No,Yes,5,No internet service,No internet service,No internet service,No internet service,Two year,No,Mailed check,20.45,106.9,0
0,Yes,No,62,Yes,No,Yes,Yes,Two year,No,Mailed check,81.0,4985.9,0
0,Yes,Yes,53,No internet service,No internet service,No internet service,No internet service,Two year,No,Credit card (automatic),25.55,1336.1,0
1,Yes,No,29,No,No,No,No,Month-to-month,Yes,Electronic check,51.6,1442.0,0
0,No,No,1,No,No,No,No,Month-to-month,Yes,Electronic check,50.1,50.1,0
0,No,No,66,No internet service,No internet service,No internet service,No internet service,Two year,Yes,Credit card (automatic),25.15,1683.6,0
0,No,No,9,Yes,No,No,No,Month-to-month,Yes,Electronic check,74.85,708.2,0
0,Yes,Yes,26,No internet service,No internet service,No internet service,No internet service,Month-to-month,Yes,Credit card (automatic),20.25,493.95,0
0,No,No,1,No,Yes,No,No,Month-to-month,Yes,Electronic check,48.6,48.6,0
1,No,Yes,7,No,No,No,No,Month-to-month,Yes,Mailed check,45.75,344.2,0
1,Yes,No,42,Yes,No,No,No,Month-to-month,Yes,Credit card (automatic),74.15,3229.4,1
0,No,No,12,No,No,No,No,Month-to-month,Yes,Electronic check,81.45,912.0,0
0,No,No,24,No,No,No,Yes,One year,No,Bank transfer (automatic),54.6,1242.25,0
0,No,No,9,No internet service,No internet service,No internet service,No internet service,Month-to-month,No,Mailed check,19.85,178.8,0
0,No,No,2,Yes,No,No,No,Month-to-month,No,Mailed check,90.75,174.75,0
0,No,No,1,No,No,No,No,Month-to-month,No,Credit card (automatic),80.15,80.15,1
0,No,No,62,No internet service,No internet service,No internet service,No internet service,Two year,No,Bank transfer (automatic),19.85,1253.65,0
0,Yes,Yes,55,Yes,No,Yes,Yes,Two year,Yes,Bank transfer (automatic),85.1,4657.95,0
1,No,No,60,Yes,Yes,No,No,One year,Yes,Electronic check,71.75,4374.55,0
0,No,No,1,No internet service,No internet service,No internet service,No internet service,Month-to-month,Yes,Electronic check,19.85,19.85,1
0,No,Yes,1,No,No,No,No,Month-to-month,No,Mailed check,24.7,24.7,0
1,No,No,2,No,No,No,No,Month-to-month,No,Electronic check,43.95,85.1,0
0,Yes,Yes,9,No,Yes,No,No,Month-to-month,Yes,Mailed check,55.3,501.2,0
0,Yes,No,69,Yes,No,No,No,Two year,No,Bank transfer (automatic),99.15,6875.35,0
1,Yes,No,72,Yes,Yes,Yes,Yes,Two year,Yes,Bank transfer (automatic),63.1,4685.55,0
0,Yes,Yes,68,Yes,Yes,Yes,No,Two year,Yes,Electronic check,110.2,7467.5,0
0,No,No,68,No,Yes,Yes,No,One year,No,Credit card (automatic),79.6,5461.45,0
0,Yes,No,72,Yes,Yes,Yes,No,Two year,Yes,Electronic check,85.25,6083.1,0
0,No,No,8,No,No,No,No,Month-to-month,Yes,Credit card (automatic),25.25,186.3,0
0,Yes,No,43,Yes,No,No,Yes,Month-to-month,No,Bank transfer (automatic),34.0,1505.35,0
0,No,No,1,No internet service,No internet service,No internet service,No internet service,Month-to-month,No,Mailed check,20.15,20.15,0
0,No,No,12,No internet service,No internet service,No internet service,No internet service,Month-to-month,No,Bank transfer (automatic),19.45,227.45,0
1,No,No,20,No,No,No,No,Month-to-month,Yes,Mailed check,61.6,1174.35,1
0,Yes,Yes,8,No internet service,No internet service,No internet service,No internet service,Two year,Yes,Mailed check,19.85,146.6,0
0,Yes,Yes,62,No,No,Yes,No,Two year,Yes,Credit card (automatic),89.1,5411.65,0
0,No,No,67,No internet service,No internet service,No internet service,No internet service,Two year,Yes,Bank transfer (automatic),25.6,1790.35,0
0,No,No,22,No,No,No,Yes,Month-to-month,Yes,Electronic check,90.0,1993.8,1
1,Yes,No,2,No,No,No,No,Month-to-month,No,Electronic check,70.1,141.65,0
0,No,No,54,Yes,No,Yes,No,One year,Yes,Bank transfer (automatic),103.95,5639.05,1
0,No,No,1,No,No,No,No,Month-to-month,Yes,Electronic check,44.1,44.1,1
0,No,No,1,No,No,No,No,Month-to-month,Yes,Mailed check,62.8,62.8,0
0,Yes,No,18,Yes,No,No,No,Month-to-month,No,Electronic check,74.8,1438.05,0
0,Yes,No,33,No,Yes,No,Yes,One year,Yes,Credit card (automatic),53.75,1857.3,0
1,No,No,1,No,No,No,No,Month-to-month,Yes,Electronic check,70.15,70.15,1
0,Yes,No,66,Yes,Yes,Yes,Yes,Two year,No,Mailed check,96.6,6424.25,0
0,No,No,1,No internet service,No internet service,No internet service,No internet service,Month-to-month,No,Mailed check,19.1,19.1,0
0,Yes,Yes,72,No internet service,No internet service,No internet service,No internet service,Two year,No,Mailed check,24.9,1859.2,0
0,No,No,1,No internet service,No internet service,No internet service,No internet service,Month-to-month,Yes,Mailed check,20.45,20.45,0
0,Yes,Yes,48,Yes,No,Yes,No,One year,No,Credit card (automatic),45.0,2196.3,0
0,Yes,Yes,45,No internet service,No internet service,No internet service,No internet service,Two year,No,Mailed check,20.35,929.2,0
1,Yes,No,69,Yes,Yes,No,No,Two year,No,Credit card (automatic),56.55,3952.65,0
0,Yes,No,70,Yes,Yes,No,Yes,Two year,Yes,Credit card (automatic),88.0,5986.45,0
0,Yes,No,40,No,Yes,No,Yes,One year,No,Credit card (automatic),70.75,2921.75,0
0,Yes,Yes,41,No,Yes,Yes,No,One year,No,Bank transfer (automatic),68.5,2839.95,0
0,No,No,72,Yes,Yes,No,Yes,Two year,No,Credit card (automatic),86.05,6309.65,0
0,Yes,No,25,No,No,No,Yes,Month-to-month,Yes,Electronic check,95.15,2395.7,0
0,Yes,Yes,2,No,No,No,No,Month-to-month,Yes,Mailed check,24.4,36.55,1
0,No,No,1,No,No,No,No,Month-to-month,Yes,Electronic check,79.7,79.7,1
0,Yes,Yes,71,Yes,No,Yes,No,Two year,No,Electronic check,105.55,7405.5,0
0,No,No,1,No,No,No,No,Month-to-month,Yes,Bank transfer (automatic),44.05,44.05,0
0,No,Yes,53,No,Yes,Yes,Yes,One year,Yes,Electronic check,84.6,4449.75,0
0,Yes,No,72,No internet service,No internet service,No internet service,No internet service,Two year,Yes,Bank transfer (automatic),23.55,1723.95,0
1,Yes,Yes,11,No,No,No,No,Month-to-month,Yes,Credit card (automatic),75.2,775.3,0
1,No,No,8,No,No,No,No,Month-to-month,Yes,Electronic check,69.7,560.85,1
0,Yes,Yes,7,No,No,No,No,Month-to-month,Yes,Electronic check,69.0,506.9,1
1,Yes,No,72,No,Yes,Yes,Yes,Two year,No,Credit card (automatic),109.7,7898.45,0
0,Yes,Yes,71,No internet service,No internet service,No internet service,No internet service,Two year,No,Bank transfer (automatic),20.1,1389.6,0
0,No,No,26,No,No,No,No,Month-to-month,Yes,Credit card (automatic),69.05,1815.65,0
0,No,No,41,Yes,Yes,Yes,Yes,Month-to-month,Yes,Bank transfer (automatic),114.5,4527.45,1
0,No,No,16,Yes,No,No,No,Month-to-month,Yes,Electronic check,94.25,1483.25,1
0,No,No,34,Yes,No,Yes,No,One year,No,Mailed check,56.95,1889.5,0
0,No,No,62,No internet service,No internet service,No internet service,No internet service,Two year,No,Bank transfer (automatic),23.4,1429.65,0
0,No,No,43,No,No,No,Yes,One year,Yes,Electronic check,100.0,4211.55,1
1,No,No,51,No,Yes,No,No,One year,Yes,Bank transfer (automatic),79.6,3974.7,0
0,No,No,49,No,Yes,No,No,Month-to-month,No,Electronic check,98.7,4920.55,0
0,Yes,Yes,1,No,No,No,No,Month-to-month,Yes,Electronic check,68.5,68.5,1
0,Yes,Yes,55,No internet service,No internet service,No internet service,No internet service,Two year,No,Mailed check,21.0,1210.3,0
0,No,No,30,Yes,No,No,No,Month-to-month,Yes,Bank transfer (automatic),100.4,2936.25,0
0,Yes,No,71,No internet service,No internet service,No internet service,No internet service,Two year,No,Bank transfer (automatic),24.75,1836.9,0
0,No,No,13,Yes,No,No,Yes,One year,No,Mailed check,55.15,742.9,0
1,No,No,48,No,Yes,No,No,One year,Yes,Electronic check,99.0,4744.35,0
0,Yes,No,72,Yes,Yes,Yes,Yes,Two year,No,Bank transfer (automatic),92.0,6474.4,0
1,Yes,No,1,No,No,No,No,Month-to-month,Yes,Electronic check,69.55,69.55,1
0,No,No,51,No,No,No,No,Month-to-month,No,Bank transfer (automatic),83.4,4149.45,0
0,Yes,Yes,50,No,No,Yes,No,One year,No,Bank transfer (automatic),54.9,2614.1,0
0,No,No,3,No,No,No,No,Month-to-month,No,Electronic check,74.5,217.45,0
1,Yes,No,41,No,No,Yes,No,Month-to-month,Yes,Electronic check,99.8,4259.3,1
0,No,No,2,No,No,Yes,No,Month-to-month,Yes,Electronic check,49.25,90.35,1
0,Yes,Yes,49,No,Yes,Yes,No,One year,Yes,Electronic check,93.65,4520.15,0
0,Yes,No,65,Yes,Yes,Yes,No,One year,No,Credit card (automatic),67.05,4309.55,0
0,No,No,39,Yes,No,Yes,No,Two year,Yes,Electronic check,100.45,3801.7,0
0,No,No,1,No,No,No,No,Month-to-month,Yes,Mailed check,53.55,53.55,1
0,No,No,25,No,Yes,Yes,No,Month-to-month,Yes,Electronic check,99.5,2369.05,1
0,No,No,23,Yes,No,No,No,Month-to-month,Yes,Bank transfer (automatic),75.0,1778.5,0
0,No,No,11,No,Yes,Yes,Yes,One year,Yes,Credit card (automatic),40.4,422.6,0
0,No,No,9,No internet service,No internet service,No internet service,No internet service,Month-to-month,No,Bank transfer (automatic),19.5,150.35,0
0,Yes,No,70,Yes,Yes,Yes,No,Two year,Yes,Credit card (automatic),99.35,6944.5,0
0,Yes,Yes,46,Yes,No,Yes,Yes,One year,No,Mailed check,56.9,2560.1,0
0,No,Yes,26,No,No,Yes,No,Month-to-month,Yes,Mailed check,29.8,786.5,0
0,Yes,Yes,37,Yes,No,Yes,Yes,One year,Yes,Mailed check,58.75,2203.1,0
0,No,No,52,No,Yes,No,No,Month-to-month,Yes,Electronic check,85.35,4338.6,1
0,No,No,8,Yes,Yes,No,Yes,One year,No,Bank transfer (automatic),58.2,469.25,0
0,No,No,23,No,Yes,No,No,Month-to-month,Yes,Credit card (automatic),98.7,2249.1,0
1,No,No,27,No,Yes,No,Yes,One year,Yes,Bank transfer (automatic),104.65,2964.0,0
0,No,No,36,No internet service,No internet service,No internet service,No internet service,One year,No,Mailed check,19.55,620.75,0
0,No,Yes,3,Yes,No,Yes,No,Month-to-month,No,Mailed check,55.9,157.55,0
0,Yes,No,72,Yes,Yes,Yes,No,Two year,Yes,Credit card (automatic),82.65,5919.35,0
0,Yes,Yes,27,No,No,No,Yes,Month-to-month,No,Bank transfer (automatic),71.6,1957.1,0
1,Yes,No,33,No,Yes,Yes,Yes,Month-to-month,Yes,Electronic check,50.0,1750.85,0
0,No,No,2,No,No,No,No,Month-to-month,Yes,Electronic check,79.75,164.5,1
0,Yes,Yes,38,Yes,Yes,No,No,Month-to-month,No,Electronic check,54.5,2076.05,0
1,No,No,32,No,No,No,No,Month-to-month,Yes,Credit card (automatic),96.15,3019.25,1
0,Yes,Yes,33,No,No,Yes,Yes,One year,Yes,Mailed check,73.9,2405.05,1
0,No,No,22,No,No,Yes,Yes,Two year,No,Bank transfer (automatic),56.75,1304.85,0
1,No,No,1,No,No,No,No,Month-to-month,Yes,Electronic check,71.25,71.25,0
1,No,No,2,No,No,No,No,Month-to-month,Yes,Electronic check,84.05,186.05,0
0,No,No,1,No,No,No,Yes,Month-to-month,Yes,Electronic check,49.9,49.9,0
0,No,No,37,Yes,Yes,Yes,No,Month-to-month,No,Bank transfer (automatic),91.2,3382.3,0
0,Yes,Yes,56,No,Yes,Yes,No,One year,Yes,Credit card (automatic),36.1,1971.5,0
0,No,No,3,No internet service,No internet service,No internet service,No internet service,Month-to-month,No,Mailed check,19.85,64.55,1
0,No,No,2,No,Yes,No,No,Month-to-month,No,Mailed check,49.25,97.0,0
0,No,No,6,No,No,No,No,Month-to-month,No,Credit card (automatic),70.55,433.95,0
0,No,No,22,No internet service,No internet service,No internet service,No internet service,One year,No,Mailed check,19.6,422.5,0
0,Yes,Yes,70,No internet service,No internet service,No internet service,No internet service,Two year,No,Mailed check,25.35,1715.15,0
0,No,No,1,No internet service,No internet service,No internet service,No internet service,Month-to-month,No,Mailed check,19.65,19.65,1
0,Yes,Yes,70,Yes,Yes,No,No,Month-to-month,Yes,Credit card (automatic),97.55,6669.05,0
1,Yes,No,12,No,No,No,No,Month-to-month,Yes,Electronic check,80.45,950.2,1
0,No,No,11,No,Yes,No,Yes,Month-to-month,Yes,Electronic check,35.65,425.1,0
0,No,No,1,No,No,No,No,Month-to-month,Yes,Mailed check,44.45,44.45,1
0,No,No,1,No internet service,No internet service,No internet service,No internet service,Month-to-month,No,Mailed check,20.95,20.95,1
0,No,No,70,No,No,No,Yes,Two year,Yes,Mailed check,40.05,2799.75,0
0,Yes,Yes,55,No,No,No,No,Month-to-month,No,Bank transfer (automatic),85.5,4713.4,0
0,No,No,13,Yes,No,No,No,Month-to-month,Yes,Electronic check,100.35,1358.85,1
0,No,No,17,No internet service,No internet service,No internet service,No internet service,One year,Yes,Bank transfer (automatic),19.65,351.55,0
0,Yes,Yes,58,Yes,No,Yes,Yes,Two year,No,Mailed check,59.75,3624.35,0
0,No,No,47,Yes,Yes,No,Yes,Two year,No,Mailed check,74.05,3496.3,0
0,No,Yes,34,Yes,Yes,Yes,No,Month-to-month,Yes,Bank transfer (automatic),105.35,3688.6,0
0,No,No,38,Yes,Yes,Yes,No,Month-to-month,Yes,Bank transfer (automatic),66.15,2522.4,0
1,No,No,7,No,No,No,No,Month-to-month,Yes,Electronic check,84.8,546.95,1
0,Yes,No,71,Yes,Yes,Yes,Yes,Two year,No,Electronic check,90.1,6310.9,0
0,Yes,Yes,72,Yes,Yes,Yes,Yes,Two year,Yes,Credit card (automatic),114.05,8289.2,0
0,Yes,No,59,Yes,No,Yes,No,One year,Yes,Credit card (automatic),81.25,4639.45,0
0,Yes,Yes,22,No,Yes,No,No,Month-to-month,No,Electronic check,83.3,1845.9,1
0,Yes,Yes,72,Yes,Yes,Yes,Yes,Two year,No,Bank transfer (automatic),80.85,5824.75,0
0,No,Yes,3,No internet service,No internet service,No internet service,No internet service,Month-to-month,No,Mailed check,20.85,60.65,0
0,No,No,43,Yes,No,Yes,No,One year,Yes,Credit card (automatic),35.2,1463.7,0
0,No,No,10,No,No,No,No,Month-to-month,No,Mailed check,70.15,735.5,0
0,No,No,62,Yes,Yes,Yes,Yes,Two year,No,Bank transfer (automatic),69.4,4237.5,0
0,No,Yes,1,No,Yes,No,No,Month-to-month,Yes,Electronic check,75.35,75.35,1
0,Yes,No,37,No internet service,No internet service,No internet service,No internet service,One year,Yes,Bank transfer (automatic),19.85,717.5,0
0,No,No,1,No,No,Yes,Yes,Month-to-month,No,Mailed check,55.05,55.05,0
1,No,No,20,No,No,No,No,Month-to-month,No,Electronic check,89.95,1648.45,0
0,Yes,No,70,Yes,No,No,Yes,Two year,Yes,Credit card (automatic),76.95,5289.8,0
0,Yes,Yes,6,No,Yes,Yes,Yes,Two year,No,Mailed check,40.55,217.5,0
0,Yes,Yes,12,No internet service,No internet service,No internet service,No internet service,One year,No,Mailed check,26.4,314.95,0
0,No,Yes,47,Yes,Yes,No,No,Month-to-month,Yes,Electronic check,55.3,2654.05,0
0,Yes,Yes,67,No,Yes,No,No,Month-to-month,Yes,Bank transfer (automatic),89.55,6373.1,0
0,Yes,No,61,No internet service,No internet service,No internet service,No internet service,Two year,No,Bank transfer (automatic),25.3,1554.9,0
1,Yes,No,33,No,Yes,No,No,Month-to-month,Yes,Bank transfer (automatic),100.6,3270.25,0
1,Yes,No,68,No,Yes,No,No,Month-to-month,Yes,Electronic check,100.2,6851.65,1
0,No,No,70,Yes,No,Yes,Yes,Two year,No,Bank transfer (automatic),48.4,3442.8,0
0,Yes,Yes,12,No internet service,No internet service,No internet service,No internet service,Month-to-month,No,Bank transfer (automatic),19.4,198.1,0
1,Yes,No,29,No,No,Yes,No,Month-to-month,Yes,Electronic check,98.5,3004.15,1
0,Yes,No,53,Yes,No,Yes,No,Month-to-month,No,Electronic check,93.9,5029.2,1
0,Yes,Yes,25,No,No,Yes,No,Month-to-month,Yes,Electronic check,89.1,2368.4,1
0,Yes,No,68,Yes,Yes,Yes,Yes,Two year,Yes,Electronic check,91.7,6424.7,0
0,No,No,17,No,No,No,No,Month-to-month,Yes,Electronic check,70.0,1144.5,1
0,Yes,No,71,No,Yes,Yes,Yes,Two year,Yes,Credit card (automatic),79.1,5564.85,0
0,No,No,20,No,Yes,No,Yes,Month-to-month,Yes,Credit card (automatic),68.9,1370.35,0
0,No,No,51,Yes,No,No,Yes,One year,No,Credit card (automatic),59.9,3043.6,0
1,Yes,No,61,No internet service,No internet service,No internet service,No internet service,Two year,No,Bank transfer (automatic),25.0,1501.75,0
0,Yes,No,29,Yes,Yes,No,No,Month-to-month,Yes,Electronic check,84.45,2467.1,1
0,Yes,Yes,32,Yes,Yes,Yes,No,One year,No,Mailed check,94.8,3131.55,0
0,No,No,28,No,No,Yes,No,Month-to-month,Yes,Mailed check,29.75,790.7,0
0,Yes,Yes,4,No internet service,No internet service,No internet service,No internet service,Month-to-month,Yes,Electronic check,19.95,82.9,0
1,No,No,8,No,No,No,No,Month-to-month,Yes,Electronic check,69.7,572.85,0
0,No,No,27,No,No,Yes,No,Month-to-month,Yes,Electronic check,81.3,2272.8,0
0,No,No,9,No,No,Yes,No,Month-to-month,Yes,Electronic check,94.05,811.65,0
0,Yes,No,56,Yes,No,No,No,One year,Yes,Electronic check,98.0,5270.6,0
0,Yes,No,48,No,Yes,Yes,No,One year,No,Mailed check,34.7,1604.5,1
0,Yes,Yes,64,Yes,No,Yes,Yes,Two year,Yes,Bank transfer (automatic),60.05,3845.45,0
0,No,Yes,34,Yes,Yes,No,No,One year,Yes,Electronic check,103.8,3470.8,0
0,Yes,Yes,66,No internet service,No internet service,No internet service,No internet service,Two year,No,Credit card (automatic),20.0,1374.2,0
0,No,No,2,No,No,No,Yes,Month-to-month,Yes,Credit card (automatic),50.2,109.25,0
0,No,No,52,Yes,Yes,Yes,No,Two year,Yes,Bank transfer (automatic),58.75,3038.55,0
0,No,No,1,No,No,No,No,Month-to-month,No,Mailed check,69.55,69.55,1
0,No,Yes,3,No internet service,No internet service,No internet service,No internet service,Month-to-month,No,Bank transfer (automatic),20.2,50.6,0
0,No,No,29,No internet service,No internet service,No internet service,No internet service,Two year,No,Mailed check,19.4,554.25,0
0,No,No,14,No,Yes,No,Yes,Month-to-month,Yes,Credit card (automatic),80.05,1112.3,0
0,Yes,No,20,Yes,No,No,Yes,One year,Yes,Mailed check,64.15,1274.45,0
0,Yes,No,5,No,No,Yes,No,Month-to-month,Yes,Electronic check,94.45,498.1,1
0,Yes,No,38,Yes,Yes,No,No,Month-to-month,Yes,Electronic check,79.45,3013.05,1
0,Yes,No,71,No internet service,No internet service,No internet service,No internet service,Two year,No,Mailed check,19.6,1416.5,0
0,No,No,5,No,No,Yes,No,Month-to-month,No,Bank transfer (automatic),96.5,492.55,1
0,Yes,No,72,Yes,Yes,Yes,Yes,Two year,No,Mailed check,84.45,6033.1,0
1,No,No,2,No,Yes,No,No,Month-to-month,No,Electronic check,89.5,161.5,1
1,Yes,Yes,68,No,Yes,Yes,No,Month-to-month,Yes,Electronic check,84.65,5683.6,0
0,No,Yes,28,No internet service,No internet service,No internet service,No internet service,Month-to-month,No,Mailed check,20.25,535.35,0
0,Yes,No,4,No internet service,No internet service,No internet service,No internet service,Month-to-month,No,Electronic check,20.15,91.4,0
0,Yes,No,47,No,No,Yes,No,Month-to-month,Yes,Electronic check,100.5,4707.1,0
0,No,No,2,No internet service,No internet service,No internet service,No internet service,Month-to-month,No,Mailed check,20.3,41.2,0
0,No,No,45,Yes,No,No,No,Month-to-month,Yes,Bank transfer (automatic),50.9,2298.55,0
0,Yes,No,72,No,Yes,Yes,Yes,Two year,No,Bank transfer (automatic),85.95,6151.9,0
0,No,No,3,No,No,No,Yes,Month-to-month,No,Electronic check,85.8,272.2,1
0,No,No,23,No internet service,No internet service,No internet service,No internet service,One year,No,Credit card (automatic),24.8,615.35,0
1,Yes,No,13,No,No,No,No,Month-to-month,Yes,Electronic check,70.15,916.75,1
0,Yes,Yes,72,Yes,Yes,Yes,Yes,Two year,No,Credit card (automatic),89.8,6510.45,0
0,No,No,57,No internet service,No internet service,No internet service,No internet service,Two year,No,Bank transfer (automatic),20.65,1125.6,0
1,No,No,29,No,No,No,Yes,Month-to-month,No,Electronic check,98.65,2862.75,1
1,Yes,No,69,No,Yes,Yes,No,Month-to-month,Yes,Bank transfer (automatic),95.35,6382.0,0
0,Yes,Yes,42,Yes,Yes,No,No,Month-to-month,Yes,Bank transfer (automatic),69.4,3058.3,0
0,No,No,3,No,No,No,No,Month-to-month,Yes,Electronic check,70.15,194.2,0
0,No,No,8,No,No,No,No,Month-to-month,Yes,Credit card (automatic),74.6,548.9,0
1,Yes,No,57,No,No,No,No,Month-to-month,Yes,Electronic check,44.85,2572.95,1
1,Yes,Yes,22,No,No,No,No,Month-to-month,No,Bank transfer (automatic),85.35,1961.6,0
0,Yes,No,72,Yes,Yes,No,No,Two year,Yes,Bank transfer (automatic),84.05,6052.25,0
1,Yes,No,2,No,No,Yes,No,Month-to-month,Yes,Electronic check,74.2,140.1,0
0,No,No,4,No,Yes,No,No,Month-to-month,No,Electronic check,78.45,330.05,1
0,No,No,47,No,Yes,Yes,No,One year,Yes,Electronic check,103.1,4889.3,0
0,No,No,72,No,Yes,Yes,No,Two year,Yes,Electronic check,103.65,7634.8,0
0,No,No,2,No,No,No,No,Month-to-month,No,Electronic check,45.35,89.5,1
1,No,No,43,No,No,No,No,Month-to-month,Yes,Mailed check,89.55,3856.75,1
1,No,No,1,No,No,No,No,Month-to-month,Yes,Electronic check,75.75,75.75,1
1,No,No,37,No,No,Yes,No,Month-to-month,Yes,Electronic check,101.1,3744.05,1
0,Yes,No,8,No,No,No,No,Month-to-month,Yes,Bank transfer (automatic),85.65,659.45,0
0,Yes,Yes,33,No internet service,No internet service,No internet service,No internet service,Month-to-month,No,Bank transfer (automatic),24.25,838.5,0
0,Yes,Yes,8,No,Yes,No,No,Month-to-month,No,Electronic check,55.75,446.8,0
0,Yes,Yes,7,No internet service,No internet service,No internet service,No internet service,One year,No,Mailed check,20.65,150.0,0
1,Yes,No,1,No,No,No,No,Month-to-month,No,Mailed check,70.85,70.85,1
1,No,No,35,No,No,Yes,No,Month-to-month,Yes,Electronic check,99.05,3395.8,1
1,No,No,49,No,Yes,Yes,No,One year,Yes,Bank transfer (automatic),89.85,4287.2,0
0,Yes,Yes,12,No internet service,No internet service,No internet service,No internet service,Two year,No,Bank transfer (automatic),21.05,262.05,0
0,Yes,No,72,Yes,Yes,Yes,No,Two year,Yes,Credit card (automatic),110.65,8065.65,0
0,Yes,No,42,No,No,Yes,Yes,Month-to-month,Yes,Bank transfer (automatic),106.15,4512.7,1
0,Yes,No,17,Yes,No,No,No,Month-to-month,No,Electronic check,78.9,1348.95,0
0,No,No,4,Yes,No,Yes,No,Month-to-month,No,Electronic check,56.75,245.15,0
0,Yes,No,72,No internet service,No internet service,No internet service,No internet service,Two year,No,Credit card (automatic),24.8,1874.3,0
0,No,No,37,No,Yes,No,No,Month-to-month,Yes,Credit card (automatic),96.1,3646.8,0
0,No,No,69,Yes,No,Yes,Yes,Two year,Yes,Credit card (automatic),82.45,5555.3,0
0,No,No,2,No,No,No,Yes,Month-to-month,No,Bank transfer (automatic),29.85,75.6,1
0,No,No,60,Yes,No,Yes,Yes,One year,No,Electronic check,64.75,4039.5,0
0,Yes,No,44,Yes,Yes,No,Yes,One year,Yes,Bank transfer (automatic),59.85,2603.95,0
0,No,No,31,Yes,No,Yes,Yes,Month-to-month,No,Electronic check,87.6,2724.25,0
0,Yes,No,49,Yes,Yes,No,No,Month-to-month,Yes,Bank transfer (automatic),93.85,4733.1,0
0,No,Yes,47,No internet service,No internet service,No internet service,No internet service,One year,No,Credit card (automatic),20.55,1013.05,0
0,No,No,10,No internet service,No internet service,No internet service,No internet service,Month-to-month,Yes,Mailed check,19.9,199.45,0
1,Yes,No,72,Yes,Yes,Yes,Yes,Two year,Yes,Bank transfer (automatic),93.05,6735.05,0
0,Yes,No,70,No internet service,No internet service,No internet service,No internet service,Two year,No,Bank transfer (automatic),19.8,1397.65,0
0,Yes,Yes,54,No,No,Yes,No,Two year,No,Credit card (automatic),63.35,3409.1,0
0,No,No,10,Yes,No,No,Yes,Month-to-month,No,Bank transfer (automatic),62.25,612.95,0
0,No,No,11,No internet service,No internet service,No internet service,No internet service,One year,No,Credit card (automatic),20.05,237.7,0
0,Yes,Yes,41,Yes,No,No,Yes,One year,Yes,Credit card (automatic),74.7,3187.65,0
1,Yes,No,69,No,No,Yes,No,One year,Yes,Credit card (automatic),29.8,2134.3,0
0,Yes,Yes,20,No internet service,No internet service,No internet service,No internet service,Month-to-month,Yes,Bank transfer (automatic),25.55,507.4,0
1,No,No,1,No,No,No,No,Month-to-month,No,Bank transfer (automatic),45.25,45.25,0
0,Yes,No,31,Yes,Yes,No,Yes,Month-to-month,Yes,Credit card (automatic),90.55,2929.75,0
1,Yes,No,6,No,Yes,No,No,Month-to-month,Yes,Electronic check,84.2,519.15,1
1,Yes,No,25,Yes,No,No,Yes,Month-to-month,Yes,Credit card (automatic),69.5,1752.65,0
0,No,No,56,No internet service,No internet service,No internet service,No internet service,Two year,No,Bank transfer (automatic),19.7,1051.9,0
0,No,No,12,No internet service,No internet service,No internet service,No internet service,One year,No,Credit card (automatic),24.95,280.4,0
0,Yes,Yes,24,Yes,Yes,Yes,No,One year,No,Electronic check,57.6,1367.75,0
0,Yes,No,65,No,Yes,Yes,Yes,One year,Yes,Credit card (automatic),108.05,7118.9,0
0,Yes,No,47,No,Yes,No,No,Month-to-month,Yes,Bank transfer (automatic),58.6,2723.4,0
0,Yes,Yes,70,Yes,Yes,Yes,Yes,Two year,Yes,Credit card (automatic),113.05,7869.05,0
0,Yes,No,69,No,No,Yes,No,One year,No,Bank transfer (automatic),99.5,6841.45,0
0,Yes,Yes,17,Yes,No,Yes,No,Month-to-month,No,Electronic check,94.4,1607.2,1
1,No,No,12,No,No,Yes,Yes,Month-to-month,Yes,Electronic check,43.65,526.95,1
0,Yes,Yes,13,Yes,No,No,No,Month-to-month,No,Electronic check,84.05,1095.3,1
1,Yes,Yes,4,No,No,No,No,Month-to-month,No,Electronic check,46.0,181.6,1
0,Yes,No,1,No,No,Yes,No,Month-to-month,No,Electronic check,76.2,76.2,1
1,No,No,1,No,No,No,No,Month-to-month,Yes,Mailed check,25.8,25.8,1
0,No,No,70,Yes,Yes,Yes,Yes,Two year,Yes,Credit card (automatic),111.95,7795.95,0
0,No,No,1,No internet service,No internet service,No internet service,No internet service,Month-to-month,Yes,Bank transfer (automatic),19.65,19.65,0
0,No,No,1,No internet service,No internet service,No internet service,No internet service,Month-to-month,Yes,Mailed check,20.2,20.2,1
0,Yes,Yes,42,Yes,Yes,No,No,One year,Yes,Credit card (automatic),94.45,3923.8,0
0,Yes,Yes,10,No internet service,No internet service,No internet service,No internet service,Month-to-month,Yes,Bank transfer (automatic),19.8,196.75,0
1,Yes,Yes,55,Yes,No,Yes,Yes,One year,No,Electronic check,76.25,4154.55,0
1,Yes,No,26,No,Yes,Yes,No,Month-to-month,Yes,Electronic check,93.85,2381.55,1
0,No,No,36,Yes,Yes,Yes,Yes,One year,No,Bank transfer (automatic),85.85,3003.55,0
0,Yes,No,22,No,No,No,No,Month-to-month,Yes,Electronic check,69.25,1554.0,1
0,No,No,12,No,Yes,No,No,Month-to-month,Yes,Electronic check,84.6,1017.35,0
0,Yes,Yes,72,Yes,Yes,Yes,Yes,Two year,Yes,Bank transfer (automatic),79.5,5661.7,0
0,No,No,1,No,No,No,No,Month-to-month,Yes,Electronic check,35.45,35.45,1
0,No,No,21,No internet service,No internet service,No internet service,No internet service,Month-to-month,No,Mailed check,20.0,417.7,0
1,No,No,14,No,No,Yes,No,Month-to-month,Yes,Bank transfer (automatic),80.35,1058.1,0
0,No,No,8,Yes,No,No,Yes,Month-to-month,Yes,Bank transfer (automatic),103.35,847.3,1
0,No,No,17,No,No,Yes,Yes,One year,No,Electronic check,86.75,1410.25,0
0,No,No,10,No,Yes,Yes,No,Month-to-month,Yes,Electronic check,95.25,1021.55,0
0,Yes,No,48,No,No,Yes,Yes,One year,Yes,Mailed check,69.55,3435.6,0
0,No,No,29,No,No,Yes,No,Month-to-month,No,Bank transfer (automatic),48.95,1323.7,0
0,No,No,2,No,No,No,No,Month-to-month,Yes,Electronic check,34.7,62.25,1
0,No,No,42,No internet service,No internet service,No internet service,No internet service,One year,Yes,Mailed check,19.55,839.4,0
0,Yes,No,60,No internet service,No internet service,No internet service,No internet service,One year,No,Bank transfer (automatic),24.15,1505.9,0
1,No,No,5,No,No,No,No,Month-to-month,Yes,Mailed check,70.25,331.9,1
1,No,No,28,No,Yes,Yes,Yes,Month-to-month,No,Bank transfer (automatic),64.45,1867.6,0
1,Yes,Yes,8,No,No,No,No,Month-to-month,Yes,Credit card (automatic),80.45,583.45,1
0,Yes,No,24,Yes,No,No,Yes,One year,No,Bank transfer (automatic),74.4,1712.9,0
0,No,No,13,No internet service,No internet service,No internet service,No internet service,One year,Yes,Electronic check,19.95,253.8,0
1,No,No,31,No,No,No,No,Month-to-month,Yes,Electronic check,73.9,2217.15,1
0,No,No,10,No internet service,No internet service,No internet service,No internet service,One year,No,Mailed check,20.35,176.3,0
0,No,Yes,3,Yes,No,No,Yes,Month-to-month,Yes,Mailed check,55.1,154.65,1
0,No,No,60,No,Yes,No,No,Month-to-month,Yes,Electronic check,50.8,3027.4,1
0,No,No,30,No,No,No,Yes,One year,Yes,Credit card (automatic),40.35,1187.05,0
0,Yes,Yes,66,No,No,No,Yes,One year,Yes,Credit card (automatic),49.4,3251.85,0
0,Yes,Yes,65,Yes,Yes,Yes,No,One year,No,Bank transfer (automatic),61.35,3874.1,0
0,No,No,4,Yes,No,No,No,Month-to-month,Yes,Mailed check,29.15,110.05,0
0,Yes,No,72,Yes,Yes,Yes,Yes,Two year,Yes,Bank transfer (automatic),67.8,4804.65,0
0,Yes,No,72,Yes,Yes,Yes,Yes,Two year,Yes,Bank transfer (automatic),97.0,7104.2,0
0,No,Yes,2,No internet service,No internet service,No internet service,No internet service,Month-to-month,No,Mailed check,20.4,42.9,0
0,No,No,15,No,No,No,No,Month-to-month,Yes,Electronic check,93.35,1444.65,1
0,No,No,21,No,Yes,Yes,Yes,One year,Yes,Mailed check,104.55,2239.4,0
1,Yes,No,29,No,No,No,No,Month-to-month,Yes,Electronic check,94.45,2653.65,1
0,No,No,41,No,Yes,Yes,No,Month-to-month,Yes,Electronic check,104.7,4346.4,1
0,No,Yes,10,Yes,Yes,No,Yes,One year,No,Mailed check,40.25,411.45,0
0,Yes,No,2,No,No,No,No,Month-to-month,Yes,Credit card (automatic),44.6,80.55,1
0,No,No,69,No,No,Yes,Yes,Two year,Yes,Bank transfer (automatic),106.5,7348.8,1
1,No,No,3,No,Yes,Yes,No,Month-to-month,Yes,Electronic check,105.0,294.45,1
0,No,No,68,No internet service,No internet service,No internet service,No internet service,Two year,Yes,Bank transfer (automatic),24.15,1498.85,0
0,No,No,4,No internet service,No internet service,No internet service,No internet service,Month-to-month,No,Mailed check,19.4,93.4,0
0,Yes,Yes,50,Yes,No,No,Yes,Two year,Yes,Credit card (automatic),70.5,3486.65,0
1,No,No,33,No,Yes,Yes,Yes,Month-to-month,Yes,Electronic check,110.45,3655.45,1
0,No,No,26,No,Yes,No,No,Month-to-month,Yes,Electronic check,85.75,2146.5,0
0,No,Yes,39,No internet service,No internet service,No internet service,No internet service,Two year,No,Mailed check,25.0,1004.35,0
0,No,No,4,Yes,No,No,No,Month-to-month,Yes,Bank transfer (automatic),50.55,235.65,0
0,Yes,Yes,24,No,Yes,Yes,No,One year,No,Bank transfer (automatic),83.15,2033.05,0
0,Yes,Yes,72,Yes,Yes,Yes,Yes,Two year,No,Bank transfer (automatic),114.55,8306.05,0
0,No,No,29,No internet service,No internet service,No internet service,No internet service,One year,No,Mailed check,20.35,617.35,0
0,No,No,1,No,No,Yes,No,Month-to-month,No,Electronic check,75.55,75.55,0
0,Yes,No,68,No internet service,No internet service,No internet service,No internet service,Two year,No,Bank transfer (automatic),25.25,1728.2,0
0,No,Yes,4,No,Yes,Yes,No,Month-to-month,No,Bank transfer (automatic),84.05,333.55,1
0,Yes,Yes,51,Yes,No,No,Yes,Two year,No,Bank transfer (automatic),34.2,1782.0,0
0,No,Yes,23,No,Yes,No,Yes,Month-to-month,No,Electronic check,54.15,1312.45,0
1,Yes,No,65,No,No,No,No,One year,Yes,Bank transfer (automatic),70.95,4555.2,0
1,No,No,15,No,Yes,No,No,Month-to-month,Yes,Credit card (automatic),75.3,1147.45,1
0,Yes,Yes,36,Yes,Yes,Yes,Yes,Two year,Yes,Credit card (automatic),92.9,3379.25,0
0,Yes,Yes,10,No,Yes,Yes,No,One year,Yes,Mailed check,65.9,660.05,0
1,No,No,1,No,No,No,No,Month-to-month,Yes,Electronic check,74.7,74.7,1
0,No,No,3,No,No,No,No,Month-to-month,No,Electronic check,81.39445612562542,269.10603025616444,1
0,Yes,No,12,No,No,No,No,Month-to-month,Yes,Electronic check,98.20312576756601,1163.4934378179917,1
1,No,No,1,No,No,No,No,Month-to-month,Yes,Electronic check,75.84230042193575,75.84230042193575,1
1,Yes,No,9,No,Yes,Yes,No,Month-to-month,Yes,Electronic check,92.91630200520136,926.3939841590387,1
0,No,No,1,No,No,No,No,Month-to-month,Yes,Electronic check,69.45389389283392,69.45389389283392,1
1,No,No,23,No,Yes,Yes,No,Month-to-month,Yes,Credit card (automatic),103.46988674263079,2480.950315811958,1
0,No,No,1,No,No,No,No,Month-to-month,Yes,Mailed check,81.86061876352534,81.86061876352534,1
0,No,No,15,No,No,Yes,No,Month-to-month,Yes,Electronic check,68.90409737569429,1032.4592530186478,1
0,No,No,3,No,No,No,No,Month-to-month,Yes,Electronic check,52.064973750755335,176.88276272192599,1
0,No,No,3,No,No,No,No,Month-to-month,Yes,Electronic check,75.030552053668,230.4098437095473,1
1,No,No,14,No,Yes,No,No,Month-to-month,Yes,Electronic check,74.99648232062184,1077.9116676776111,1
0,Yes,No,56,No,Yes,Yes,No,Month-to-month,Yes,Electronic check,107.86698783609187,6130.542237467675,1
0,Yes,No,14,No,No,No,No,Month-to-month,Yes,Electronic check,46.433564414166305,668.0600866574075,1
0,No,No,1,No,No,No,No,Month-to-month,No,Electronic check,45.289642304326044,45.289642304326044,1
0,No,No,24,No,No,No,No,Month-to-month,Yes,Electronic check,89.80866563713896,2182.0390998308103,1
0,Yes,No,65,No,Yes,Yes,No,Month-to-month,Yes,Electronic check,105.64556897640024,6982.285739212083,1
0,Yes,Yes,16,No,No,No,No,Month-to-month,Yes,Electronic check,91.05377698117033,1459.9167044818478,1
1,Yes,No,58,Yes,No,No,No,Month-to-month,Yes,Credit card (automatic),55.001504959443324,3241.5207856359034,1
1,No,No,19,No,No,Yes,No,Month-to-month,Yes,Electronic check,90.52379999335953,1778.3995050773174,1
0,Yes,No,42,No,Yes,No,No,Month-to-month,Yes,Electronic check,101.70060360255684,4352.573176306366,1
0,Yes,No,43,No,No,Yes,Yes,One year,Yes,Electronic check,72.46632374235753,3163.0762548182997,1
0,Yes,No,12,No,No,No,No,Month-to-month,Yes,Electronic check,89.55576242350934,1230.930911612141,1
0,No,No,1,No,No,No,No,Month-to-month,Yes,Electronic check,78.95011725484586,78.95011725484586,1
0,No,No,3,No internet service,No internet service,No internet service,No internet service,Month-to-month,No,Mailed check,20.323483378626694,76.56709704804824,1
0,No,No,38,No,Yes,No,Yes,Month-to-month,Yes,Credit card (automatic),69.78935211069683,2496.500879653033,1
0,No,No,36,No,No,No,No,Month-to-month,Yes,Electronic check,61.84725536473428,2081.3270403051083,1
0,Yes,No,36,No,No,No,No,Month-to-month,Yes,Credit card (automatic),80.36524971880702,2835.4171754985455,1
0,No,No,44,No,Yes,No,No,Month-to-month,Yes,Electronic check,103.00438370782308,4728.662283719436,1
0,No,No,1,No,No,No,No,Month-to-month,Yes,Electronic check,74.92164918695067,74.92164918695067,1
0,No,No,1,No,No,Yes,No,Month-to-month,Yes,Electronic check,84.18304548359087,84.18304548359087,1
0,No,No,7,No,No,No,No,Month-to-month,Yes,Electronic check,79.87007821417811,584.9080462762327,1
0,No,No,2,No,No,No,No,Month-to-month,Yes,Electronic check,72.83132265650282,145.46530185813884,1
0,No,No,1,No,No,No,No,Month-to-month,Yes,Mailed check,70.54243979387589,70.54243979387589,1
0,No,No,30,No,No,No,No,Month-to-month,Yes,Electronic check,91.72829698882299,2749.4049436726204,1
0,No,No,3,No,No,No,No,Month-to-month,Yes,Mailed check,42.368851716509646,135.4319471815849,1
0,Yes,No,53,No,Yes,Yes,No,Month-to-month,Yes,Electronic check,76.10829121962215,4086.2296410035287,1
0,No,No,1,No internet service,No internet service,No internet service,No internet service,Month-to-month,Yes,Mailed check,19.68934409465759,19.68934409465759,1
0,Yes,Yes,20,No,No,No,No,Month-to-month,Yes,Electronic check,75.43773723052817,1470.8297501666837,1
0,Yes,No,34,No,No,No,No,Month-to-month,Yes,Electronic check,85.90159083748769,2867.8652804580383,1
0,No,No,14,No,No,No,No,Month-to-month,Yes,Bank transfer (automatic),86.50104527685305,1268.28179446584,1
0,No,No,1,No internet service,No internet service,No internet service,No internet service,Month-to-month,No,Mailed check,19.722775545101957,19.722775545101957,1
0,No,No,12,No,No,No,No,Month-to-month,No,Electronic check,73.9080490187213,872.6623811200709,1
1,Yes,No,41,No,Yes,Yes,Yes,Month-to-month,Yes,Electronic check,110.24792562830646,4527.628522206445,1
0,No,No,19,No,Yes,No,No,Month-to-month,Yes,Electronic check,66.76898453927363,1240.976015519066,1
0,No,No,33,No,No,No,No,Month-to-month,Yes,Electronic check,94.30453914456811,3180.509323280057,1
0,Yes,Yes,60,No,Yes,Yes,No,Month-to-month,Yes,Electronic check,89.1861965116108,5288.040222837742,1
1,No,No,16,No,No,No,No,Month-to-month,Yes,Electronic check,78.22180957591702,1301.289801069494,1
0,Yes,Yes,51,No,Yes,Yes,Yes,Two year,Yes,Electronic check,103.10414539784655,5280.293146975627,1
1,No,No,2,No,No,No,No,Month-to-month,Yes,Electronic check,91.99275209411194,183.06587875252737,1
0,No,No,12,No,No,No,No,Month-to-month,Yes,Electronic check,93.71717630231662,1141.0082159590424,1
0,No,No,7,No,No,No,No,Month-to-month,Yes,Electronic check,86.39316554313154,600.4818463919053,1
0,Yes,Yes,2,No,No,No,No,Month-to-month,No,Electronic check,73.34139161725993,145.11087610111466,1
0,No,Yes,55,Yes,No,No internet service,No,Month-to-month,No,Bank transfer (automatic),19.59137943735255,1071.08705396273,1
0,Yes,No,22,No,No,Yes,No,Month-to-month,Yes,Bank transfer (automatic),94.81114634073552,2179.9029202839997,1
0,No,No,8,No,No,Yes,No,Month-to-month,Yes,Electronic check,94.12389806920193,775.911139762935,1
0,No,No,9,No,No,No,No,Month-to-month,Yes,Electronic check,76.2595178685983,709.236963135714,1
0,No,No,22,No,No,No,No,Month-to-month,Yes,Electronic check,89.49693481154455,1915.7355287163944,1
1,No,No,1,No,No,No,No,Month-to-month,Yes,Electronic check,74.68016601837776,74.68016601837776,1
0,No,No,1,No,No,No,No,Month-to-month,Yes,Electronic check,94.23931133885216,94.23931133885216,1
0,Yes,No,64,No,Yes,No,No,One year,Yes,Credit card (automatic),105.84682252217743,6881.536705511483,1
0,No,No,2,No,No,No,No,Month-to-month,Yes,Electronic check,30.098738179935175,79.74873006664498,1
0,Yes,Yes,29,No,No,No,No,Month-to-month,Yes,Credit card (automatic),89.27998262100925,2706.6819409114314,1
0,No,No,16,No,No,No,No,Month-to-month,Yes,Electronic check,91.98685797429486,1538.5908317840108,1
0,No,No,18,No,No,Yes,No,Month-to-month,Yes,Electronic check,78.74959433569026,1425.071118358148,1
0,No,No,32,No,No,No,No,Month-to-month,Yes,Electronic check,98.98439644922287,3195.424397483149,1
0,No,No,1,No,Yes,No,No,Month-to-month,Yes,Electronic check,74.32331987266365,74.32331987266365,1
0,No,No,48,Yes,No,No,No,Month-to-month,Yes,Credit card (automatic),65.57853819161244,3229.5519762731983,1
0,Yes,No,33,No,No,Yes,No,Month-to-month,Yes,Electronic check,102.54792798155643,3469.0102481138147,1
0,No,No,23,No,Yes,No,No,Month-to-month,Yes,Electronic check,80.6427299486962,1859.8823266398942,1
0,Yes,No,37,No,No,No,No,Month-to-month,No,Bank transfer (automatic),76.95867078580943,2867.5989969219627,1
0,No,No,7,No,No,No,No,Month-to-month,Yes,Electronic check,78.84189406833582,522.4272600592676,1
1,No,No,9,No,No,No,No,Month-to-month,Yes,Electronic check,84.43906045039418,763.0041309110014,1
0,No,No,1,No internet service,No internet service,No internet service,No internet service,Month-to-month,Yes,Mailed check,19.47936669785253,19.47936669785253,1
0,No,No,9,No,No,No,No,Month-to-month,Yes,Electronic check,74.81466258106312,799.6776044936702,1
0,No,No,1,No,No,No,No,Month-to-month,No,Electronic check,76.32439363451462,76.32439363451462,1
1,Yes,No,1,No,No,No,No,Month-to-month,Yes,Electronic check,84.86715436781985,84.86715436781985,1
0,No,No,17,Yes,No,No,No,Month-to-month,Yes,Electronic check,93.47476727301006,1627.8479976044928,1
0,No,No,12,No,No,No,No,Month-to-month,Yes,Electronic check,99.20940062968252,1132.4836760885064,1
0,Yes,Yes,5,No,Yes,No,No,Month-to-month,Yes,Electronic check,83.39207750350101,403.04286610644044,1
0,No,No,13,No,No,No,No,Month-to-month,Yes,Electronic check,90.46547432792403,1129.3393085021598,1
0,No,No,1,No,Yes,No,No,Month-to-month,No,Mailed check,63.3700909913286,63.3700909913286,1
0,No,No,24,No,Yes,No,No,Month-to-month,Yes,Electronic check,76.90651529114486,1866.320307586963,1
0,Yes,No,71,No,Yes,Yes,Yes,Two year,Yes,Bank transfer (automatic),106.43787067162086,7690.438421828772,1
1,No,No,24,No,Yes,Yes,No,Month-to-month,Yes,Electronic check,99.64265572635627,2509.929377094575,1
0,No,No,1,No,Yes,No,No,Month-to-month,Yes,Electronic check,74.50668009607905,74.50668009607905,1
1,Yes,No,10,No,Yes,Yes,No,Month-to-month,Yes,Electronic check,91.67031709469903,928.0156586944595,1
0,No,No,1,No,No,Yes,No,Month-to-month,Yes,Electronic check,87.21291821439766,87.21291821439766,1
0,No,No,9,Yes,No,No,No,Month-to-month,No,Mailed check,71.9082641299097,662.1556352989497,1
1,No,No,39,No,No,Yes,No,Month-to-month,Yes,Electronic check,89.86440396086307,3527.325588153022,1
0,Yes,No,62,No,Yes,Yes,No,One year,Yes,Bank transfer (automatic),94.83094655767147,5948.740740887954,1
0,No,No,1,No,No,No,No,Month-to-month,No,Electronic check,82.70815011725603,82.70815011725603,1
1,No,No,6,No,No,No,No,Month-to-month,Yes,Electronic check,94.58320719013398,556.8786823899873,1
0,No,No,1,No internet service,No internet service,No internet service,No internet service,Month-to-month,Yes,Mailed check,20.141354910152536,20.141354910152536,1
0,No,No,1,No,No,No,No,Month-to-month,Yes,Mailed check,25.112188609333696,25.112188609333696,1
1,Yes,No,61,No,Yes,Yes,Yes,Month-to-month,Yes,Bank transfer (automatic),77.62181392921512,4658.596112957809,1
0,No,No,5,No,No,No,No,Month-to-month,Yes,Electronic check,92.69441073017508,454.6941239225335,1
0,Yes,Yes,26,No,No,No,No,Month-to-month,Yes,Credit card (automatic),102.26638372424397,2707.9185172321113,1
0,No,No,10,No,No,No,No,Month-to-month,Yes,Electronic check,78.28063731124853,841.7724347614802,1
0,No,No,15,No internet service,No internet service,No internet service,No internet service,Month-to-month,Yes,Mailed check,23.87249287404277,397.0541547900713,1
0,No,No,9,No,No,No,No,Month-to-month,Yes,Electronic check,44.3282523077137,405.0012484618138,1
0,No,No,11,No,No,No,No,Month-to-month,Yes,Electronic check,61.13450672890632,710.0889701507177,1
0,No,No,2,No,No,No,No,Month-to-month,Yes,Electronic check,65.42159576427969,154.62374886519456,1
0,No,No,41,No,No,No,No,Month-to-month,Yes,Electronic check,85.0911701846728,3542.7939982094963,1
0,Yes,Yes,17,No,No,No,No,Month-to-month,Yes,Electronic check,79.52656582768093,1446.5227707094407,1
0,No,No,46,No,No,Yes,No,Month-to-month,Yes,Mailed check,86.07602980089936,4040.0625854335244,1
0,No,No,14,No,No,No,No,Month-to-month,Yes,Electronic check,87.31931708270452,1302.1875179087613,1
0,No,No,69,No,Yes,Yes,Yes,Two year,Yes,Electronic check,108.18293733572591,7320.563812413945,1
0,No,No,3,No,No,No,No,Month-to-month,No,Electronic check,81.33968716513922,247.52107179730996,1
0,No,No,1,No,No,No,No,Month-to-month,No,Mailed check,45.35129927831872,45.35129927831872,1
0,Yes,No,8,Yes,No,No,No,Month-to-month,Yes,Electronic check,80.986037610456,654.2771390241875,1
0,No,No,6,No,No,No,No,Month-to-month,Yes,Electronic check,82.69574761259503,528.4538680635602,1
0,Yes,No,31,No,No,No,No,Month-to-month,Yes,Electronic check,97.57416400533927,2906.9982701133936,1
0,No,No,3,No,No,Yes,No,Month-to-month,Yes,Electronic check,95.44886610036605,303.7212786293974,1
0,No,No,10,No,No,No,No,Month-to-month,Yes,Electronic check,50.605700819746964,521.1476753030272,1
0,No,No,21,No,No,No,No,Month-to-month,Yes,Electronic check,99.42733536209337,2104.530965773151,1
0,No,No,1,No,Yes,No,No,Month-to-month,Yes,Electronic check,74.93897153019329,74.93897153019329,1
1,No,No,25,No,Yes,No,No,Month-to-month,Yes,Electronic check,105.44556310403017,2656.04268655081,1
0,Yes,Yes,28,No,No,No,No,Month-to-month,Yes,Credit card (automatic),93.70518383101418,2663.199121310876,1
0,Yes,No,1,No,No,No,No,Month-to-month,Yes,Electronic check,79.19827113805192,79.19827113805192,1
1,No,No,36,No,No,Yes,No,Month-to-month,Yes,Electronic check,101.78156472051276,3533.7314990823015,1
0,No,No,10,No,No,Yes,No,Month-to-month,Yes,Electronic check,99.74142193323175,1057.6632920754575,1
0,No,No,1,No,No,No,No,Month-to-month,Yes,Electronic check,69.95496120710963,69.95496120710963,1
0,No,No,9,No,No,No,No,Month-to-month,Yes,Electronic check,45.32017644333116,420.9641053141331,1
0,No,No,38,No,No,Yes,No,Month-to-month,Yes,Electronic check,97.17545771313554,3766.7196623910427,1
0,No,No,2,No,No,No,No,Month-to-month,Yes,Electronic check,85.95013248489371,166.0650326863108,1
0,No,No,51,No,Yes,No,No,Month-to-month,Yes,Electronic check,85.24642376601601,4350.1260205987455,1
0,No,No,14,No,No,No,No,Month-to-month,Yes,Electronic check,83.16343175067568,1139.010037942846,1
0,No,No,15,No,No,No,No,Month-to-month,Yes,Electronic check,35.42795459331467,464.4582322432685,1
0,No,No,3,No,No,No,No,Month-to-month,Yes,Electronic check,38.859752871854944,131.9919946530359,1
0,Yes,No,3,No,No,No,No,Month-to-month,Yes,Bank transfer (automatic),80.36406038291568,254.3794223512071,1
0,Yes,No,50,No,No,Yes,No,Month-to-month,Yes,Bank transfer (automatic),101.85024046157578,5010.6245590477065,1
1,No,No,14,No,No,No,No,Month-to-month,Yes,Electronic check,75.48588206454863,1143.1617459345498,1
0,No,No,2,No,No,Yes,No,Month-to-month,No,Electronic check,78.44819111085783,162.20880870059005,1
0,No,No,3,No,No,No,No,Month-to-month,Yes,Electronic check,96.10535208399698,315.4866433832643,1
0,No,No,2,No,No,No,No,Month-to-month,Yes,Electronic check,80.57348965953211,180.9510769079081,1
0,No,No,11,No,No,No,No,Month-to-month,Yes,Electronic check,86.41283386502673,1003.5376010062057,1
0,No,No,1,No internet service,No internet service,No internet service,No internet service,Month-to-month,No,Mailed check,19.778581192782244,19.778581192782244,1
0,Yes,No,43,No,No,Yes,No,Month-to-month,Yes,Electronic check,96.06265027890258,4271.223587510786,1
0,Yes,No,33,No,No,Yes,No,Month-to-month,Yes,Electronic check,73.06499045398249,2407.717391605334,1
0,No,No,22,No,Yes,No,No,Month-to-month,Yes,Electronic check,83.90909400409448,1851.8386665399214,1
0,No,Yes,1,No,No,No,No,Month-to-month,Yes,Electronic check,79.62972381675931,79.62972381675931,1
0,No,No,59,No,Yes,Yes,Yes,One year,Yes,Electronic check,108.06158246426556,6444.7034996114135,1
1,Yes,No,49,No,Yes,Yes,No,Month-to-month,Yes,Electronic check,98.99137049703145,4853.923445612949,1
0,No,No,4,No,No,Yes,No,Month-to-month,Yes,Electronic check,75.24592646585175,302.35375318722845,1
0,No,No,69,No,Yes,Yes,Yes,Two year,Yes,Bank transfer (automatic),104.50184396013094,7233.047229323918,1
0,No,No,1,No,No,No,No,Month-to-month,Yes,Electronic check,44.72669409056165,44.72669409056165,1
1,Yes,No,54,No,No,Yes,No,Month-to-month,Yes,Electronic check,73.75737805076004,3517.605097882091,1
0,No,No,37,No,No,Yes,No,Month-to-month,Yes,Electronic check,80.2012569757165,3002.0330865913083,1
0,No,No,1,No,No,No,No,Month-to-month,Yes,Electronic check,69.91151276973513,69.91151276973513,1
1,No,No,14,No,No,No,No,Month-to-month,Yes,Mailed check,89.6657795033286,1129.2451505045435,1
0,Yes,No,9,No,Yes,Yes,No,Month-to-month,Yes,Electronic check,93.0075419463333,891.408884023561,1
0,No,No,15,No,No,No,No,Month-to-month,Yes,Electronic check,52.531919304727325,809.1016431989971,1
0,Yes,No,25,No,No,No,No,Month-to-month,Yes,Electronic check,69.84542716514414,1738.9737099115455,1
0,Yes,No,21,No,No,No,No,Month-to-month,Yes,Electronic check,86.71285727456316,1909.7428517017618,1
0,No,No,20,No,Yes,No,No,Month-to-month,Yes,Electronic check,63.78410363146861,1248.8603778022762,1
1,Yes,No,14,No,No,No,No,Month-to-month,Yes,Electronic check,99.02062237051355,1370.224893624091,1
0,Yes,No,15,No,No,No,No,Month-to-month,Yes,Electronic check,86.26913704378504,1376.5882299578293,1
0,No,No,1,No,No,No,No,Month-to-month,Yes,Electronic check,69.8447095437332,69.8447095437332,1
0,No,No,3,No,No,No,No,Month-to-month,Yes,Electronic check,50.53201721584058,186.65444106544524,1
0,No,No,42,No,Yes,No,No,Month-to-month,Yes,Electronic check,37.81249081426861,1626.7610756063993,1
0,No,No,2,No,No,Yes,No,Month-to-month,No,Electronic check,77.35195688935335,152.70662560890796,1
0,No,No,5,No,No,No,No,Month-to-month,Yes,Electronic check,80.21299778349916,413.5827387327874,1
0,No,No,1,No,No,Yes,No,Month-to-month,Yes,Electronic check,94.13618939756485,94.13618939756485,1
0,No,No,6,No,No,No,No,Month-to-month,Yes,Electronic check,60.929417643611416,414.99663258545684,1
0,No,No,1,No,No,No,No,Month-to-month,Yes,Electronic check,35.47028376907767,35.47028376907767,1
0,No,No,1,No,No,No,No,Month-to-month,Yes,Mailed check,70.27976826991546,70.27976826991546,1
0,No,No,8,No,No,No,No,Month-to-month,Yes,Electronic check,92.02647763823298,774.4136557884061,1
0,No,No,18,No,Yes,No,No,Month-to-month,Yes,Electronic check,84.39122816467638,1570.0200953168362,1
0,No,No,1,No,No,No,No,Month-to-month,Yes,Mailed check,45.3,45.3,1
0,No,No,11,No,No,No,No,Month-to-month,Yes,Electronic check,70.62070691308278,756.4853484386963,1
0,No,No,7,No internet service,No internet service,No internet service,No internet service,Month-to-month,No,Mailed check,20.026647889327567,152.1230996835239,1
0,No,No,11,No,No,Yes,No,Month-to-month,Yes,Electronic check,95.78383564213456,1071.7808741191175,1
0,No,Yes,10,No internet service,No internet service,No internet service,No internet service,Month-to-month,No,Credit card (automatic),21.164512434878286,227.43941489538207,1
0,No,No,1,No,No,No,No,Month-to-month,Yes,Electronic check,69.53305130448018,69.53305130448018,1
1,No,No,3,No,No,No,No,Month-to-month,Yes,Electronic check,76.11329489881139,231.73641206924967,1
1,No,No,37,No,No,Yes,No,Month-to-month,Yes,Electronic check,99.53309195949247,3743.6339624816796,1
0,Yes,No,12,No,No,No,No,Month-to-month,Yes,Electronic check,96.31532994957799,1154.622694593792,1
0,No,No,49,No,Yes,Yes,Yes,Month-to-month,Yes,Electronic check,101.43498341825833,5070.027089285665,1
0,Yes,No,8,No,No,No,No,Month-to-month,Yes,Electronic check,80.82216448982697,584.6130140307093,1
0,No,No,1,No,No,No,No,Month-to-month,No,Mailed check,84.88583639246806,84.88583639246806,1
0,No,No,7,No,No,No,No,Month-to-month,Yes,Electronic check,76.90552466088639,610.4286573141976,1
0,No,No,2,No,No,No,No,Month-to-month,Yes,Electronic check,70.66186275605484,140.44575170703226,1
1,No,No,5,No,No,No,No,Month-to-month,Yes,Electronic check,77.57298325667364,437.36063472785247,1
0,No,No,42,No,Yes,Yes,No,Month-to-month,Yes,Electronic check,102.87455404356835,4437.482594148298,1
0,No,No,54,No,No,Yes,No,Two year,Yes,Electronic check,105.73457507442937,5518.787814390691,1
0,No,No,2,No,No,Yes,No,Month-to-month,Yes,Electronic check,91.9384579033465,187.81397922147164,1
0,Yes,No,66,No,No,Yes,No,One year,Yes,Electronic check,85.02537162009878,5681.280375979016,1
0,No,No,33,No,No,No,No,Month-to-month,Yes,Electronic check,91.64067532475023,3048.3485162549673,1
0,Yes,No,53,Yes,Yes,Yes,Yes,One year,Yes,Credit card (automatic),102.58507318641615,5365.467912194422,1
0,No,No,11,No,No,Yes,No,Month-to-month,Yes,Bank transfer (automatic),102.62495675062017,1133.337185628185,1
1,Yes,No,49,No,Yes,Yes,No,Month-to-month,Yes,Electronic check,98.63113965560902,4873.704506806786,1
0,No,No,8,No,No,No,No,Month-to-month,Yes,Electronic check,72.06255295287863,565.9842059841778,1
1,No,No,27,No,Yes,No,No,Month-to-month,Yes,Electronic check,90.88576501968903,2628.073288555037,1
1,Yes,No,12,No,Yes,No,No,Month-to-month,Yes,Electronic check,100.56394902578423,1223.0785921798101,1
0,No,Yes,27,No,No,No,No,Month-to-month,Yes,Electronic check,92.4136598504202,2714.1179572100054,1
1,No,No,32,No,No,Yes,No,Month-to-month,Yes,Electronic check,105.42026231868445,3521.7940496913134,1
0,Yes,No,11,No,No,No,No,Month-to-month,Yes,Electronic check,73.79321986258934,871.3782021562592,1
1,No,No,8,No,No,No,No,Month-to-month,Yes,Electronic check,85.12748306132482,789.4455593404695,1
0,No,No,1,No,No,No,No,Month-to-month,No,Mailed check,70.31792712147696,70.31792712147696,1
0,No,No,1,No internet service,No internet service,No internet service,No internet service,Month-to-month,No,Mailed check,20.5,20.5,1
0,No,No,2,No,No,No,No,Month-to-month,Yes,Mailed check,65.75778134088922,152.02934116818085,1
0,No,No,6,No,No,Yes,No,Month-to-month,Yes,Electronic check,99.27245423840498,555.1030033775454,1
0,No,No,5,No,No,No,No,Month-to-month,Yes,Electronic check,79.91533178948978,414.4607375065524,1
0,No,No,28,No,No,Yes,No,Month-to-month,Yes,Electronic check,84.12497652239315,2385.0310264862114,1
0,No,No,50,No,No,No,Yes,Month-to-month,No,Bank transfer (automatic),21.796165172354833,1015.6378244145999,1
1,No,No,18,No,No,No,No,Month-to-month,Yes,Electronic check,99.16296713949748,1777.1152357512601,1
0,No,No,16,Yes,No,Yes,No,Month-to-month,No,Electronic check,95.34817781863383,1602.916851922723,1
0,Yes,No,34,No,No,Yes,No,Month-to-month,Yes,Electronic check,102.27284901894059,3469.490232834298,1
1,Yes,No,64,No,Yes,Yes,Yes,Month-to-month,Yes,Bank transfer (automatic),73.48237886398196,4654.797401969749,1
0,No,No,21,No,No,No,No,Month-to-month,Yes,Electronic check,92.96170448723235,1979.8277235367038,1
0,No,No,24,No,No,No,No,Month-to-month,Yes,Electronic check,98.94733442743313,2397.2359442009106,1
0,No,No,12,No,No,No,No,Month-to-month,Yes,Electronic check,91.9264381344511,1136.251512194187,1
0,No,No,14,No internet service,No internet service,No internet service,No internet service,Month-to-month,No,Bank transfer (automatic),19.912357253236163,283.2734703013708,1
0,No,No,5,No,No,No,No,Month-to-month,No,Electronic check,47.3517349663006,224.03889469526203,1
0,No,No,1,No,No,Yes,No,Month-to-month,Yes,Electronic check,94.04311719582545,94.04311719582545,1
0,No,No,3,No,Yes,No,No,Month-to-month,Yes,Electronic check,38.61477004819288,135.48218659240032,1
0,No,No,8,Yes,No,No,No,Month-to-month,Yes,Bank transfer (automatic),95.94629470656461,841.2460318646172,1
1,No,No,30,No,No,No,No,Month-to-month,Yes,Electronic check,100.64966527802312,3169.5814414984006,1
0,No,Yes,16,No internet service,No internet service,No internet service,No internet service,Month-to-month,Yes,Electronic check,24.619227366631197,405.78612163361436,1
0,No,No,58,Yes,Yes,Yes,No,One year,Yes,Electronic check,105.06167248645798,6212.7710799305205,1
0,No,No,4,No,No,No,No,Month-to-month,No,Mailed check,53.60274056830471,194.95741588616127,1
0,No,No,3,No,Yes,No,No,Month-to-month,Yes,Electronic check,86.47292373183498,306.46938244337576,1
0,Yes,No,8,No,Yes,No,No,Month-to-month,No,Electronic check,89.54175122656724,853.0200117511978,1
0,Yes,No,6,No,No,No,No,Month-to-month,Yes,Electronic check,82.12137436617643,471.36391399433325,1
0,No,No,21,No,Yes,No,No,Month-to-month,Yes,Electronic check,108.76042698201917,2327.9321212208633,1
0,No,No,5,No,No,No,No,Month-to-month,Yes,Bank transfer (automatic),75.49051176639911,357.0316604715645,1
0,Yes,No,36,No,No,Yes,No,Month-to-month,Yes,Electronic check,93.80330365631733,3472.655255053533,1
0,Yes,No,10,No,No,No,No,Month-to-month,Yes,Electronic check,65.7644305766658,661.119529846646,1
1,No,No,3,No,No,No,No,Month-to-month,Yes,Electronic check,32.41281141138119,98.75086055925568,1
0,No,No,14,No,No,No,No,Month-to-month,Yes,Electronic check,78.63819252826167,1127.2183038519333,1
1,No,No,32,No,No,Yes,No,Month-to-month,Yes,Electronic check,105.54514580965544,3521.653811672764,1
0,Yes,No,30,No,No,No,No,Month-to-month,Yes,Electronic check,48.95687319351099,1337.3445904104883,1
0,No,No,9,Yes,No,No,No,Month-to-month,Yes,Bank transfer (automatic),88.61593236287331,835.2520358463173,1
0,No,No,20,No,No,No,No,Month-to-month,Yes,Credit card (automatic),85.30832226785293,1757.0282353639059,1
0,Yes,No,40,No,Yes,No,No,Month-to-month,Yes,Electronic check,103.9017959581311,4133.799005617721,1
0,No,No,22,No,Yes,No,Yes,Month-to-month,Yes,Electronic check,71.45433905905406,1625.4789911384134,1
0,No,No,1,No,No,No,No,Month-to-month,No,Electronic check,78.97531174604856,78.97531174604856,1
1,No,No,35,No,Yes,Yes,No,Month-to-month,Yes,Credit card (automatic),68.00816818988396,2506.346524134091,1
0,No,No,1,No,No,No,No,Month-to-month,Yes,Electronic check,79.41347506836556,79.41347506836556,1
0,Yes,No,10,No,No,No,No,Month-to-month,Yes,Electronic check,69.34269673670035,659.8987759512288,1
0,No,No,46,No,Yes,No,No,Month-to-month,Yes,Electronic check,91.79166492814397,4358.553018594986,1
0,No,No,1,No,No,Yes,No,Month-to-month,Yes,Electronic check,84.97337208454515,84.97337208454515,1
1,No,No,5,No,No,No,No,Month-to-month,Yes,Electronic check,89.71203947638696,474.73144733058257,1
0,Yes,Yes,1,No internet service,No internet service,No internet service,No internet service,Month-to-month,No,Mailed check,20.50689927588637,20.50689927588637,1
0,Yes,Yes,53,No,No,Yes,No,Month-to-month,Yes,Bank transfer (automatic),93.97338066901229,5026.959958524888,1
0,No,No,3,No,No,No,No,Month-to-month,Yes,Electronic check,39.196413608851145,104.78920698524695,1
0,No,No,2,No internet service,No internet service,No internet service,No internet service,Month-to-month,No,Mailed check,20.015314997088332,32.550317347289116,1
0,Yes,Yes,63,No,Yes,Yes,No,Two year,Yes,Electronic check,84.04341647835001,5289.681297886389,1
1,No,No,44,No,Yes,No,No,Month-to-month,Yes,Credit card (automatic),98.61132389519642,4526.120484756951,1
0,No,No,13,No,No,No,No,Month-to-month,Yes,Mailed check,92.63537336415838,1122.160796766665,1
0,No,No,1,No internet service,No internet service,No internet service,No internet service,Month-to-month,No,Mailed check,20.740534788891075,20.740534788891075,1
0,Yes,No,28,No,No,No,No,Month-to-month,Yes,Bank transfer (automatic),99.33063906355446,2866.8338343813266,1
1,No,No,13,No,Yes,No,No,Month-to-month,Yes,Electronic check,80.54808517895603,1095.60681476099,1
0,No,No,14,No,No,No,No,Month-to-month,Yes,Electronic check,69.21729410956934,912.6058762730667,1
0,No,No,1,No,No,No,No,Month-to-month,Yes,Mailed check,74.51611130241416,74.51611130241416,1
0,No,No,13,No,No,No,No,Month-to-month,Yes,Electronic check,91.17193783492145,1129.593356955415,1
0,Yes,Yes,17,No,No,No,No,Month-to-month,Yes,Electronic check,87.5934489862873,1461.0299143506315,1
0,No,No,3,No,No,No,No,Month-to-month,Yes,Electronic check,75.54869968346772,229.0319589662793,1
0,No,No,4,No,No,No,Yes,Month-to-month,Yes,Electronic check,73.70960765529504,299.99222052214,1
1,No,No,1,No,No,No,No,Month-to-month,Yes,Electronic check,69.73649957566603,69.73649957566603,1
0,No,No,6,No,No,No,No,Month-to-month,Yes,Electronic check,89.01307526360947,532.2060730100033,1
0,No,No,1,No internet service,No internet service,No internet service,No internet service,Month-to-month,Yes,Mailed check,19.353070931420124,19.353070931420124,1
1,Yes,No,43,No,Yes,Yes,Yes,Month-to-month,Yes,Electronic check,106.76526130313417,4535.156714281297,1
0,Yes,No,5,No,No,Yes,No,Month-to-month,Yes,Mailed check,69.21269297692784,349.62902925493796,1
0,No,No,9,Yes,No,No,No,Month-to-month,Yes,Bank transfer (automatic),91.39858923102766,837.5273987009743,1
0,Yes,No,9,No,No,No,No,Month-to-month,Yes,Electronic check,87.25490691102688,855.8830644520909,1
0,No,No,47,No,Yes,No,No,Month-to-month,Yes,Electronic check,93.07236451557407,4318.133831973503,1
0,No,No,33,No,No,Yes,No,Month-to-month,Yes,Electronic check,95.35215528901725,3063.7215685207057,1
0,No,No,9,No,No,No,No,Month-to-month,Yes,Electronic check,43.452555196682816,433.29557528224257,1
0,No,No,1,No,No,No,No,Month-to-month,Yes,Mailed check,71.46411052204506,71.46411052204506,1
0,No,No,13,No,No,No,No,Month-to-month,Yes,Electronic check,80.43633120321219,1022.1352515975909,1
0,No,No,1,No,No,No,No,Month-to-month,Yes,Electronic check,79.5810299364346,79.5810299364346,1
1,No,No,13,No,No,No,No,Month-to-month,Yes,Electronic check,82.15122586831424,1126.5020344539344,1
1,No,No,1,No,No,No,No,Month-to-month,Yes,Electronic check,69.18095196593336,69.18095196593336,1
1,No,No,1,No,No,No,No,Month-to-month,No,Electronic check,24.402002504896732,40.890842687460314,1
0,No,No,2,No,No,No,No,Month-to-month,Yes,Electronic check,83.29610027735114,183.73510568657568,1
0,Yes,No,70,No,Yes,Yes,No,One year,Yes,Credit card (automatic),93.8583144249449,6585.638066969101,1
0,No,No,19,No,No,No,No,Month-to-month,Yes,Electronic check,100.11890461392818,2008.1794960303191,1
1,Yes,No,52,No,Yes,Yes,No,Month-to-month,Yes,Electronic check,94.32823715277796,4863.632731660344,1
0,No,No,1,No internet service,No internet service,No internet service,No internet service,Month-to-month,No,Mailed check,19.506069246971123,19.506069246971123,1
1,No,No,59,No,No,Yes,Yes,One year,Yes,Electronic check,107.11724852432405,6437.617334923675,1
1,No,No,9,No,No,No,No,Month-to-month,Yes,Electronic check,38.762041602628,328.9865812213643,1
0,Yes,No,49,No,Yes,No,No,Month-to-month,Yes,Electronic check,87.79406389967042,4353.4061072708255,1
0,Yes,Yes,23,No,No,No,No,Month-to-month,Yes,Electronic check,98.29581963665493,2329.5589442422647,1
0,No,No,3,No,No,No,No,Month-to-month,Yes,Electronic check,72.57836046565853,269.502857998848,1
0,No,No,1,No,No,No,No,Month-to-month,Yes,Electronic check,80.51234413392393,80.51234413392393,1
0,Yes,No,53,No,Yes,Yes,No,One year,Yes,Credit card (automatic),109.54782796598008,5910.673776868161,1
0,Yes,No,39,No,No,Yes,No,Month-to-month,Yes,Electronic check,103.39903371365142,4274.988095674891,1
1,Yes,No,4,No,No,No,No,Month-to-month,Yes,Electronic check,74.78156050856737,308.05686739634814,1
0,No,No,13,No,No,No,No,Month-to-month,Yes,Electronic check,83.33403119231305,1124.9451646297787,1
0,No,No,36,No,No,No,No,Month-to-month,Yes,Electronic check,52.98992622162452,2010.952014755675,1
1,No,No,16,No,No,No,No,Month-to-month,Yes,Electronic check,94.24169643748994,1499.9464961948163,1
1,No,No,2,No,No,No,No,Month-to-month,Yes,Electronic check,79.73984697952453,202.38350831449995,1
0,Yes,No,66,No,Yes,No,No,Month-to-month,Yes,Credit card (automatic),100.50358313903813,6873.952463704147,1
0,Yes,No,52,No,No,Yes,Yes,One year,Yes,Electronic check,62.31057645960552,3163.444865800716,1
0,No,No,1,No,No,No,No,Month-to-month,Yes,Electronic check,79.19161324645377,79.19161324645377,1
0,No,No,46,No,No,Yes,No,Month-to-month,No,Electronic check,66.58605857895056,2861.758083277195,1
0,No,No,6,No,No,No,No,Month-to-month,Yes,Electronic check,85.3243543757223,581.0993964088694,1
1,No,No,11,No,No,No,No,Month-to-month,Yes,Electronic check,95.78470257517073,1122.179836938321,1
1,No,No,3,No,No,No,No,Month-to-month,No,Electronic check,79.23880847296142,303.47884185900347,1
0,No,No,1,No,No,No,No,Month-to-month,Yes,Electronic check,69.57693048936413,69.57693048936413,1
0,No,No,7,No,No,No,No,Month-to-month,Yes,Electronic check,69.11031264428647,507.07705179407975,1
0,No,No,24,No,No,No,No,Month-to-month,Yes,Electronic check,87.24169477051214,2086.365499110648,1
0,Yes,No,58,No,Yes,Yes,No,One year,Yes,Credit card (automatic),101.90672075817662,5941.9665699724965,1
0,Yes,No,10,No,No,No,No,Month-to-month,Yes,Electronic check,85.56727304914075,851.3488814143981,1
1,No,No,24,No,No,No,No,Month-to-month,Yes,Electronic check,91.05579319604767,2261.4908398938614,1
0,Yes,No,68,Yes,Yes,Yes,No,Two year,Yes,Electronic check,89.86610143809274,6139.422506749549,1
0,No,No,12,No,No,No,No,Month-to-month,Yes,Electronic check,77.2990991481783,909.9012711022127,1
1,No,No,8,No,No,No,No,Month-to-month,Yes,Electronic check,91.63355529816909,803.7421786550117,1
0,No,No,16,No,Yes,No,No,Month-to-month,Yes,Credit card (automatic),88.58919251193106,1434.844559967568,1
1,No,No,1,No,No,No,No,Month-to-month,Yes,Electronic check,55.96726669008572,55.96726669008572,1
0,Yes,No,36,No,No,Yes,No,Month-to-month,Yes,Electronic check,98.5228762102412,3607.0855885467363,1
0,No,No,7,No,No,No,No,Month-to-month,Yes,Electronic check,80.27587375491005,526.6143518299307,1
0,No,No,5,No,No,Yes,No,Month-to-month,Yes,Electronic check,92.26281733870184,493.413313563309,1
0,Yes,Yes,4,No,Yes,No,No,Month-to-month,Yes,Electronic check,85.85500511415444,382.22569484504834,1
0,No,No,37,No,No,Yes,No,Month-to-month,Yes,Electronic check,82.54412860206126,3062.8211520755704,1
0,No,No,47,No,Yes,Yes,No,Month-to-month,Yes,Credit card (automatic),109.1714101145626,5119.968513705215,1
0,No,No,2,No,No,No,No,Month-to-month,Yes,Electronic check,80.43081620441052,144.3691837955895,1
0,Yes,Yes,16,No,No,No,No,Month-to-month,Yes,Electronic check,94.1569053492795,1459.1051170624962,1
1,No,No,1,No,No,No,No,Month-to-month,Yes,Electronic check,69.60778214586301,69.60778214586301,1
0,No,No,1,No,No,No,No,Month-to-month,No,Electronic check,48.64103987052963,48.64103987052963,1
0,Yes,No,62,No,No,Yes,No,One year,Yes,Electronic check,92.82055317786933,5755.936038358482,1
0,No,No,5,No,No,No,No,Month-to-month,Yes,Electronic check,49.36446955483557,304.0518843916211,1
0,Yes,No,66,No,Yes,Yes,Yes,Month-to-month,Yes,Electronic check,105.41688194256437,7000.668217649959,1
1,No,No,4,No,No,No,No,Month-to-month,Yes,Electronic check,24.64698219195915,90.77602246953398,1
0,Yes,No,1,No,No,No,No,Month-to-month,Yes,Mailed check,69.25719456118937,69.25719456118937,1
0,No,No,1,No,No,No,No,Month-to-month,Yes,Electronic check,75.52411171485424,75.52411171485424,1
0,No,No,17,No,No,Yes,No,Month-to-month,Yes,Electronic check,59.023658041414365,1045.2573997225043,1
0,No,No,3,No,No,No,No,Month-to-month,No,Electronic check,25.002695722623294,71.91202509878465,1
0,No,No,10,No,No,No,No,Month-to-month,Yes,Electronic check,71.86694502921684,713.8490231613719,1
1,No,No,15,No,No,No,No,Month-to-month,Yes,Electronic check,99.8104120328358,1503.2784055259226,1
0,Yes,No,25,No,Yes,No,No,Month-to-month,Yes,Electronic check,85.58871398299382,2170.4936774697094,1
0,No,No,13,No,No,No,No,Month-to-month,Yes,Electronic check,88.69189760852753,1126.1379570689485,1
0,No,No,38,No,No,No,No,Month-to-month,Yes,Electronic check,92.79665794059865,3568.014901410615,1
1,No,No,7,No,No,No,No,Month-to-month,Yes,Electronic check,96.96102338087258,727.996914155114,1
0,No,No,5,No internet service,No internet service,No internet service,No internet service,Month-to-month,No,Bank transfer (automatic),19.634442030636006,131.10431608283977,1
0,Yes,Yes,20,No,No,No,No,Month-to-month,Yes,Electronic check,70.1441495503888,1466.1803335681504,1
0,No,No,40,Yes,No,No,No,Month-to-month,Yes,Credit card (automatic),78.39640147610092,3233.1418785284454,1
0,No,No,10,No,No,No,No,Month-to-month,Yes,Bank transfer (automatic),85.68302836740979,834.2479414435049,1
0,No,No,2,No,No,No,No,Month-to-month,Yes,Electronic check,79.27165082567976,146.1335023066849,1
0,Yes,No,31,No,No,No,No,Month-to-month,Yes,Credit card (automatic),91.1927316208581,2855.0593761209466,1
0,Yes,No,53,No,Yes,Yes,No,Month-to-month,Yes,Credit card (automatic),99.82092489497172,5257.134015981786,1
0,No,No,45,No,Yes,Yes,No,Month-to-month,Yes,Electronic check,87.90335108104371,4000.6693113047745,1
1,No,No,27,No,Yes,No,No,Month-to-month,Yes,Electronic check,91.297737031921,2629.1841702845186,1
0,No,No,7,No,No,No,No,Month-to-month,Yes,Electronic check,77.03801628370292,521.8781755623933,1
0,No,No,36,No,No,No,No,Month-to-month,Yes,Electronic check,83.31878807851471,3018.267706264384,1
1,No,No,7,No,No,No,No,Month-to-month,Yes,Electronic check,70.05001096957947,466.45357393277664,1
1,No,No,5,No,No,No,No,Month-to-month,Yes,Electronic check,69.62791037366576,324.95333250593427,1
0,Yes,No,66,No,Yes,Yes,No,Month-to-month,Yes,Electronic check,105.96501690008171,6976.166030904984,1
0,No,No,28,No,No,No,No,Month-to-month,Yes,Electronic check,94.61061506530822,2651.841303870605,1
0,No,No,7,No,No,No,No,Month-to-month,No,Mailed check,77.54405385259162,535.4068387134938,1
0,Yes,No,16,No,Yes,Yes,No,Month-to-month,Yes,Electronic check,89.68982916559374,1437.8925560769203,1
0,No,No,10,No,No,No,No,Month-to-month,Yes,Electronic check,44.21865555587388,435.5187677667168,1
1,No,No,9,No,No,No,No,Month-to-month,Yes,Electronic check,37.61260575117334,328.84185021868245,1
1,No,No,23,No,Yes,No,No,Month-to-month,Yes,Electronic check,55.82369201043017,1239.086925891057,1
0,Yes,No,32,No,No,Yes,No,Month-to-month,Yes,Electronic check,103.4547090632266,3348.0539097040646,1
0,No,No,1,No,No,No,No,Month-to-month,Yes,Electronic check,89.8429946177878,89.8429946177878,1
0,Yes,No,3,No,No,No,No,Month-to-month,Yes,Electronic check,70.3587261048892,208.9456569543556,1
0,Yes,No,8,Yes,No,No,No,Month-to-month,Yes,Electronic check,74.28262395127538,639.3585593686065,1
0,No,No,2,No,No,No,No,Month-to-month,Yes,Electronic check,84.01548915879114,167.20366389757223,1
0,Yes,No,47,No,Yes,Yes,Yes,Month-to-month,Yes,Credit card (automatic),107.3823374295749,5120.4698591900205,1
0,No,No,15,No,No,No,No,Month-to-month,Yes,Electronic check,56.178539345994096,807.4232818267715,1
1,No,No,1,No,No,No,No,Month-to-month,No,Electronic check,24.61227742230939,35.992470901757024,1
0,No,No,38,No,No,No,No,Month-to-month,Yes,Electronic check,51.707722492479974,2011.208455501504,1
1,No,No,1,No,No,No,No,Month-to-month,Yes,Electronic check,25.49682236664225,25.49682236664225,1
0,No,No,1,No,No,No,No,Month-to-month,Yes,Electronic check,80.59628487534579,80.59628487534579,1
1,No,No,1,No,No,No,No,Month-to-month,Yes,Electronic check,86.80090294253678,86.80090294253678,1
0,No,No,8,Yes,No,No,No,Month-to-month,Yes,Bank transfer (automatic),101.13609788144855,849.1842766920115,1
1,No,No,1,No,No,No,No,Month-to-month,Yes,Electronic check,76.07633299167148,76.07633299167148,1
0,No,No,1,No internet service,No internet service,No internet service,No internet service,Month-to-month,Yes,Mailed check,19.297125467555652,19.297125467555652,1
0,No,No,5,No,No,No,No,Month-to-month,No,Electronic check,49.50185142935999,233.51284536061743,1
0,No,No,3,No,No,No,No,Month-to-month,Yes,Electronic check,74.50472480515457,229.8662689115668,1
0,Yes,No,50,No,No,No,No,Month-to-month,Yes,Electronic check,95.61371974914975,4816.375421913468,1
0,No,No,1,No,Yes,No,No,Month-to-month,Yes,Electronic check,74.36124898780423,74.36124898780423,1
0,No,No,2,No,No,No,No,Month-to-month,No,Electronic check,70.43409970027032,138.92733133513548,1
1,No,No,5,No,No,No,No,Month-to-month,Yes,Electronic check,75.28460662001385,418.36938662671014,1
0,No,No,12,No,No,Yes,No,Month-to-month,Yes,Electronic check,95.32439442393768,1056.094617101668,1
0,No,No,1,No,No,No,No,Month-to-month,Yes,Mailed check,74.1538124774967,74.1538124774967,1
0,Yes,No,4,No,Yes,No,No,Month-to-month,Yes,Electronic check,88.44417148049422,405.02862670793513,1
0,Yes,No,49,No,No,No,No,Month-to-month,Yes,Electronic check,82.74333305040258,4238.829793873378,1
0,No,No,1,No,No,No,No,Month-to-month,Yes,Mailed check,49.18413263924826,49.18413263924826,1
0,No,No,26,No internet service,No internet service,No internet service,No internet service,Month-to-month,No,Bank transfer (automatic),24.00414423866728,672.4286277830976,1
0,No,No,2,No,No,No,No,Month-to-month,Yes,Electronic check,38.51510480403631,98.806346271884,1
0,No,Yes,1,No,No,No,No,Month-to-month,Yes,Electronic check,72.14242002627104,72.14242002627104,1
0,No,No,69,Yes,Yes,Yes,Yes,One year,Yes,Credit card (automatic),115.76326830326542,7961.94063350081,1
0,No,No,1,No internet service,No internet service,No internet service,No internet service,Month-to-month,Yes,Mailed check,20.14842443887972,20.14842443887972,1
0,No,No,15,No,Yes,Yes,No,Month-to-month,Yes,Electronic check,93.38150230446293,1414.5819750582982,1
0,No,No,26,No,Yes,No,No,Month-to-month,Yes,Electronic check,88.90248771284534,2275.3163127211133,1
0,No,No,16,No,Yes,No,No,Month-to-month,Yes,Electronic check,92.81643180722199,1573.5397626348708,1
0,No,No,6,No,No,No,No,Month-to-month,Yes,Electronic check,82.07415085189925,572.0462481754267,1
0,No,No,10,No,No,No,No,Month-to-month,Yes,Electronic check,78.06591503172282,841.3114976014317,1
0,No,No,17,Yes,No,No,No,Month-to-month,Yes,Electronic check,91.04472557713925,1615.999855985359,1
0,No,No,13,No,No,No,No,Month-to-month,Yes,Electronic check,87.2017093098175,1140.8752488859977,1
1,No,No,5,No,No,No,No,Month-to-month,Yes,Electronic check,75.15495039843123,420.6750124800708,1
0,Yes,No,2,No,No,No,No,Month-to-month,Yes,Electronic check,31.60862662085638,92.39171703037748,1
0,No,No,18,No,No,No,No,Month-to-month,Yes,Bank transfer (automatic),53.39465311148296,876.2422701798644,1
0,No,No,2,No,No,No,No,Month-to-month,Yes,Electronic check,43.697289534586204,98.63664108338051,1
1,No,No,8,No,No,No,No,Month-to-month,Yes,Electronic check,43.72954759612285,327.991844324657,1
1,No,No,1,No,No,No,No,Month-to-month,Yes,Electronic check,69.65,69.65,1
1,Yes,No,54,No,No,Yes,No,Month-to-month,Yes,Electronic check,73.97838232781916,3517.626422856193,1
0,Yes,Yes,11,No internet service,No internet service,No internet service,No internet service,Month-to-month,No,Bank transfer (automatic),21.80981478143192,234.7201909957873,1
0,No,No,1,No,No,No,No,Month-to-month,Yes,Electronic check,74.91935302087528,74.91935302087528,1
0,No,No,11,No,No,No,No,Month-to-month,Yes,Electronic check,65.67260246916202,738.8674246914328,1
0,Yes,No,5,No,Yes,No,No,Month-to-month,Yes,Electronic check,79.36376641517289,413.11090938969653,1
1,No,No,32,No,Yes,Yes,No,Month-to-month,Yes,Electronic check,77.47353991272662,2521.0783368076495,1
0,No,No,7,No,No,No,No,Month-to-month,Yes,Mailed check,73.92772344087395,545.0315177060841,1
0,Yes,No,60,No,No,Yes,No,One year,Yes,Electronic check,94.30829247766819,5736.443411801949,1
0,Yes,No,67,No,Yes,Yes,No,Month-to-month,Yes,Credit card (automatic),104.95201351923114,7023.905830859478,1
0,No,No,22,No,Yes,No,No,Month-to-month,Yes,Electronic check,83.1420775035814,1857.3225547170491,1
0,No,No,2,No,No,Yes,No,Month-to-month,Yes,Electronic check,95.11564775492825,181.7074399962151,1
0,No,No,1,No,No,No,No,Month-to-month,Yes,Mailed check,24.277726000727313,24.277726000727313,1
0,No,No,1,No,No,No,No,Month-to-month,No,Mailed check,73.05995920271131,73.05995920271131,1
0,No,No,1,No internet service,No internet service,No internet service,No internet service,Month-to-month,No,Mailed check,20.9,20.9,1
0,No,No,1,No,No,No,No,Month-to-month,Yes,Electronic check,50.37522410201734,50.37522410201734,1
1,Yes,No,1,No,No,No,No,Month-to-month,Yes,Electronic check,72.74958071253721,72.74958071253721,1
0,Yes,No,46,Yes,No,No,No,Month-to-month,Yes,Electronic check,29.025275493029525,1178.1288208261683,1
0,No,No,3,No,No,No,No,Month-to-month,No,Mailed check,53.1392976122686,190.65921794416323,1
0,Yes,No,1,No,No,No,No,Month-to-month,Yes,Electronic check,62.48444612431761,72.2452062803576,1
0,No,No,24,No,No,Yes,No,Month-to-month,Yes,Electronic check,100.87115795719978,2390.894612158324,1
1,No,No,1,No,No,No,No,Month-to-month,Yes,Electronic check,73.83911098927541,73.83911098927541,1
0,No,No,4,No,No,No,No,Month-to-month,Yes,Electronic check,81.82504377803414,337.44336762618167,1
0,No,No,2,No,No,No,No,Month-to-month,Yes,Electronic check,44.89976480539332,97.86303768645571,1
0,No,No,17,No,No,No,No,Month-to-month,Yes,Electronic check,33.68472963872968,599.9540092185736,1
0,Yes,No,48,No,Yes,Yes,No,Month-to-month,Yes,Credit card (automatic),108.9465972215124,5272.578616021277,1
0,No,No,1,No,Yes,No,No,Month-to-month,No,Electronic check,39.76826264202989,39.76826264202989,1
0,No,No,5,No,No,No,No,Month-to-month,Yes,Mailed check,42.71435184887933,219.733425929996,1
1,Yes,No,47,No,Yes,Yes,No,Month-to-month,Yes,Electronic check,99.28597311396354,4870.641640802291,1
0,No,No,2,Yes,No,No,No,Month-to-month,Yes,Mailed check,40.83449476878894,108.63113058509558,1
0,No,No,39,No,Yes,No,Yes,Month-to-month,Yes,Credit card (automatic),67.27100821173974,2490.5716142706783,1
0,Yes,Yes,41,No,No,No,No,Month-to-month,Yes,Electronic check,97.50325226149518,4187.44040851885,1
0,No,No,22,No,Yes,No,Yes,Month-to-month,Yes,Electronic check,55.15,1199.6260850083738,1
0,No,No,5,No,Yes,No,No,Month-to-month,Yes,Electronic check,94.33047148753496,513.517289712325,1
0,Yes,Yes,26,No,No,No,No,Month-to-month,Yes,Electronic check,88.03339854191796,2358.305781935681,1
0,No,No,25,No,No,No,No,Month-to-month,Yes,Electronic check,87.12437327391372,2177.898177742245,1
0,No,No,1,No,No,No,No,Month-to-month,Yes,Electronic check,75.01806953809175,75.01806953809175,1
0,No,No,12,No,No,No,No,Month-to-month,Yes,Bank transfer (automatic),52.76720111472399,541.0535271474674,1
0,No,No,23,No,No,No,No,Month-to-month,Yes,Electronic check,89.94585804203841,2175.081485010909,1
0,No,No,11,No,No,Yes,No,Month-to-month,Yes,Electronic check,98.00089883284852,1061.2735417864321,1
0,Yes,No,22,No,No,No,No,Month-to-month,Yes,Electronic check,85.21560415722126,1911.671048520774,1
0,No,No,24,No,Yes,No,No,Month-to-month,Yes,Electronic check,100.98212188442855,2362.469125478969,1
0,Yes,No,56,No,Yes,No,No,One year,Yes,Bank transfer (automatic),106.1051128712629,6016.6316157911415,1
0,No,No,3,No,No,No,No,Month-to-month,Yes,Electronic check,71.33244839163638,268.9113643879486,1
1,Yes,No,30,No,No,Yes,No,Month-to-month,Yes,Electronic check,99.60431519380012,2907.9945207381884,1
0,Yes,No,45,No,No,No,No,Month-to-month,Yes,Electronic check,100.15766378837031,4744.223250890941,1
0,Yes,No,66,No,Yes,Yes,No,Two year,Yes,Bank transfer (automatic),102.39494344302015,6614.839723640749,1
1,No,No,2,No,No,No,No,Month-to-month,Yes,Electronic check,76.51071911744297,158.64667886452162,1
1,No,No,2,No,No,No,No,Month-to-month,Yes,Electronic check,89.89737178338292,199.02036776456205,1
0,Yes,No,66,No,Yes,Yes,No,Two year,Yes,Electronic check,106.04918099513493,6981.300040703231,1
0,Yes,Yes,20,No,No,No,No,Month-to-month,Yes,Electronic check,70.7673699186791,1470.2111231580752,1
0,No,No,10,No,No,No,No,Month-to-month,Yes,Electronic check,83.20070819094947,827.0650806739284,1
0,Yes,No,17,No,Yes,No,No,Month-to-month,Yes,Electronic check,72.1915116332921,1227.9319409939221,1
0,Yes,No,31,No,No,No,No,Month-to-month,Yes,Electronic check,78.58284855282719,2585.3535902017675,1
0,No,No,47,No,Yes,Yes,No,Month-to-month,Yes,Credit card (automatic),83.85402608523243,4038.664833704046,1
0,No,No,32,No,No,No,No,Month-to-month,Yes,Electronic check,83.53685009277922,2764.2562888952875,1
0,No,No,5,No,No,Yes,No,Month-to-month,Yes,Electronic check,87.03851919002146,497.6391825403122,1
0,No,No,11,No,No,Yes,No,Month-to-month,Yes,Electronic check,94.35273993615326,1106.5751545913465,1
0,No,No,43,No,Yes,No,No,Month-to-month,Yes,Electronic check,107.23169277001118,4706.415536028527,1
0,No,No,1,No,No,No,No,Month-to-month,Yes,Electronic check,41.35411125907059,41.35411125907059,1
1,No,No,45,No,No,Yes,No,Month-to-month,Yes,Electronic check,99.74896399731028,4539.851076036337,1
1,No,No,9,No,No,No,No,Month-to-month,Yes,Electronic check,85.05156888406287,746.5632783238692,1
0,Yes,No,8,No,Yes,No,No,Month-to-month,No,Electronic check,98.90331314426409,848.3733115953567,1
0,Yes,No,3,No,No,No,No,Month-to-month,Yes,Credit card (automatic),90.88558242403984,242.4220952436434,1
0,No,No,8,No internet service,No internet service,No internet service,No internet service,Month-to-month,No,Mailed check,20.224573378273124,172.8425766657699,1
1,No,No,3,No,No,No,No,Month-to-month,Yes,Electronic check,79.12044984336384,255.00781569919158,1
0,No,No,12,No,No,Yes,No,Month-to-month,Yes,Electronic check,83.84147575417349,1060.5014726782804,1
0,No,No,5,No,No,No,No,Month-to-month,Yes,Electronic check,80.85282369947916,399.1480624962891,1
1,No,No,15,No,No,No,No,Month-to-month,Yes,Electronic check,84.48182171400055,1308.5047124778305,1
0,No,No,20,No,Yes,No,No,Month-to-month,Yes,Electronic check,63.03486616400925,1251.8487938361336,1
0,Yes,No,8,No,No,Yes,Yes,Month-to-month,No,Electronic check,43.11011393469623,332.40332763503943,1
0,No,No,2,No,No,No,No,Month-to-month,Yes,Electronic check,87.233492381718,166.60331537690632,1
0,No,No,34,No,Yes,Yes,No,Month-to-month,Yes,Electronic check,102.37969186521929,3626.2075871906404,1
0,No,No,1,No,No,No,No,Month-to-month,No,Electronic check,73.77003220413766,73.77003220413766,1
0,No,No,32,No,No,No,No,Month-to-month,Yes,Electronic check,83.66402744166818,2768.6166551429087,1
1,No,No,18,No,No,Yes,No,Month-to-month,Yes,Electronic check,93.43501430196984,1759.0118506867864,1
0,No,No,41,No,No,No,No,Month-to-month,Yes,Electronic check,78.0166544334894,3197.2400395765576,1
0,Yes,No,4,No,Yes,No,No,Month-to-month,Yes,Electronic check,84.82999015685199,377.02366895006094,1
0,No,No,15,No,No,Yes,No,Month-to-month,Yes,Electronic check,69.17398583650497,1036.5374528517057,1
0,No,No,1,No internet service,No internet service,No internet service,No internet service,Month-to-month,No,Mailed check,20.076213447745413,20.076213447745413,1
0,No,No,10,No,No,Yes,No,Month-to-month,Yes,Electronic check,101.75665104331213,1066.668114386943,1
0,No,No,16,No internet service,No internet service,No internet service,No internet service,Month-to-month,Yes,Electronic check,20.247264475936362,327.6014193025813,1
0,No,No,1,No internet service,No internet service,No internet service,No internet service,Month-to-month,Yes,Mailed check,20.2,20.2,1
0,No,No,8,No,Yes,No,No,Month-to-month,Yes,Electronic check,95.73090064964445,823.5670710179874,1
0,Yes,No,15,Yes,No,No,No,Month-to-month,No,Electronic check,102.8979114446648,1587.7818752502753,1
0,No,No,1,No,Yes,No,No,Month-to-month,Yes,Electronic check,75.28955608411496,75.28955608411496,1
0,No,No,1,No,No,No,No,Month-to-month,No,Electronic check,30.829073236221,30.829073236221,1
0,No,Yes,1,No,No,No,No,Month-to-month,Yes,Electronic check,74.3154370318954,74.3154370318954,1
0,No,No,2,No,No,No,No,Month-to-month,No,Electronic check,64.51795387125392,118.81862798743742,1
0,Yes,No,46,No,No,No,No,Month-to-month,Yes,Electronic check,85.74644365903528,4040.6494760204087,1
0,No,No,11,No,No,No,No,Month-to-month,Yes,Electronic check,92.3099270434266,1046.7720259401149,1
0,Yes,No,35,No,No,Yes,No,Month-to-month,Yes,Electronic check,100.94675068147048,3621.495588173575,1
0,Yes,No,47,No,No,No,No,Month-to-month,Yes,Electronic check,97.70247535406064,4764.241325756804,1
1,Yes,No,42,No,Yes,Yes,Yes,Month-to-month,Yes,Electronic check,109.2946542669756,4534.296512333403,1
0,Yes,No,12,No,No,No,No,Month-to-month,No,Bank transfer (automatic),76.25001802686073,870.6441012108035,1
0,No,No,1,No,No,No,No,Month-to-month,No,Electronic check,84.46099779993615,84.46099779993615,1
0,No,No,3,No,No,No,No,Month-to-month,Yes,Electronic check,60.41310264642966,199.96796318981424,1
0,No,No,1,No,No,No,No,Month-to-month,Yes,Electronic check,43.2117268082376,43.2117268082376,1
1,No,No,44,No,No,No,No,Month-to-month,Yes,Electronic check,86.18820055843037,3692.674974703152,1
0,No,No,2,No,No,Yes,No,Month-to-month,Yes,Electronic check,86.17302960230299,177.82153561786862,1
0,No,No,7,No,No,No,No,Month-to-month,Yes,Electronic check,81.41617501791748,576.9925229360773,1
0,Yes,No,27,No internet service,No internet service,No internet service,No internet service,Month-to-month,Yes,Mailed check,23.011960742780484,681.0199997352256,1
0,No,No,22,No,No,No,No,Month-to-month,Yes,Electronic check,93.91441585359351,2080.2934776673264,1
0,No,No,2,No,No,No,No,Month-to-month,Yes,Electronic check,80.23538404673705,144.98847859788864,1
1,No,No,12,No,No,No,No,Month-to-month,Yes,Electronic check,31.821555378945718,343.5613311335335,1
1,No,No,5,No,No,No,No,Month-to-month,Yes,Electronic check,72.2291968685894,333.29991973631934,1
1,No,No,9,No,No,Yes,No,Month-to-month,Yes,Electronic check,99.91220894785327,919.0478408016356,1
0,Yes,No,61,Yes,Yes,Yes,No,Month-to-month,Yes,Electronic check,101.12318667626148,6278.817443188129,1
0,No,No,3,No,No,No,No,Month-to-month,Yes,Electronic check,76.56277101443725,250.4017344923984,1
0,Yes,No,12,No,Yes,No,No,Month-to-month,Yes,Electronic check,76.23193107438767,925.8842008797992,1
0,No,No,1,No,No,No,No,Month-to-month,No,Mailed check,45.1,45.1,1
1,No,No,9,No,No,No,No,Month-to-month,Yes,Electronic check,96.25450900611597,902.993881604571,1
0,Yes,No,10,No,No,No,No,Month-to-month,Yes,Electronic check,83.77731085255573,861.4110302653447,1
0,Yes,No,13,No,No,No,No,Month-to-month,Yes,Electronic check,97.67697187633799,1364.0884850508955,1
1,Yes,No,43,No,Yes,Yes,Yes,Month-to-month,Yes,Bank transfer (automatic),110.68670968634997,4687.84373276293,1
1,Yes,No,43,No,Yes,Yes,Yes,Month-to-month,Yes,Electronic check,101.3531793319405,4528.882904026265,1
0,Yes,No,17,No,No,No,No,Month-to-month,Yes,Electronic check,102.48431295776892,1743.3034108597444,1
1,Yes,No,28,No,No,Yes,No,Month-to-month,Yes,Electronic check,102.66701401628268,2989.883764513699,1
0,No,No,23,No,No,No,No,Month-to-month,Yes,Electronic check,97.72815751763589,2112.463068661241,1
0,Yes,No,2,No,No,No,No,Month-to-month,No,Electronic check,49.89449276810595,137.21150703128507,1
0,Yes,Yes,29,No,No,No,No,Month-to-month,Yes,Credit card (automatic),36.98570495837339,1074.7901012278544,1
0,Yes,No,52,No,No,Yes,Yes,One year,Yes,Electronic check,63.36490007500451,3157.1942506413175,1
0,Yes,No,65,No,Yes,Yes,Yes,Month-to-month,Yes,Electronic check,108.65338708547041,6947.63193823173,1
0,No,No,18,No internet service,No internet service,No internet service,No internet service,Month-to-month,Yes,Mailed check,19.515149885579913,362.1789622429493,1
0,Yes,No,62,No,Yes,No,Yes,One year,Yes,Credit card (automatic),109.25532368796853,6874.734693776178,1
0,No,No,62,No,No,Yes,Yes,One year,Yes,Electronic check,103.91150253681286,6427.701124145592,1
1,Yes,No,13,No,No,No,No,Month-to-month,Yes,Electronic check,99.1323513220415,1361.9792914881084,1
0,Yes,No,43,No,Yes,No,No,Month-to-month,Yes,Electronic check,97.41039699029332,4126.226680021894,1
0,Yes,No,65,No,Yes,Yes,No,Two year,Yes,Bank transfer (automatic),100.22214275695165,6594.988454634631,1
0,No,No,1,No,No,No,No,Month-to-month,No,Electronic check,69.97249345604133,69.97249345604133,1
0,No,No,1,No,No,No,No,Month-to-month,Yes,Mailed check,71.5161315305521,71.5161315305521,1
0,Yes,No,53,No,Yes,No,No,Month-to-month,Yes,Electronic check,80.48457229449673,4364.923211432339,1
0,Yes,No,44,No,Yes,Yes,No,Month-to-month,Yes,Electronic check,95.28567014791462,4140.234566479783,1
0,No,No,1,No,No,No,No,Month-to-month,No,Electronic check,52.56262825647609,52.56262825647609,1
0,No,No,1,No,No,No,No,Month-to-month,Yes,Mailed check,54.19225998321586,54.19225998321586,1
0,Yes,Yes,1,No internet service,No internet service,No internet service,No internet service,Month-to-month,No,Mailed check,20.514407547069204,20.514407547069204,1
0,Yes,Yes,43,No,No,No,No,Month-to-month,Yes,Electronic check,94.71798602410601,4176.937325155297,1
0,No,No,1,No internet service,No internet service,No internet service,No internet service,Month-to-month,No,Mailed check,20.042965681273895,20.042965681273895,1
0,No,No,1,No,No,No,No,Month-to-month,Yes,Electronic check,79.21181907514539,79.21181907514539,1
0,No,No,4,No,No,No,No,Month-to-month,Yes,Electronic check,74.21832728390444,315.3294928365205,1
0,Yes,Yes,2,No,No,No,No,Month-to-month,No,Mailed check,51.675261718150516,109.48368402005885,1
0,No,No,18,No,No,No,No,Month-to-month,Yes,Electronic check,85.35788535216344,1549.6666989951182,1
0,Yes,No,55,No,Yes,Yes,Yes,One year,Yes,Credit card (automatic),107.18039328741666,5908.429129793992,1
0,No,No,69,No,Yes,Yes,Yes,Two year,Yes,Bank transfer (automatic),107.48235914303783,7332.9788474858115,1
0,No,No,5,No,No,No,No,Month-to-month,Yes,Electronic check,76.27418384001247,435.103484598574,1
0,No,No,7,No,No,No,No,Month-to-month,Yes,Electronic check,86.77984962156071,622.7116243530837,1
0,No,No,1,No,No,No,No,Month-to-month,Yes,Mailed check,44.61323641581574,44.61323641581574,1
0,No,No,26,No,No,No,No,Month-to-month,Yes,Electronic check,86.85591379278627,2373.046968409434,1
0,Yes,No,30,No,No,No,No,Month-to-month,Yes,Electronic check,92.26522704901625,2805.520284221407,1
1,No,No,1,No,No,No,No,Month-to-month,Yes,Electronic check,69.7852458856738,69.7852458856738,1
0,No,No,24,No,No,No,No,Month-to-month,Yes,Electronic check,87.42305850455799,2168.684550065638,1
0,No,No,3,No,No,No,No,Month-to-month,Yes,Electronic check,48.250074059965705,143.74855057252137,1
0,Yes,Yes,21,No,No,No,No,Month-to-month,Yes,Electronic check,70.59092418723566,1495.5103657511117,1
0,No,No,14,No,No,Yes,No,Month-to-month,Yes,Electronic check,73.9761560648815,1028.3051610316318,1
1,Yes,No,10,No,Yes,Yes,No,Month-to-month,Yes,Electronic check,90.47128726772158,919.2227732966248,1
0,Yes,No,67,No,Yes,Yes,No,Month-to-month,Yes,Credit card (automatic),104.98656098442814,7022.566837974504,1
0,No,No,28,No,No,No,No,Month-to-month,Yes,Credit card (automatic),94.64349219316253,2649.5947001338945,1
1,Yes,No,46,No,Yes,Yes,No,Month-to-month,Yes,Electronic check,100.7361322627464,4871.308592561337,1
0,No,No,1,No,No,No,No,Month-to-month,Yes,Mailed check,45.25150348702143,45.25150348702143,1
0,No,No,7,No,No,No,No,Month-to-month,Yes,Electronic check,76.14162312865008,536.0706326555223,1
0,No,No,38,Yes,No,No,No,Month-to-month,Yes,Credit card (automatic),83.99159698930757,3241.6867056274396,1
0,No,No,3,No,No,No,No,Month-to-month,No,Mailed check,54.038595404176,157.2112164272848,1
0,No,No,12,No,No,Yes,No,Month-to-month,Yes,Electronic check,80.51562179363528,950.3968653809059,1
0,No,No,2,No,No,No,No,Month-to-month,Yes,Electronic check,71.99764023921743,149.5787665412491,1
0,Yes,No,10,No,No,No,No,Month-to-month,Yes,Electronic check,85.79475475351576,846.0662507239116,1
0,No,Yes,4,No,No,No,No,Month-to-month,No,Electronic check,50.8879699131209,228.9563942392694,1
0,No,No,1,No,No,No,No,Month-to-month,Yes,Mailed check,45.187565039387366,45.187565039387366,1
0,No,No,1,No,No,No,No,Month-to-month,No,Mailed check,28.695197506298314,28.695197506298314,1
0,No,No,2,No,Yes,No,No,Month-to-month,Yes,Credit card (automatic),47.77862823537271,90.33848426437491,1
0,No,No,9,No,No,No,No,Month-to-month,Yes,Electronic check,44.996271358102014,436.8627135810201,1
1,Yes,No,4,No,No,No,No,Month-to-month,Yes,Electronic check,74.93991591994502,308.454620718662,1
0,No,No,1,No,No,No,No,Month-to-month,No,Electronic check,79.7840915736076,79.7840915736076,1
0,No,No,33,No,No,No,No,Month-to-month,Yes,Electronic check,72.68992321634818,2415.2766495894307,1
0,Yes,No,46,No,Yes,Yes,No,Month-to-month,Yes,Electronic check,86.29503959913713,4061.0802428030397,1
0,Yes,No,25,No,Yes,No,No,Month-to-month,Yes,Electronic check,87.85169271839993,2174.4619230381354,1
0,Yes,No,13,No,Yes,No,No,Month-to-month,Yes,Electronic check,94.02688068411025,1251.235073240882,1
0,No,No,43,No,Yes,Yes,No,Month-to-month,Yes,Electronic check,93.18330720875989,3979.3222412598834,1
0,No,No,9,No,No,No,No,Month-to-month,Yes,Electronic check,45.415024998146905,417.1773002001338,1
0,No,No,1,No,No,No,No,Month-to-month,Yes,Electronic check,69.85436467935509,69.85436467935509,1
0,No,No,15,No,No,No,No,Month-to-month,Yes,Electronic check,76.707395760797,1155.8975296386475,1
0,Yes,Yes,4,No,Yes,No,No,Month-to-month,Yes,Electronic check,80.91871688151545,385.0329450092078,1
0,Yes,Yes,1,No internet service,No internet service,No internet service,No internet service,Month-to-month,Yes,Mailed check,19.928008409173092,19.928008409173092,1
1,No,No,5,No,No,No,No,Month-to-month,Yes,Electronic check,69.78158876898345,325.0611960271585,1
0,No,No,9,No,No,No,No,Month-to-month,Yes,Electronic check,93.8903578857449,890.9111899641846,1
0,No,No,17,No internet service,No internet service,No internet service,No internet service,Month-to-month,Yes,Mailed check,19.961543006416626,370.5594636908569,1
0,No,No,4,No,No,No,No,Month-to-month,Yes,Electronic check,79.1109763313557,313.58177514743505,1
0,No,No,23,No,No,No,No,Month-to-month,Yes,Electronic check,97.83041743813104,2119.139097869263,1
1,No,No,32,No,No,Yes,No,Month-to-month,Yes,Electronic check,105.94414686379025,3521.135279935757,1
0,No,No,11,No,No,Yes,No,Month-to-month,Yes,Electronic check,97.18003828724353,1061.6125928813558,1
1,Yes,No,30,No,No,No,No,Month-to-month,Yes,Electronic check,91.18194998393001,2649.6384253770993,1
0,No,No,16,No,No,Yes,No,Month-to-month,Yes,Credit card (automatic),60.86187010882143,940.4318449648441,1
0,No,No,21,No,No,No,No,Month-to-month,Yes,Electronic check,82.59851455288683,1709.4847561505962,1
0,No,No,3,No,No,No,Yes,Month-to-month,Yes,Bank transfer (automatic),69.07553750107188,260.2501317164442,1
0,No,No,34,No,No,No,No,Month-to-month,Yes,Electronic check,70.56734910201882,2416.202866087431,1
0,No,No,21,Yes,No,No,No,Month-to-month,Yes,Electronic check,82.75154909119252,1662.211051817022,1
0,No,No,34,No,No,No,No,Month-to-month,Yes,Electronic check,88.61204541155935,3045.4666146140366,1
1,No,No,15,No,No,No,No,Month-to-month,Yes,Electronic check,75.51308505813448,1146.5416090043566,1
0,No,No,16,No,No,No,No,Month-to-month,Yes,Electronic check,39.70111997813232,600.9906667282138,1
0,No,No,5,No,No,Yes,No,Month-to-month,Yes,Electronic check,89.80847124300456,501.06291762885877,1
0,Yes,Yes,1,No,No,No,No,Month-to-month,Yes,Mailed check,69.4388049928094,69.4388049928094,1
1,No,No,2,No,No,No,No,Month-to-month,Yes,Electronic check,86.78988671991856,184.97022656016287,1
0,No,No,3,No,No,Yes,Yes,Month-to-month,Yes,Electronic check,85.06228624473465,297.04539786910925,1
0,Yes,Yes,28,No,No,No,No,Month-to-month,Yes,Electronic check,82.80860323879044,2355.332150941516,1
0,No,No,46,No,No,No,No,Month-to-month,Yes,Credit card (automatic),64.33501643117523,2938.093111215278,1
1,Yes,No,34,No,No,No,No,Month-to-month,Yes,Credit card (automatic),76.74161005117311,2639.5535006815967,1
0,Yes,Yes,4,No,Yes,No,No,Month-to-month,Yes,Electronic check,97.01556172422337,366.5873148714177,1
0,No,No,1,No,No,No,No,Month-to-month,Yes,Electronic check,90.73646632762,90.73646632762,1
0,No,No,9,No,No,No,No,Month-to-month,Yes,Electronic check,91.78452623688214,882.7857846175449,1
0,No,No,33,No,No,No,No,Month-to-month,Yes,Electronic check,68.4814912699996,2058.3991233820284,1
0,No,No,1,No,No,No,No,Month-to-month,Yes,Electronic check,26.729455855096294,55.471452533222134,1
0,Yes,No,57,No,Yes,Yes,No,Month-to-month,Yes,Credit card (automatic),94.38233950247115,5247.92956800665,1
0,No,No,4,No,No,No,No,Month-to-month,Yes,Electronic check,79.98165915843052,311.21509981438345,1
0,No,No,1,No,No,No,No,Month-to-month,No,Electronic check,78.80748581315511,78.80748581315511,1
0,No,No,19,No,No,No,No,Month-to-month,Yes,Electronic check,85.80387890059711,1735.480148446645,1
0,Yes,No,54,No,No,Yes,No,One year,Yes,Electronic check,104.54724509482485,5765.721838724256,1
0,Yes,No,18,No,No,No,No,Month-to-month,Yes,Electronic check,88.16790369049434,1526.7075375526601,1
0,No,No,1,No,No,No,No,Month-to-month,Yes,Mailed check,82.62705169525319,82.62705169525319,1
1,No,No,51,No,Yes,No,No,Month-to-month,Yes,Credit card (automatic),87.67353392455635,4516.673528241782,1
1,No,No,14,No,Yes,No,No,Month-to-month,Yes,Electronic check,77.32702662225194,1099.8954514160453,1
0,No,No,1,No,No,No,No,Month-to-month,No,Electronic check,69.64091362611862,69.64091362611862,1
0,No,No,58,No,No,No,No,Month-to-month,Yes,Electronic check,53.02003622468922,3027.505864279999,1
0,No,No,43,No,Yes,Yes,No,Month-to-month,Yes,Electronic check,100.91315426891217,4434.065675988829,1
1,No,No,2,No,No,No,No,Month-to-month,Yes,Electronic check,91.12029100298304,168.633321417316,1
1,No,No,13,No,Yes,No,No,Month-to-month,Yes,Electronic check,82.1611539313886,1083.5766455274586,1
0,No,No,13,No,No,No,No,Month-to-month,Yes,Electronic check,52.24634943356293,713.303337550953,1
0,No,No,7,No,No,No,No,Month-to-month,Yes,Electronic check,88.48375943433311,591.8470864953803,1
0,No,No,10,No,No,No,No,Month-to-month,Yes,Electronic check,94.84611001392103,992.6216603372626,1
0,No,No,2,No,No,No,No,Month-to-month,Yes,Electronic check,90.62500063176297,163.91810480620316,1
0,No,No,42,No,Yes,Yes,No,Month-to-month,Yes,Electronic check,94.26999719707784,3968.820615322357,1
0,Yes,No,53,No,Yes,Yes,No,Month-to-month,Yes,Electronic check,101.16950524749063,5429.739381817626,1
0,No,No,9,Yes,No,No,No,Month-to-month,Yes,Bank transfer (automatic),90.2581989515866,837.31088012491,1
0,No,Yes,1,No,No,No,No,Month-to-month,Yes,Electronic check,67.97257294338543,67.97257294338543,1
0,No,No,13,No,No,No,No,Month-to-month,Yes,Electronic check,86.36904358119675,1138.4829155404725,1
0,No,No,1,No internet service,No internet service,No internet service,No internet service,Month-to-month,No,Mailed check,20.28551894529357,20.28551894529357,1
0,No,No,1,No,No,No,No,Month-to-month,Yes,Mailed check,50.74947731868941,50.74947731868941,1
1,No,No,16,No,No,No,No,Month-to-month,Yes,Electronic check,95.92998332257822,1526.8704116508281,1
0,No,No,39,No,No,No,No,Month-to-month,Yes,Electronic check,92.69344118618814,3586.2460256634004,1
0,No,No,38,No,Yes,Yes,No,Month-to-month,Yes,Mailed check,61.95759868737003,2344.7720642618315,1
0,Yes,Yes,2,No,No,No,No,Month-to-month,No,Mailed check,70.32945138386212,146.9578675986032,1
0,No,Yes,1,No,No,No,No,Month-to-month,Yes,Electronic check,78.40306550062745,78.40306550062745,1
0,No,No,2,No,Yes,No,No,Month-to-month,Yes,Credit card (automatic),49.064942081674054,91.74115114092321,1
0,No,No,13,No,No,No,No,Month-to-month,Yes,Electronic check,94.49902120384884,1289.4131586786555,1
0,No,No,10,No,No,No,No,Month-to-month,Yes,Electronic check,97.53034311593834,973.5257699383782,1
0,Yes,Yes,1,No,No,No,No,Month-to-month,No,Electronic check,31.098719961970552,31.098719961970552,1
0,No,No,16,No,No,No,No,Month-to-month,Yes,Electronic check,91.09878468758222,1540.594065590568,1
0,No,No,2,No,Yes,No,No,Month-to-month,Yes,Mailed check,52.01049996143541,114.39868750482057,1
0,No,No,1,No,No,No,No,Month-to-month,No,Mailed check,54.092526150455384,54.092526150455384,1
1,No,No,19,No,No,No,No,Month-to-month,Yes,Electronic check,94.46038089003949,1784.7510562826387,1
1,Yes,No,43,No,Yes,Yes,Yes,Month-to-month,Yes,Electronic check,106.33140665011155,4535.198646927618,1
1,No,No,19,No,No,Yes,No,Month-to-month,Yes,Electronic check,90.84391905217757,1780.9166491009767,1
1,Yes,No,4,No,No,No,No,Month-to-month,Yes,Electronic check,74.71731644472241,303.0380334882451,1
0,No,No,4,No,No,No,No,Month-to-month,No,Bank transfer (automatic),49.89975049184672,240.2693477585086,1
0,Yes,No,53,No,Yes,No,No,Month-to-month,Yes,Electronic check,26.010527202245903,1339.2367979995815,1
0,No,No,2,No,No,No,No,Month-to-month,Yes,Electronic check,84.65686794832916,183.22118314118342,1
1,Yes,No,47,No,Yes,Yes,No,Month-to-month,Yes,Bank transfer (automatic),98.93260670179106,4700.408081228196,1
1,No,No,1,No,No,No,No,Month-to-month,Yes,Electronic check,70.23285823238646,70.23285823238646,1
0,No,No,51,No,No,No,No,Month-to-month,Yes,Electronic check,43.41846468265871,2096.5601661473106,1
0,Yes,Yes,11,No internet service,No internet service,No internet service,No internet service,Month-to-month,No,Bank transfer (automatic),21.02414890120648,235.30051428621525,1
0,No,No,10,No,No,No,No,Month-to-month,Yes,Electronic check,74.64596470020794,753.7921099080716,1
0,No,No,16,No,No,Yes,No,Month-to-month,Yes,Electronic check,66.16636732908123,1052.0831836645407,1
0,Yes,No,43,No,Yes,No,No,Month-to-month,Yes,Electronic check,100.94483118190725,4398.370765822141,1
1,No,No,1,No,No,No,No,Month-to-month,No,Electronic check,35.41034899535741,43.58234381854996,1
1,No,No,8,No,No,No,No,Month-to-month,Yes,Electronic check,92.30698443404448,737.6305634940826,1
0,Yes,Yes,19,No,No,No,No,Month-to-month,Yes,Electronic check,80.60899118168803,1465.0657730158798,1
0,No,No,13,No,No,No,No,Month-to-month,Yes,Electronic check,43.249918044557845,525.9497879500555,1
1,No,No,1,No,No,No,No,Month-to-month,Yes,Electronic check,86.8403420374431,86.8403420374431,1
0,No,No,14,No,No,No,No,Month-to-month,Yes,Bank transfer (automatic),63.82879346769239,940.8143330340984,1
0,No,No,1,No,No,No,No,Month-to-month,No,Electronic check,46.26928372617117,46.26928372617117,1
0,Yes,No,17,No,No,No,No,Month-to-month,Yes,Electronic check,41.832890098146976,672.5359735275648,1
0,No,No,6,No,No,No,No,Month-to-month,Yes,Electronic check,89.45056441814566,573.4516024510199,1
0,No,No,1,No,No,No,No,Month-to-month,No,Electronic check,69.79849806963414,69.79849806963414,1
0,No,No,55,No,No,No,No,Month-to-month,Yes,Electronic check,55.73928309244088,3025.4303472330757,1
0,No,No,52,No,No,Yes,No,Month-to-month,Yes,Electronic check,82.40167719076015,4450.0717407994125,1
0,No,No,16,No,No,No,No,Month-to-month,Yes,Electronic check,49.3449859681637,769.6980074836883,1
0,Yes,No,36,No,No,Yes,No,Month-to-month,Yes,Electronic check,81.50383189998935,2872.0411845691824,1
0,Yes,No,15,No,No,No,No,Month-to-month,Yes,Electronic check,87.58140409974533,1375.3219925479711,1
0,Yes,No,44,No,No,No,No,Month-to-month,Yes,Electronic check,61.83618425252061,2574.768948890303,1
0,No,No,1,No internet service,No internet service,No internet service,No internet service,Month-to-month,Yes,Mailed check,20.21923509874651,20.21923509874651,1
0,No,No,9,No,No,No,No,Month-to-month,Yes,Electronic check,75.46361792665923,799.9546439102112,1
1,No,No,8,No,No,No,No,Month-to-month,Yes,Electronic check,90.77718414458255,732.5015648055607,1
0,Yes,Yes,49,No,No,Yes,No,Month-to-month,Yes,Electronic check,83.92792929116929,4236.300988891599,1
0,No,No,9,No,No,Yes,No,Month-to-month,Yes,Electronic check,76.15858368956931,656.3762867197298,1
0,No,No,1,No,Yes,No,No,Month-to-month,No,Electronic check,50.4515421217472,50.4515421217472,1
0,No,No,3,No,No,No,No,Month-to-month,No,Credit card (automatic),78.07385925051577,227.7642559432762,1
0,No,No,6,No,No,No,Yes,Month-to-month,Yes,Electronic check,47.65921883836791,304.88231137080004,1
0,No,No,2,No,No,No,No,Month-to-month,Yes,Electronic check,75.86547600113656,165.02149199539397,1
1,No,No,8,No,No,No,No,Month-to-month,Yes,Electronic check,91.28417640492435,746.9855156994529,1
0,No,No,1,No,No,No,No,Month-to-month,Yes,Mailed check,45.63361804188169,45.63361804188169,1
0,No,No,36,No,No,Yes,No,Month-to-month,Yes,Electronic check,84.76771083625431,3052.1631317209058,1
0,No,No,1,No,No,No,No,Month-to-month,Yes,Electronic check,52.3950780800388,52.3950780800388,1
0,Yes,No,26,No,No,No,No,Month-to-month,Yes,Electronic check,87.38498680827881,2359.5449556596236,1
0,No,No,30,No,No,No,No,Month-to-month,Yes,Electronic check,79.83802285602302,2403.8978496004847,1
0,Yes,No,38,No,No,No,No,Month-to-month,Yes,Electronic check,89.59446216776479,3395.2702544988574,1
0,No,No,1,No,No,No,No,Month-to-month,Yes,Electronic check,81.22534034008959,81.22534034008959,1
1,No,No,52,No,No,No,No,Month-to-month,Yes,Electronic check,104.81145057901378,5608.993479663858,1
0,Yes,No,24,No,No,Yes,No,Month-to-month,Yes,Electronic check,96.02291261749238,2407.05308061929,1
0,No,No,2,No,No,No,No,Month-to-month,No,Electronic check,67.39760127022878,118.70183308271201,1
0,No,No,1,No,No,No,No,Month-to-month,Yes,Electronic check,69.2,69.2,1
0,Yes,No,34,No,No,No,No,Month-to-month,Yes,Electronic check,77.7190229732975,2566.5302021347616,1
0,No,No,13,No,No,No,No,Month-to-month,Yes,Electronic check,77.3851592871947,1029.0346490938318,1
0,No,No,6,No,No,No,No,Month-to-month,Yes,Electronic check,47.390317101540035,313.4226768775136,1
0,No,No,2,No,No,No,No,Month-to-month,No,Electronic check,45.161190632478316,81.11480156125361,1
0,Yes,No,49,No,No,Yes,No,One year,Yes,Bank transfer (automatic),103.80653641979349,5023.2315325053305,1
0,No,No,8,No,No,No,No,Month-to-month,Yes,Electronic check,64.1691134634227,497.0520435809048,1
0,Yes,No,3,No,No,No,No,Month-to-month,Yes,Electronic check,87.6112593496859,298.08543780056516,1
0,No,No,54,No,Yes,No,No,Month-to-month,No,Electronic check,25.863160752363452,1342.2225390155472,1
0,No,No,1,No,No,No,No,Month-to-month,Yes,Electronic check,69.84592651971732,69.84592651971732,1
0,No,No,2,No,No,No,No,Month-to-month,Yes,Electronic check,46.57431236743194,100.06376247978696,1
0,Yes,Yes,4,No,Yes,No,No,Month-to-month,Yes,Electronic check,93.15219035853006,368.2675385127103,1
0,No,No,1,No,No,No,No,Month-to-month,Yes,Electronic check,89.38338873347858,89.38338873347858,1
1,No,No,19,No,No,Yes,No,Month-to-month,Yes,Electronic check,90.52969592922757,1780.3085482371382,1
1,No,No,9,No,No,Yes,No,Month-to-month,Yes,Electronic check,99.60512779535092,915.0813277390013,1
0,Yes,No,4,No,No,No,No,Month-to-month,No,Electronic check,51.90971636874548,191.3545920785317,1
1,No,No,37,No,No,No,No,Month-to-month,Yes,Electronic check,100.40391285083233,3737.59379169147,1
0,No,No,1,No,No,No,No,Month-to-month,No,Electronic check,70.04025499140941,70.04025499140941,1
0,No,No,23,No,No,No,No,Month-to-month,Yes,Electronic check,90.00202517744881,2168.6605979644096,1
0,No,No,22,No,No,No,No,Month-to-month,Yes,Electronic check,99.88397086245794,2096.3558325022177,1
0,Yes,No,59,Yes,Yes,Yes,No,Month-to-month,Yes,Bank transfer (automatic),101.27323835056816,6120.11129054395,1
0,No,No,3,No,No,No,No,Month-to-month,Yes,Credit card (automatic),73.20852588859726,271.73580725148247,1
0,No,No,6,No,No,No,No,Month-to-month,Yes,Electronic check,83.62805103523618,529.136384531456,1
0,No,No,15,No,Yes,No,No,Month-to-month,Yes,Credit card (automatic),95.73357419410816,1427.7430817982056,1
0,No,No,28,No,No,No,No,Month-to-month,Yes,Electronic check,86.35363936807471,2433.7095285564183,1
0,Yes,No,10,No,No,No,No,Month-to-month,Yes,Electronic check,81.5261559430055,863.8486507047526,1
1,No,No,1,No,No,No,No,Month-to-month,Yes,Electronic check,74.97746678210167,74.97746678210167,1
0,No,No,27,No,No,No,No,Month-to-month,Yes,Electronic check,81.94089123611303,2260.0422768002504,1
1,Yes,No,3,No,No,No,Yes,Month-to-month,Yes,Electronic check,88.20806172726668,273.61731635639626,1
0,No,No,3,No,No,No,No,Month-to-month,Yes,Electronic check,78.82927207553384,243.0012304404311,1
0,No,No,29,No,No,No,No,Month-to-month,Yes,Electronic check,102.28733164286639,3048.7204992840893,1
0,No,No,1,No,No,No,No,Month-to-month,Yes,Electronic check,81.0914401941321,81.0914401941321,1
0,Yes,No,9,No,No,No,No,Month-to-month,Yes,Electronic check,86.81790566018363,852.1888904208328,1
0,No,No,17,No,Yes,No,No,Month-to-month,Yes,Electronic check,91.86019075400424,1544.4581732625652,1
0,Yes,Yes,19,No,No,No,No,Month-to-month,Yes,Electronic check,71.68961243729082,1470.2326961739273,1
0,No,No,1,No internet service,No internet service,No internet service,No internet service,Month-to-month,No,Mailed check,20.941255928141203,20.941255928141203,1
1,Yes,No,17,No,No,No,No,Month-to-month,Yes,Electronic check,77.2131030462769,1315.9008312684496,1
0,No,No,19,No,No,Yes,No,Month-to-month,Yes,Electronic check,53.59148674645421,1048.3401544118904,1
0,No,No,3,No,No,No,No,Month-to-month,No,Mailed check,52.018882143349146,199.07930995301246,1
0,No,No,1,No internet service,No internet service,No internet service,No internet service,Month-to-month,No,Mailed check,19.890986523836172,28.57570965796053,1
1,No,No,5,No,No,No,No,Month-to-month,Yes,Electronic check,69.47854170792955,323.2853824052133,1
0,Yes,No,53,No,Yes,Yes,No,Month-to-month,Yes,Electronic check,110.62526448384115,5900.27629163722,1
0,No,No,3,No,No,No,No,Month-to-month,Yes,Electronic check,48.06707019166878,146.52401658082152,1
0,No,No,11,No,No,No,No,Month-to-month,Yes,Electronic check,37.14094800009979,349.3261126015378,1
0,Yes,No,3,No,No,No,No,Month-to-month,Yes,Credit card (automatic),88.86320973299841,243.70488753611738,1
0,No,No,24,No,No,Yes,No,Month-to-month,Yes,Electronic check,100.81103664715053,2391.4598091157354,1
0,No,No,4,No,No,No,No,Month-to-month,Yes,Electronic check,85.65,333.6569245785975,1
0,Yes,Yes,17,No,No,No,No,Month-to-month,Yes,Electronic check,84.82569302295632,1456.5077465139823,1
0,Yes,Yes,2,No,No,Yes,No,Month-to-month,Yes,Bank transfer (automatic),78.24707847446177,165.19433982188727,1
0,Yes,No,39,No,No,No,No,Month-to-month,No,Bank transfer (automatic),73.31533332213937,2867.843927171621,1
0,No,No,5,No internet service,No internet service,No internet service,No internet service,Month-to-month,No,Mailed check,19.32660647765353,122.83339067736041,1
0,No,No,3,No,No,No,No,Month-to-month,Yes,Electronic check,76.37880782678391,224.5708969128847,1
0,Yes,No,24,No,Yes,Yes,No,Month-to-month,Yes,Electronic check,91.4660436273919,2165.7968218610167,1
0,No,No,2,No,No,No,No,Month-to-month,Yes,Electronic check,87.22248999629747,160.9664119419897,1
0,No,No,18,No,Yes,No,No,Month-to-month,Yes,Electronic check,84.16522459237001,1554.9950986376714,1
1,Yes,No,13,No,No,No,No,Month-to-month,Yes,Electronic check,101.62439139262108,1358.950609846786,1
0,No,No,7,No,No,No,No,Month-to-month,Yes,Electronic check,72.61429128109829,549.8093195696854,1
0,No,No,6,No,No,No,No,Month-to-month,No,Electronic check,43.057410594494414,269.20746533334835,1
0,Yes,No,65,No,Yes,No,No,Month-to-month,Yes,Electronic check,102.92531117220659,6824.623248995449,1
0,Yes,Yes,4,No,Yes,No,No,Month-to-month,Yes,Electronic check,91.34385880825235,393.56905794267794,1
0,No,No,1,No,No,No,No,Month-to-month,Yes,Electronic check,70.27291272190453,70.27291272190453,1
0,Yes,No,11,No,Yes,No,No,Month-to-month,Yes,Electronic check,82.31340711924885,905.9670355962442,1
0,No,No,25,No,No,No,No,Month-to-month,No,Electronic check,41.17892675233604,1040.597052406731,1
0,Yes,No,66,No,Yes,No,No,One year,Yes,Bank transfer (automatic),91.07559326553148,6055.1918535674895,1
0,No,No,3,No internet service,No internet service,No internet service,No internet service,Month-to-month,No,Mailed check,20.294639703336845,75.04349699874948,1
0,No,No,7,No,No,No,No,Month-to-month,Yes,Electronic check,87.59642402250543,629.9696594940118,1
0,No,No,4,No,No,No,No,Month-to-month,Yes,Electronic check,79.18151850637857,317.5462739599584,1
0,No,No,1,No,No,No,No,Month-to-month,Yes,Electronic check,91.60338831089393,91.60338831089393,1
1,No,No,1,No,No,No,No,Month-to-month,Yes,Electronic check,69.23771148282987,69.23771148282987,1
0,No,No,2,No,No,No,No,Month-to-month,No,Mailed check,44.56598880113485,76.6782370426456,1
0,Yes,No,25,No,Yes,No,No,Month-to-month,Yes,Electronic check,89.62796213855522,2177.346323839672,1
0,No,No,2,No,Yes,No,No,Month-to-month,Yes,Mailed check,49.73162820559346,104.4886984712483,1
0,No,No,2,No,No,No,No,Month-to-month,No,Electronic check,44.60447661863142,79.92615826780859,1
1,No,No,14,No,Yes,No,No,Month-to-month,Yes,Electronic check,75.51947333863464,1081.0783495559085,1
0,Yes,No,46,No,Yes,No,No,Month-to-month,Yes,Electronic check,107.03458300798987,4867.542532098501,1
0,Yes,Yes,1,No,No,No,No,Month-to-month,Yes,Electronic check,74.7117042611403,74.7117042611403,1
0,No,No,5,No,No,No,No,Month-to-month,Yes,Electronic check,89.40392498224266,461.46942421385893,1
0,Yes,No,4,No,Yes,No,No,Month-to-month,Yes,Electronic check,87.57637247823642,369.07031797815034,1
0,Yes,No,52,No,No,No,No,Month-to-month,No,Electronic check,26.734705696007893,1337.0696481548187,1
1,Yes,No,12,No,No,No,No,Month-to-month,Yes,Electronic check,75.3492228111181,942.0304625511404,1
0,Yes,Yes,41,No,Yes,No,No,Month-to-month,Yes,Electronic check,41.836562379818474,1607.779721961534,1
0,No,No,13,No,No,No,No,Month-to-month,Yes,Electronic check,51.220810793605324,711.9992476534402,1
0,No,No,15,No,No,Yes,No,Month-to-month,Yes,Electronic check,66.91685095378205,1046.575428185302,1
1,No,No,17,No,No,No,No,Month-to-month,Yes,Electronic check,68.77759697010012,1169.7408568476317,1
0,Yes,No,69,No,Yes,Yes,Yes,Two year,Yes,Bank transfer (automatic),106.70058436358617,7273.2573459397045,1
0,No,No,1,No,No,Yes,No,Month-to-month,Yes,Electronic check,83.88948202155535,83.88948202155535,1
0,No,No,22,No,No,No,No,Month-to-month,Yes,Electronic check,96.20411765206939,2088.174906690391,1
1,Yes,No,43,No,Yes,No,No,Month-to-month,Yes,Electronic check,100.93922022224116,4388.098581918461,1
0,No,No,25,No,No,No,No,Month-to-month,Yes,Electronic check,80.75670632279845,1972.0234958877597,1
0,No,No,24,No,No,No,No,Month-to-month,Yes,Electronic check,32.33036625824001,702.817866816692,1
0,No,No,20,No,No,No,No,Month-to-month,Yes,Electronic check,101.82045406314333,1926.5978888180211,1
0,Yes,No,2,No,No,No,No,Month-to-month,Yes,Electronic check,34.128843334858395,88.38579844404892,1
0,No,No,2,No,No,No,No,Month-to-month,Yes,Electronic check,48.27987057841117,96.67885947224849,1
0,No,No,10,No,No,No,No,Month-to-month,Yes,Electronic check,73.32556072283597,755.2067741975673,1
0,No,No,8,No,No,Yes,No,Month-to-month,Yes,Electronic check,105.21836440952663,829.1143073343959,1
0,No,No,2,No,No,No,No,Month-to-month,Yes,Electronic check,42.69188665552255,97.42044651586644,1
0,No,No,22,No,No,No,No,Month-to-month,Yes,Electronic check,100.15166869128429,2093.219779686414,1
0,Yes,No,34,Yes,No,No,No,Month-to-month,Yes,Electronic check,43.80826117192516,1165.5209805777265,1
0,Yes,No,41,No,No,No,No,Month-to-month,Yes,Electronic check,97.61693881109797,4197.303356528596,1
0,Yes,No,17,Yes,No,No,No,Month-to-month,No,Electronic check,92.57991221856012,1609.1170155331142,1
0,No,No,2,No,No,No,No,Month-to-month,Yes,Electronic check,80.56660141921208,144.50212734110457,1
1,No,No,5,No,No,No,No,Month-to-month,Yes,Electronic check,84.46699956337447,415.309144055318,1
0,No,No,3,No,No,No,No,Month-to-month,Yes,Electronic check,34.38032585571338,115.63785346958102,1
0,No,No,4,No,No,Yes,No,Month-to-month,Yes,Mailed check,73.51271143422674,346.1777407582661,1
0,No,No,33,No,No,No,No,Month-to-month,Yes,Electronic check,86.05292325316586,2746.1212437407266,1
0,Yes,No,9,No,No,No,No,Month-to-month,Yes,Electronic check,87.82294665682561,852.5367892273628,1
0,No,No,4,No,No,No,No,Month-to-month,No,Mailed check,46.020074928758234,193.65931228951297,1
0,No,No,25,No,No,No,No,Month-to-month,Yes,Electronic check,101.60227757885157,2660.0845568750697,1
0,Yes,No,12,No,Yes,No,No,Month-to-month,Yes,Electronic check,98.8135423286259,1238.137132586574,1
0,Yes,No,66,No,Yes,Yes,No,Month-to-month,Yes,Credit card (automatic),87.68320204632556,5920.203282049771,1
0,Yes,Yes,4,No,Yes,No,No,Month-to-month,Yes,Electronic check,98.5868774186628,385.12431816617425,1
0,No,No,2,No,Yes,No,No,Month-to-month,Yes,Mailed check,51.45612895093674,95.7719003797355,1
0,Yes,No,4,No,No,Yes,No,Month-to-month,Yes,Electronic check,74.56602427912293,322.8410209667478,1
0,Yes,No,21,No,Yes,Yes,No,Month-to-month,Yes,Electronic check,103.91663498315972,2160.6202397532243,1
0,No,No,3,No,No,No,No,Month-to-month,Yes,Mailed check,49.91512712921142,181.71139787823864,1
0,No,No,15,No,No,Yes,No,Month-to-month,Yes,Electronic check,97.50209848810604,1555.0876404469948,1
1,No,No,5,No,No,No,No,Month-to-month,Yes,Electronic check,70.04514415918011,329.6124431108445,1
0,No,No,1,No internet service,No internet service,No internet service,No internet service,Month-to-month,No,Mailed check,20.730570460395175,22.188874711993854,1
0,No,No,1,No,No,No,No,Month-to-month,No,Electronic check,45.58588617602416,45.58588617602416,1
0,Yes,No,49,No,No,No,No,Month-to-month,Yes,Electronic check,72.71871244212099,3576.529180253174,1
0,Yes,No,55,Yes,Yes,Yes,No,One year,Yes,Bank transfer (automatic),104.3221709641284,5765.260054372563,1
0,No,No,1,No internet service,No internet service,No internet service,No internet service,Month-to-month,Yes,Mailed check,20.234152670610445,20.234152670610445,1
0,No,No,9,No,No,No,No,Month-to-month,Yes,Bank transfer (automatic),89.39363637727409,830.7679419154667,1
0,No,No,1,No,No,No,No,Month-to-month,Yes,Electronic check,69.52261203442698,69.52261203442698,1
1,No,No,33,No,No,Yes,No,Month-to-month,Yes,Electronic check,90.05519510501954,2925.6259663187043,1
1,No,No,39,No,No,No,No,Month-to-month,Yes,Electronic check,95.80584122956547,3753.4504634066475,1
0,No,No,4,No,No,No,No,Month-to-month,Yes,Electronic check,74.59259387490107,327.63357892163344,1
0,No,No,1,No internet service,No internet service,No internet service,No internet service,Month-to-month,Yes,Mailed check,19.717873126384376,19.717873126384376,1
0,Yes,No,15,No,Yes,No,No,Month-to-month,Yes,Electronic check,81.77760585782076,1242.8385266408452,1
0,No,No,16,No,No,No,No,Month-to-month,Yes,Electronic check,61.36599375666756,848.8581198638557,1
0,Yes,No,4,No,Yes,No,No,Month-to-month,Yes,Electronic check,92.9096424537995,380.6788439841489,1
0,Yes,Yes,30,No,No,No,No,Month-to-month,Yes,Electronic check,75.67396503595141,2351.271555250922,1
0,Yes,No,65,No,Yes,Yes,Yes,One year,Yes,Electronic check,106.53694473451647,6914.966974589655,1
0,Yes,No,46,No,Yes,Yes,No,Month-to-month,Yes,Electronic check,85.55435457939654,4062.066071800945,1
0,No,No,4,No,Yes,No,No,Month-to-month,Yes,Electronic check,36.966925907332595,140.39362526176896,1
0,Yes,No,63,No,No,Yes,No,One year,Yes,Electronic check,89.53224487507887,5715.054210381726,1
0,No,No,14,No,No,No,No,Month-to-month,Yes,Electronic check,85.00069478172752,1129.7086075457953,1
0,No,No,2,No,No,No,No,Month-to-month,Yes,Credit card (automatic),69.81978757896552,133.7724572359913,1
0,No,No,19,Yes,No,No,No,Month-to-month,Yes,Electronic check,85.47498678757766,1600.4967182424134,1
0,No,No,16,No,No,No,No,Month-to-month,Yes,Electronic check,85.91157977014794,1422.2410233461028,1
0,Yes,Yes,5,No,Yes,No,No,Month-to-month,Yes,Electronic check,82.43558806316103,410.32581931989193,1
0,No,No,22,No,Yes,No,No,Month-to-month,Yes,Electronic check,79.40453745257946,1856.856560856429,1
0,No,No,1,No,No,No,No,Month-to-month,Yes,Mailed check,81.11954242130834,81.11954242130834,1
0,No,No,1,No,No,No,No,Month-to-month,No,Electronic check,79.67631747425256,79.67631747425256,1
1,No,No,1,No,No,No,No,Month-to-month,Yes,Electronic check,93.02299664834612,93.02299664834612,1
0,No,No,1,No,No,No,No,Month-to-month,No,Electronic check,82.32653056697004,82.32653056697004,1
0,No,No,1,No,No,No,No,Month-to-month,Yes,Mailed check,70.76119856632297,70.76119856632297,1
1,Yes,No,1,No,No,No,No,Month-to-month,Yes,Electronic check,88.21258913671593,88.21258913671593,1
0,No,No,32,No,No,Yes,No,Month-to-month,Yes,Electronic check,98.31509459047128,3066.6576107308433,1
0,No,No,23,No,No,No,No,Month-to-month,Yes,Electronic check,89.85569346181978,2165.18521971822,1
1,Yes,No,31,No,No,Yes,No,Month-to-month,Yes,Bank transfer (automatic),95.35375554616984,2943.044463708196,1
1,No,No,23,No,Yes,No,No,Month-to-month,Yes,Electronic check,92.57457244407074,2287.8765536921387,1
0,No,No,6,No,No,No,No,Month-to-month,Yes,Electronic check,54.735661427666386,352.5498524975513,1
0,No,No,1,No,No,No,No,Month-to-month,Yes,Electronic check,69.88053900355379,69.88053900355379,1
1,Yes,No,61,Yes,No,No,No,Month-to-month,Yes,Credit card (automatic),56.05630379736501,3267.004217261195,1
0,No,No,3,No,No,No,No,Month-to-month,No,Credit card (automatic),54.50699257843842,195.47594369167268,1
0,No,No,16,Yes,No,Yes,No,Month-to-month,No,Electronic check,96.50290906625999,1597.7006521489634,1
0,No,No,2,No,No,Yes,No,Month-to-month,Yes,Electronic check,86.19807297029385,178.63723388957118,1
0,Yes,No,14,No,No,No,No,Month-to-month,Yes,Electronic check,64.70574802448692,940.9739422889926,1
0,No,No,1,No,No,No,No,Month-to-month,Yes,Mailed check,74.23944540632313,74.23944540632313,1
0,Yes,Yes,52,No,No,Yes,No,Month-to-month,Yes,Bank transfer (automatic),95.17498405813227,5001.525641186279,1
0,No,No,10,No,No,No,No,Month-to-month,Yes,Electronic check,80.87654937395801,844.7144935258448,1
0,No,No,1,No,No,No,No,Month-to-month,Yes,Electronic check,80.04668361039676,80.04668361039676,1
0,No,No,27,No,No,No,No,Month-to-month,Yes,Electronic check,32.830781820748115,853.142017293172,1
0,No,No,1,No,No,No,No,Month-to-month,Yes,Electronic check,69.17860243216847,69.17860243216847,1
0,No,No,1,No,No,No,No,Month-to-month,Yes,Mailed check,70.63226518366102,70.63226518366102,1
0,No,No,1,No,No,No,No,Month-to-month,Yes,Mailed check,25.276093293924873,25.276093293924873,1
0,No,No,1,No,No,No,No,Month-to-month,Yes,Electronic check,69.59317537194327,69.59317537194327,1
0,No,No,14,No,Yes,No,No,Month-to-month,Yes,Electronic check,97.69149170309221,1427.1031377000022,1
0,No,No,2,No,No,No,No,Month-to-month,Yes,Electronic check,86.70147225100179,183.82838349011618,1
1,No,No,1,No,No,No,No,Month-to-month,Yes,Electronic check,24.98511995483534,24.98511995483534,1
0,No,No,4,No,Yes,No,No,Month-to-month,Yes,Electronic check,30.8918335400731,130.94185352619724,1
0,Yes,No,50,No,No,Yes,No,Month-to-month,Yes,Electronic check,106.68993552877383,5288.004391700834,1
0,No,No,22,No,No,No,No,Month-to-month,Yes,Electronic check,93.91287913372054,2028.3029171155727,1
0,Yes,No,50,No,No,No,No,Month-to-month,Yes,Electronic check,95.56793365091944,4816.203178972506,1
1,No,No,11,No,Yes,No,No,Month-to-month,Yes,Electronic check,93.12612234725844,1107.233501772775,1
0,No,No,30,No,No,No,No,Month-to-month,Yes,Electronic check,74.68121065371605,2169.3337784727933,1
0,Yes,No,65,No,No,Yes,Yes,Two year,Yes,Credit card (automatic),106.04604926144948,6981.380887592304,1
0,No,No,3,No,No,No,No,Month-to-month,Yes,Electronic check,52.4966860982138,161.6037725707902,1
0,No,No,15,No,No,Yes,No,Month-to-month,Yes,Electronic check,99.77029372826276,1554.4170435933831,1
0,No,No,12,No,No,No,No,Month-to-month,Yes,Mailed check,89.08813877153824,1113.7689837354083,1
0,Yes,No,42,No,No,No,No,Month-to-month,Yes,Electronic check,94.9531092808901,4067.7395601442918,1
0,Yes,Yes,4,No,Yes,No,No,Month-to-month,Yes,Electronic check,93.01774709681345,383.18473255915023,1
0,Yes,No,21,No,No,Yes,No,Month-to-month,Yes,Electronic check,104.10325579437558,2253.807346760865,1
1,No,No,4,No,No,No,No,Month-to-month,Yes,Electronic check,79.0983170857046,339.1198974990245,1
0,No,No,3,No,No,No,No,Month-to-month,Yes,Mailed check,46.92482371379117,148.65094977558778,1
0,Yes,Yes,44,No,No,Yes,No,Month-to-month,Yes,Electronic check,95.20472287312688,4224.9458386834585,1
0,No,Yes,11,No internet service,No internet service,No internet service,No internet service,Month-to-month,No,Mailed check,19.906169422643426,223.4997573125002,1
0,Yes,No,69,No,Yes,Yes,No,One year,Yes,Electronic check,94.01908964456479,6579.178077542268,1
0,No,No,4,No,No,No,No,Month-to-month,Yes,Electronic check,72.5929473074514,327.15686455953175,1
0,No,No,1,No,No,No,No,Month-to-month,No,Mailed check,70.75023476577871,70.75023476577871,1
0,No,No,53,Yes,Yes,No,No,One year,Yes,Electronic check,102.34508664071178,5615.186629659793,1
0,No,Yes,17,No internet service,No internet service,No internet service,No internet service,Month-to-month,Yes,Electronic check,23.85966370722213,408.0898074969496,1
0,Yes,No,11,No,No,No,No,Month-to-month,Yes,Electronic check,81.53042888133488,902.0521444066744,1
0,Yes,No,49,No,Yes,No,No,Month-to-month,Yes,Electronic check,98.79702002352197,4852.788676089383,1
0,Yes,Yes,28,No,No,No,No,Month-to-month,Yes,Electronic check,53.64887728581502,1517.6543170057923,1
0,Yes,Yes,1,No,No,No,No,Month-to-month,Yes,Mailed check,30.652531225822493,38.99459867475767,1
0,Yes,No,61,No,No,Yes,Yes,One year,Yes,Electronic check,50.83240297161683,3148.99406367676,1
1,Yes,No,4,No,No,No,No,Month-to-month,Yes,Electronic check,74.49595972076125,304.60403780816614,1
0,Yes,No,14,No,No,No,No,Month-to-month,Yes,Electronic check,67.57429000641991,928.6816142582004,1
0,No,No,1,No internet service,No internet service,No internet service,No internet service,Month-to-month,Yes,Mailed check,20.231547348911953,20.231547348911953,1
1,No,No,5,No,No,No,No,Month-to-month,Yes,Electronic check,84.26302874764681,415.1808737485202,1
0,Yes,No,34,No,No,No,No,Month-to-month,Yes,Electronic check,85.27611163183087,2850.8778007770243,1
0,No,No,8,No,No,No,No,Month-to-month,Yes,Electronic check,66.93651948206096,522.5556084203208,1
0,Yes,No,47,No,No,No,No,Month-to-month,Yes,Electronic check,85.41834118578676,4043.5106806802924,1
0,No,No,1,No,No,No,No,Month-to-month,Yes,Electronic check,79.61792799436725,79.61792799436725,1
0,Yes,No,49,No,Yes,No,No,Month-to-month,Yes,Electronic check,88.4402365542668,4361.788704689711,1
1,Yes,No,24,No,Yes,Yes,No,Month-to-month,Yes,Electronic check,102.48671940737046,2496.72913714419,1
0,No,No,54,No,Yes,No,No,Month-to-month,Yes,Electronic check,80.4777106921674,4363.571738831467,1
0,Yes,No,5,No,Yes,No,No,Month-to-month,Yes,Electronic check,80.88684478812745,408.56536952339826,1
0,Yes,Yes,1,No,No,No,No,Month-to-month,Yes,Mailed check,70.77667199679325,70.77667199679325,1
0,No,No,1,No internet service,No internet service,No internet service,No internet service,Month-to-month,Yes,Mailed check,19.687464316483418,19.687464316483418,1
1,Yes,No,41,No,Yes,Yes,Yes,Month-to-month,Yes,Electronic check,114.3029484706604,4527.217995885764,1
0,No,No,37,No,No,Yes,No,Month-to-month,Yes,Electronic check,100.08224632574473,3755.4679240330515,1
0,No,No,3,No,No,No,No,Month-to-month,Yes,Electronic check,93.41804677269167,293.5913965982232,1
1,No,No,28,No,Yes,No,No,Month-to-month,Yes,Electronic check,83.62917192391367,2287.606861863538,1
1,Yes,No,15,No,No,No,No,Month-to-month,Yes,Electronic check,85.3815753516334,1371.411478366604,1
0,No,Yes,1,No,No,No,No,Month-to-month,No,Mailed check,81.54828291760602,81.54828291760602,1
0,No,No,1,No,No,No,No,Month-to-month,Yes,Electronic check,79.60177663343853,79.60177663343853,1
0,No,No,35,No,No,No,No,Month-to-month,Yes,Electronic check,54.58542655596483,2010.632914688807,1
0,No,No,1,No,No,No,No,Month-to-month,Yes,Electronic check,86.29103612374564,86.29103612374564,1
0,No,No,1,No,No,No,No,Month-to-month,No,Electronic check,79.02377723078344,79.02377723078344,1
0,No,No,6,No,No,No,No,Month-to-month,No,Electronic check,54.67227792589262,392.9874503357511,1
0,Yes,No,69,No,Yes,Yes,Yes,Month-to-month,Yes,Bank transfer (automatic),104.74331445970435,7221.49549186002,1
0,No,No,7,No internet service,No internet service,No internet service,No internet service,Month-to-month,No,Mailed check,20.063305139019146,145.47093895138048,1
1,No,No,18,No,Yes,No,No,Month-to-month,Yes,Electronic check,83.32570690489008,1501.453893455953,1
0,No,No,7,No,No,No,No,Month-to-month,Yes,Electronic check,80.84649395097937,621.5893012591839,1
0,Yes,No,5,No,No,Yes,No,Month-to-month,Yes,Electronic check,76.69654062862324,338.66862103637885,1
0,Yes,No,62,No,Yes,Yes,Yes,One year,Yes,Electronic check,100.53250437107641,6218.322069963393,1
0,Yes,No,15,No,No,No,No,Month-to-month,Yes,Electronic check,47.863816884006354,678.3568680372996,1
0,No,No,10,No,No,No,No,Month-to-month,Yes,Electronic check,78.0680511967381,791.0438278343207,1
0,No,No,3,No,No,No,No,Month-to-month,Yes,Credit card (automatic),71.84867839820465,269.15644327995574,1
0,No,No,4,No,No,No,No,Month-to-month,Yes,Electronic check,90.16989568512908,427.17180645012803,1
0,Yes,No,61,No,No,Yes,No,One year,Yes,Electronic check,93.66374989155163,5752.183812982596,1
0,No,No,1,No,No,No,No,Month-to-month,Yes,Electronic check,33.85972493879604,33.85972493879604,1
0,Yes,No,7,No,No,No,No,Month-to-month,Yes,Electronic check,79.93063037999808,585.25048134934,1
0,No,No,3,No,No,No,No,Month-to-month,Yes,Electronic check,54.92802756904394,161.01297994537418,1
0,No,No,10,No,No,Yes,No,Month-to-month,Yes,Electronic check,98.50698638332436,1055.5888293757614,1
0,No,No,18,No,No,No,No,Month-to-month,Yes,Electronic check,65.40627567596678,1151.68782068949,1
0,Yes,No,49,No,No,No,No,Month-to-month,Yes,Electronic check,55.09618653413121,2570.3003882355683,1
0,No,No,44,No,No,No,No,Month-to-month,Yes,Electronic check,83.8078896672792,3599.9457304820276,1
0,No,No,3,No,No,No,No,Month-to-month,Yes,Electronic check,72.90886246973156,223.80528198613314,1
0,Yes,Yes,18,No,No,No,No,Month-to-month,Yes,Electronic check,85.70501256059806,1512.5898352394534,1
0,No,No,2,No,No,No,No,Month-to-month,Yes,Electronic check,80.2088788813166,145.78363356050244,1
0,No,No,2,No,No,No,No,Month-to-month,Yes,Electronic check,83.73274766236307,249.0173269480443,1
1,No,No,40,No,No,No,No,Month-to-month,Yes,Electronic check,94.13692953051792,3763.07651810887,1
0,No,No,6,No,Yes,No,No,Month-to-month,Yes,Electronic check,87.39717979743816,503.17687927334845,1
1,Yes,No,21,No,No,No,No,Month-to-month,Yes,Electronic check,63.120253980929895,1329.8594627236505,1
0,No,No,1,No,No,No,No,Month-to-month,Yes,Electronic check,47.64277582833737,47.64277582833737,1
0,Yes,Yes,19,No,No,No,No,Month-to-month,Yes,Electronic check,78.24944123898251,1469.0905518109387,1
1,Yes,No,67,No,Yes,Yes,Yes,One year,Yes,Electronic check,109.14472633392103,7398.839424386119,1
0,No,No,5,No,No,No,No,Month-to-month,Yes,Electronic check,91.30050403350549,454.6756404154027,1
1,No,No,64,Yes,No,No,No,Month-to-month,Yes,Electronic check,49.86160572631637,3253.6064946435263,1
0,Yes,No,60,No,No,Yes,No,Two year,Yes,Electronic check,87.8418753176969,5293.6690853347345,1
0,No,No,1,No,No,No,No,Month-to-month,No,Electronic check,82.8816882855606,82.8816882855606,1
0,No,No,12,No,No,No,No,Month-to-month,Yes,Electronic check,64.16450961694268,759.5371686622984,1
0,No,No,2,No,No,Yes,No,Month-to-month,Yes,Electronic check,86.53509623859249,178.77842677924505,1
0,No,No,2,No,No,Yes,No,Month-to-month,No,Electronic check,78.89227169851466,170.53654259061915,1
1,No,No,1,No,No,No,No,Month-to-month,Yes,Electronic check,70.41164901570485,70.41164901570485,1
0,No,No,1,No,No,No,No,Month-to-month,Yes,Mailed check,49.03988399846787,49.03988399846787,1
0,Yes,Yes,4,No,No,Yes,No,Month-to-month,Yes,Electronic check,97.7615447932535,395.67907465829967,1
0,No,No,2,No,No,No,No,Month-to-month,Yes,Electronic check,83.84905411999327,160.1760641081127,1
0,Yes,No,12,No,Yes,No,No,Month-to-month,Yes,Electronic check,98.61726606032694,1238.067858609527,1
0,No,No,4,No,No,No,No,Month-to-month,Yes,Electronic check,83.38498229223441,315.34882291824607,1
0,Yes,No,64,No,Yes,Yes,No,One year,Yes,Credit card (automatic),92.58504686068842,5936.873575763398,1
0,Yes,No,30,No,No,No,No,Month-to-month,Yes,Electronic check,92.37955864144003,2805.4535907924933,1
0,Yes,Yes,2,No,No,No,No,Month-to-month,No,Electronic check,67.25608747531697,136.32623109365255,1
0,No,Yes,1,No,No,No,No,Month-to-month,No,Bank transfer (automatic),30.296863808079497,30.296863808079497,1
0,No,No,8,No,No,No,No,Month-to-month,Yes,Electronic check,82.76542869759183,669.2137754966127,1
1,Yes,No,42,No,Yes,Yes,Yes,Month-to-month,Yes,Electronic check,107.03956878052344,4526.170612962212,1
0,Yes,No,4,No,Yes,No,No,Month-to-month,Yes,Electronic check,96.97519019702615,416.03825221372966,1
0,No,No,10,No,No,No,No,Month-to-month,Yes,Electronic check,98.3947165021692,1058.1237794429414,1
0,No,No,8,No,No,No,No,Month-to-month,Yes,Electronic check,97.44611159155222,778.7528051878276,1
0,No,No,6,No internet service,No internet service,No internet service,No internet service,Month-to-month,No,Mailed check,19.811106375595575,112.78317493454063,1
1,Yes,No,13,No,No,No,No,Month-to-month,Yes,Electronic check,98.15737370577757,1357.6271891820682,1
0,No,No,25,No,Yes,Yes,No,Month-to-month,Yes,Electronic check,99.86419227474455,2378.130527383631,1
0,Yes,Yes,4,No,Yes,No,No,Month-to-month,Yes,Electronic check,97.55484806987317,385.04247338142847,1
0,No,No,9,No,Yes,No,No,Month-to-month,Yes,Electronic check,78.14163023835818,684.3969140140298,1
0,No,No,46,No,Yes,Yes,No,Month-to-month,Yes,Credit card (automatic),85.9530840608137,4043.807691244426,1
0,No,No,22,No,No,No,No,Month-to-month,Yes,Electronic check,38.86476696741218,845.0562665975168,1
0,No,No,3,No,No,No,No,Month-to-month,Yes,Electronic check,55.34220079748502,164.96407412392176,1
0,No,No,5,No,No,Yes,No,Month-to-month,Yes,Electronic check,94.34320252132827,499.11844552124643,1
0,No,No,1,No,No,No,No,Month-to-month,No,Mailed check,69.49180198600797,69.49180198600797,1
0,No,No,69,No,Yes,Yes,Yes,One year,Yes,Bank transfer (automatic),104.00800124682316,7252.046295497089,1
0,No,No,28,No,No,No,No,Month-to-month,Yes,Electronic check,104.33179046861987,3046.1457435949455,1
0,Yes,Yes,17,No,No,No,No,Month-to-month,Yes,Electronic check,81.46409258808539,1457.2436548370533,1
0,Yes,No,17,No,No,No,No,Month-to-month,Yes,Electronic check,101.60091044263308,1743.2021876548852,1
0,No,No,2,No,No,Yes,No,Month-to-month,Yes,Electronic check,86.09876432980957,175.40260959951172,1
0,No,No,24,No,No,Yes,No,Month-to-month,Yes,Electronic check,90.29400596295305,2370.7380535174143,1
0,No,No,1,No internet service,No internet service,No internet service,No internet service,Month-to-month,No,Mailed check,20.5,20.5,1
0,No,No,1,No,No,No,No,Month-to-month,Yes,Mailed check,84.42518602767214,84.42518602767214,1
0,No,No,5,No internet service,No internet service,No internet service,No internet service,Month-to-month,No,Bank transfer (automatic),19.55407836629528,129.6763155857084,1
0,Yes,Yes,1,No internet service,No internet service,No internet service,No internet service,Month-to-month,Yes,Mailed check,19.944420183615435,19.944420183615435,1
0,No,No,3,No,No,No,No,Month-to-month,Yes,Electronic check,72.42353723180553,214.1911598105013,1
0,Yes,No,31,No,No,Yes,No,Month-to-month,Yes,Electronic check,93.72848901665824,2863.6684509933702,1
0,No,No,11,No,Yes,No,No,Month-to-month,Yes,Electronic check,76.13869748855649,837.8892500201998,1
0,No,No,21,No,Yes,No,No,Month-to-month,Yes,Electronic check,83.14311495400155,1858.8632533785208,1
1,No,No,23,No,Yes,No,No,Month-to-month,Yes,Electronic check,105.54692390469667,2482.8626219606845,1
0,No,No,1,No,No,No,No,Month-to-month,Yes,Electronic check,69.72210362101951,69.72210362101951,1
1,No,No,18,No,Yes,No,No,Month-to-month,Yes,Electronic check,67.81806488044899,1228.8638250004722,1
0,Yes,No,26,No,No,No,No,Month-to-month,Yes,Electronic check,100.66112248639323,2578.890090594864,1
1,No,No,20,No,No,Yes,No,Month-to-month,Yes,Electronic check,91.62360107967696,1772.792489373932,1
0,No,No,7,No,No,No,No,Month-to-month,Yes,Electronic check,79.20038855613203,523.5280439119193,1
0,Yes,Yes,2,No,No,No,No,Month-to-month,No,Mailed check,56.14942578666144,134.41694327719628,1
0,No,No,1,No,No,No,No,Month-to-month,No,Electronic check,33.85962514249242,43.33945935966749,1
1,No,No,14,No,Yes,No,No,Month-to-month,Yes,Electronic check,79.14047854991611,1104.2309818739511,1
1,No,No,1,No,No,No,No,Month-to-month,Yes,Electronic check,75.57533246003446,75.57533246003446,1
0,No,No,2,No,No,No,No,Month-to-month,Yes,Electronic check,58.80548325204456,142.314816498078,1
1,Yes,No,58,No,Yes,Yes,Yes,Month-to-month,Yes,Bank transfer (automatic),83.24329700184833,4637.7809877969685,1
0,No,No,3,No,No,No,No,Month-to-month,No,Electronic check,88.85468193598756,255.23465571878035,1
1,Yes,No,12,No,No,Yes,No,Month-to-month,Yes,Electronic check,79.39914452166764,936.116931551669,1
0,Yes,Yes,1,No,No,No,No,Month-to-month,Yes,Electronic check,70.92217576403132,70.92217576403132,1
0,No,No,2,No,No,No,No,Month-to-month,Yes,Electronic check,95.44108078200951,189.33189966775285,1
0,Yes,No,32,No,No,No,No,Month-to-month,Yes,Credit card (automatic),90.47677415186477,2871.0691763097093,1
0,Yes,No,56,No,Yes,Yes,Yes,Month-to-month,Yes,Bank transfer (automatic),93.94458165728943,5125.607478424008,1
1,No,No,1,No,No,No,No,Month-to-month,Yes,Electronic check,69.40673985443752,69.40673985443752,1
0,No,No,4,No,No,No,Yes,Month-to-month,Yes,Electronic check,64.94550139702471,264.1062352839783,1
0,No,No,1,No,No,No,No,Month-to-month,Yes,Electronic check,69.58707014014905,69.58707014014905,1
0,No,No,6,No,No,No,No,Month-to-month,Yes,Electronic check,86.88975076376795,581.8179361634061,1
0,No,No,20,No,No,No,No,Month-to-month,Yes,Electronic check,95.9057818643893,2002.1924268599216,1
0,No,No,12,No,No,Yes,No,Month-to-month,Yes,Electronic check,96.78490792501576,1061.3898452107,1
1,No,No,1,No,No,No,No,Month-to-month,Yes,Electronic check,30.49565974038206,30.49565974038206,1
0,No,No,1,No,No,No,No,Month-to-month,No,Mailed check,38.80663178611793,38.80663178611793,1
0,No,No,1,No,No,No,No,Month-to-month,Yes,Electronic check,95.45092274166505,95.45092274166505,1
0,Yes,No,64,No,Yes,No,Yes,One year,Yes,Electronic check,104.979762668034,6899.365820579047,1
0,No,No,1,No,No,No,No,Month-to-month,Yes,Electronic check,45.5181920853558,45.5181920853558,1
0,No,No,7,No,No,No,No,Month-to-month,Yes,Electronic check,79.17081320835469,523.0638754722364,1
0,Yes,Yes,4,No,No,Yes,No,Month-to-month,Yes,Electronic check,95.80355622464904,390.65198963359626,1
0,Yes,No,33,No,No,No,No,Month-to-month,Yes,Credit card (automatic),89.75502363456687,2881.6287448056037,1
0,No,No,40,No,Yes,No,No,Month-to-month,Yes,Electronic check,89.1404373549879,3585.199384279559,1
0,No,No,1,No,No,No,No,Month-to-month,Yes,Electronic check,79.14210809342183,79.14210809342183,1
0,No,No,23,No,No,No,No,Month-to-month,Yes,Electronic check,40.45973449524766,866.026175608368,1
0,Yes,No,21,No,No,No,No,Month-to-month,Yes,Electronic check,94.63145368759365,1907.9311249053544,1
0,No,No,25,No,Yes,No,No,Month-to-month,Yes,Electronic check,89.19856203818061,2276.2175478360464,1
0,No,No,6,No,No,No,No,Month-to-month,Yes,Electronic check,89.53417259519276,574.0248187296148,1
0,No,No,19,No,No,No,No,Month-to-month,Yes,Electronic check,89.56325529523141,1661.5347443446137,1
0,No,No,4,No,Yes,No,No,Month-to-month,Yes,Electronic check,88.58892838227204,366.3571129877937,1
0,No,No,1,No,No,No,No,Month-to-month,Yes,Mailed check,77.14976017055587,77.14976017055587,1
0,No,No,1,No,No,No,No,Month-to-month,No,Electronic check,75.28483037806227,75.28483037806227,1
0,No,No,1,No internet service,No internet service,No internet service,No internet service,Month-to-month,Yes,Mailed check,20.15653261719117,20.15653261719117,1
0,No,No,9,No,Yes,No,No,Month-to-month,Yes,Electronic check,85.15838058364353,818.3642353085876,1
1,No,No,62,No,No,No,No,Month-to-month,Yes,Credit card (automatic),72.77754980841542,4485.350005366745,1
0,Yes,No,47,No,No,Yes,No,Month-to-month,Yes,Electronic check,87.64857686299409,4255.765762551656,1
0,No,No,6,No,No,No,No,Month-to-month,Yes,Electronic check,90.18802081016122,587.8932834997352,1
0,No,No,11,No,No,No,No,Month-to-month,Yes,Electronic check,57.82993042222539,650.6342069289238,1
0,No,No,11,No,No,Yes,No,Month-to-month,Yes,Bank transfer (automatic),99.1881832167992,1121.6606654084176,1
0,No,No,50,No,Yes,Yes,Yes,Month-to-month,Yes,Electronic check,99.68490478815853,5077.826338518811,1
0,No,No,1,No internet service,No internet service,No internet service,No internet service,Month-to-month,Yes,Mailed check,20.176866219746728,20.176866219746728,1
1,No,No,1,No,No,No,No,Month-to-month,No,Electronic check,45.80380252436746,45.80380252436746,1
1,No,No,37,No,No,Yes,No,Month-to-month,Yes,Electronic check,99.37085185899329,3769.8263773450067,1
0,No,No,24,No,No,Yes,No,Month-to-month,Yes,Electronic check,98.95467871622819,2404.6323540651597,1
0,No,No,36,Yes,No,No,No,Month-to-month,Yes,Credit card (automatic),89.10378066213552,3214.8288948272498,1
1,Yes,No,13,No,Yes,No,No,Month-to-month,Yes,Electronic check,96.96784275322109,1236.2736143867376,1
1,Yes,No,29,No,No,No,No,Month-to-month,Yes,Electronic check,103.3064536225176,3161.3307118657494,1
0,No,No,41,No,Yes,No,No,Month-to-month,Yes,Electronic check,101.35183162352926,4278.713468421972,1
0,No,No,15,No,No,No,No,Month-to-month,Yes,Credit card (automatic),64.50900071504225,911.522701190328,1
0,No,No,1,No,No,No,No,Month-to-month,No,Mailed check,70.88528917738806,70.88528917738806,1
0,Yes,Yes,3,No,No,Yes,No,Month-to-month,Yes,Bank transfer (automatic),52.57107176459474,168.6101479159807,1
0,No,No,2,No,No,No,No,Month-to-month,Yes,Electronic check,81.32290793998877,163.97302355999645,1
0,Yes,No,51,Yes,Yes,No,No,One year,Yes,Electronic check,107.21842894208436,5624.522975744077,1
0,No,No,50,No,No,No,No,Month-to-month,Yes,Electronic check,94.54604684178373,4750.708038862124,1
0,Yes,No,14,No,No,No,No,Month-to-month,Yes,Electronic check,84.55388268390715,1139.4600188616237,1
0,Yes,No,33,No,No,Yes,No,Month-to-month,Yes,Electronic check,102.51563237984317,3369.5856012293916,1
0,No,No,1,No internet service,No internet service,No internet service,No internet service,Month-to-month,No,Mailed check,20.83100756884252,20.83100756884252,1
0,No,No,28,No,No,Yes,No,Month-to-month,Yes,Electronic check,103.6815070246099,3046.0735472205347,1
0,No,No,2,No,No,No,No,Month-to-month,Yes,Electronic check,67.2029311417315,165.43529733981097,1
0,No,No,12,No,No,No,No,Month-to-month,Yes,Electronic check,75.66588577427922,998.9445421515372,1
1,Yes,No,26,No,Yes,Yes,No,Month-to-month,Yes,Electronic check,92.88499386117535,2491.1657170825947,1
0,No,No,3,No,No,No,No,Month-to-month,Yes,Electronic check,78.05201673773055,240.68419737112976,1
0,No,No,1,No,No,No,No,Month-to-month,Yes,Electronic check,81.8258676719121,81.8258676719121,1
0,No,No,1,No,No,No,No,Month-to-month,Yes,Electronic check,44.79523483497037,44.79523483497037,1
0,No,No,10,No,No,Yes,No,Month-to-month,Yes,Electronic check,96.3499124016092,1058.4489404895307,1
0,Yes,No,33,No,No,Yes,No,Month-to-month,Yes,Electronic check,94.66141068533116,3036.0925047619517,1
0,Yes,Yes,12,No,No,No,No,Month-to-month,Yes,Electronic check,85.06181301662896,1093.3856747555753,1
0,Yes,No,35,No,No,No,No,Month-to-month,Yes,Electronic check,101.45267867499267,3625.8902365733748,1
0,No,No,21,No,Yes,No,No,Month-to-month,Yes,Electronic check,83.58287740226591,1862.1974523044523,1
1,Yes,No,30,No,No,No,No,Month-to-month,Yes,Electronic check,87.84735390413879,2697.865089135446,1
1,No,No,35,No,Yes,Yes,No,Month-to-month,Yes,Credit card (automatic),68.59263403015305,2508.127265086022,1
0,Yes,No,16,Yes,Yes,Yes,No,Month-to-month,Yes,Credit card (automatic),87.36662777046146,1429.6463373751867,1
0,No,No,2,No,Yes,No,No,Month-to-month,Yes,Mailed check,54.220308712360215,113.76260093331466,1
0,No,No,3,No,No,No,No,Month-to-month,Yes,Electronic check,82.42195343401428,257.1072833311037,1
0,No,No,13,No internet service,No internet service,No internet service,No internet service,Month-to-month,Yes,Bank transfer (automatic),27.505645181586864,345.73545190578824,1
1,Yes,No,13,No,No,No,No,Month-to-month,Yes,Electronic check,105.61058735329676,1362.8303468758006,1
0,No,No,1,No,No,No,No,Month-to-month,Yes,Electronic check,45.65,45.65,1
0,No,No,1,No,No,No,No,Month-to-month,Yes,Mailed check,45.646225948236754,45.646225948236754,1
1,Yes,No,29,No,No,Yes,No,Month-to-month,Yes,Electronic check,99.50539286755841,2963.0087639686103,1
0,No,No,1,No,No,No,No,Month-to-month,Yes,Mailed check,45.5565137898332,45.5565137898332,1
0,Yes,No,53,No,Yes,No,No,Month-to-month,Yes,Electronic check,88.10965397555873,4870.602959500886,1
0,No,No,1,No internet service,No internet service,No internet service,No internet service,Month-to-month,Yes,Mailed check,20.26393799362073,20.26393799362073,1
1,No,No,19,No,No,Yes,No,Month-to-month,Yes,Electronic check,90.12225850610362,1759.574725821582,1
0,No,No,1,No,No,No,No,Month-to-month,No,Electronic check,36.32126461152285,36.32126461152285,1
0,No,No,5,No,No,No,No,Month-to-month,Yes,Electronic check,92.43529801867167,452.89587860100767,1
0,No,No,4,No,Yes,No,No,Month-to-month,Yes,Electronic check,78.99771189846608,303.15522994636325,1
0,Yes,Yes,44,No,No,No,No,Month-to-month,Yes,Electronic check,95.21893989537024,4165.448738202649,1
0,No,No,20,No,No,No,No,Month-to-month,Yes,Electronic check,58.188475642189026,1155.7806728159235,1
0,Yes,No,65,No,Yes,No,No,Month-to-month,Yes,Electronic check,103.76217204845173,6805.623915611589,1
0,No,No,2,No,No,No,No,Month-to-month,No,Electronic check,25.577716386740963,77.97832867878961,1
0,Yes,No,47,No,Yes,No,No,Month-to-month,Yes,Electronic check,89.74746182134479,4120.291661606728,1
0,Yes,No,41,No,Yes,Yes,No,Month-to-month,Yes,Electronic check,98.49704368931143,4113.605858979148,1
0,No,No,29,No,No,Yes,No,Month-to-month,Yes,Electronic check,98.7167857406209,2938.2996440071133,1
0,No,No,2,No,No,No,No,Month-to-month,Yes,Electronic check,72.78585413906289,190.1928094967408,1
0,Yes,Yes,1,No,No,No,No,Month-to-month,No,Electronic check,37.65893643034399,37.65893643034399,1
0,Yes,No,9,No,No,No,No,Month-to-month,Yes,Electronic check,87.14323165367708,835.991468098105,1
0,No,No,9,No,No,No,No,Month-to-month,Yes,Electronic check,85.86094613247458,805.5024136739281,1
0,Yes,No,11,No,No,No,No,Month-to-month,No,Bank transfer (automatic),79.81574349072596,868.0205376622309,1
0,Yes,No,33,No,No,Yes,Yes,Month-to-month,Yes,Electronic check,92.76404810481343,3179.8793048966363,1
1,Yes,No,32,No,No,No,No,Month-to-month,Yes,Credit card (automatic),85.69884267425435,2641.1578662872826,1
0,Yes,No,21,No,No,No,No,Month-to-month,Yes,Electronic check,56.94231589736157,1151.5038363614094,1
0,No,No,1,No,No,No,No,Month-to-month,No,Electronic check,45.483041923716314,45.483041923716314,1
0,No,No,1,No internet service,No internet service,No internet service,No internet service,Month-to-month,No,Mailed check,19.68835259979926,19.68835259979926,1
1,No,No,43,Yes,Yes,Yes,Yes,Month-to-month,Yes,Credit card (automatic),108.34269489968165,4573.044562082006,1
0,Yes,No,35,Yes,Yes,Yes,No,Month-to-month,Yes,Credit card (automatic),92.37177445805628,3255.9304084039054,1
0,Yes,Yes,47,No,Yes,No,No,Month-to-month,Yes,Electronic check,35.00364528304512,1606.671723872214,1
0,No,No,15,No,No,No,No,Month-to-month,Yes,Electronic check,52.7534308421947,762.5699075146564,1
0,Yes,No,68,No,Yes,Yes,Yes,One year,Yes,Credit card (automatic),109.84460266169216,7620.624399709453,1
0,Yes,No,50,No,No,No,No,Month-to-month,Yes,Electronic check,95.49864697050968,4815.942529079536,1
0,No,No,29,No,Yes,No,No,Month-to-month,Yes,Credit card (automatic),79.23454045437825,2265.754810549443,1
0,Yes,No,5,No,No,No,Yes,Month-to-month,Yes,Electronic check,86.71904076845638,470.52333279597815,1
1,Yes,No,1,No,No,No,No,Month-to-month,Yes,Electronic check,74.40960368656253,74.40960368656253,1
0,No,No,11,No,No,Yes,No,Month-to-month,Yes,Electronic check,88.30929941091341,952.9009630892373,1
1,No,No,1,No,No,No,No,Month-to-month,Yes,Electronic check,91.51360487298285,91.51360487298285,1
1,Yes,No,16,No,Yes,No,No,Month-to-month,Yes,Electronic check,77.89500701519188,1233.419215518819,1
0,No,No,1,No,Yes,No,No,Month-to-month,No,Electronic check,75.0740948112979,75.0740948112979,1
0,No,No,1,No,No,No,No,Month-to-month,Yes,Mailed check,45.56643510391899,45.56643510391899,1
1,No,No,9,No,No,No,No,Month-to-month,Yes,Electronic check,81.37378351153907,692.2235449773463,1
0,No,No,1,No,No,No,No,Month-to-month,Yes,Mailed check,73.63766950859798,73.63766950859798,1
0,No,No,53,No,No,No,Yes,Month-to-month,No,Bank transfer (automatic),20.723453072863702,1024.0271510704895,1
0,No,No,1,No,No,No,No,Month-to-month,Yes,Electronic check,79.19028732826327,79.19028732826327,1
0,No,No,26,No,Yes,No,No,Month-to-month,Yes,Electronic check,60.91234158810678,1528.9616879455373,1
1,No,No,6,No,No,No,No,Month-to-month,Yes,Electronic check,73.41147660354868,469.25802477446194,1
0,No,No,2,No,No,No,No,Month-to-month,Yes,Electronic check,93.09160343629482,176.6827301426884,1
0,No,No,11,No,No,No,No,Month-to-month,Yes,Electronic check,93.31567234483599,1046.414427610725,1
0,No,No,2,No,No,No,No,Month-to-month,Yes,Electronic check,75.58704189185092,161.9687507646966,1
0,Yes,No,22,No,No,No,No,Month-to-month,Yes,Electronic check,98.39607989413199,2238.706440926571,1
0,Yes,Yes,9,No,No,Yes,No,Month-to-month,Yes,Mailed check,72.15827691684673,652.4938068251564,1
0,Yes,No,67,No,Yes,Yes,No,Two year,Yes,Bank transfer (automatic),99.63691261408104,6605.569428102813,1
0,No,No,13,No,No,Yes,No,Month-to-month,Yes,Electronic check,84.33083719258047,1035.5502052748275,1
0,No,No,10,No,No,No,No,Month-to-month,Yes,Electronic check,73.78253624727,793.5356290827464,1
0,No,No,1,No,No,No,No,Month-to-month,Yes,Electronic check,36.00166677047691,36.00166677047691,1
1,No,No,1,No,No,No,No,Month-to-month,Yes,Mailed check,25.771624505485992,26.256109800706646,1
0,Yes,No,5,No,Yes,No,No,Month-to-month,Yes,Electronic check,79.50436637005423,412.34139723841736,1
0,No,No,1,No,No,No,No,Month-to-month,Yes,Credit card (automatic),49.26195605561007,49.26195605561007,1
1,No,No,1,No,No,No,No,Month-to-month,No,Electronic check,45.41696429860853,45.41696429860853,1
1,No,No,1,No,No,No,No,Month-to-month,Yes,Electronic check,44.83650848081734,44.83650848081734,1
0,No,No,27,No,No,No,No,Month-to-month,Yes,Electronic check,94.70031024164172,2726.8936229465326,1
1,No,No,9,No,No,Yes,No,Month-to-month,Yes,Electronic check,99.39321530828435,921.0651113588212,1
0,No,No,14,No,No,No,No,Month-to-month,Yes,Electronic check,79.25869249778452,1110.822330449215,1
0,No,No,56,No,Yes,Yes,No,Two year,Yes,Electronic check,97.21714225484578,5483.14113719555,1
0,No,No,48,No,No,No,No,Month-to-month,Yes,Electronic check,45.39164266219667,2089.426368836673,1
0,No,No,5,No internet service,No internet service,No internet service,No internet service,Month-to-month,No,Bank transfer (automatic),19.40742064498121,128.2176293480407,1
0,Yes,Yes,1,No,No,No,No,Month-to-month,Yes,Mailed check,45.3739258318351,45.3739258318351,1
0,No,No,16,No,No,No,No,Month-to-month,Yes,Electronic check,74.3466901349732,1146.2750530595983,1
0,No,No,13,No,No,No,No,Month-to-month,Yes,Electronic check,67.3411400246753,821.4092894875989,1
0,No,No,1,No,No,No,No,Month-to-month,Yes,Electronic check,33.70915013541826,33.70915013541826,1
0,No,No,7,No,No,No,No,Month-to-month,Yes,Electronic check,86.75098962688813,626.0940157287112,1
0,No,No,1,No,No,No,No,Month-to-month,Yes,Electronic check,70.0723749516296,70.0723749516296,1
1,No,No,1,No,No,No,No,Month-to-month,Yes,Electronic check,93.78407645153983,93.78407645153983,1
0,No,No,31,No,No,Yes,No,Month-to-month,Yes,Electronic check,100.79965091715391,3066.5571569710046,1
1,No,No,57,No,No,No,No,Month-to-month,Yes,Electronic check,96.17516734332754,5573.31221536258,1
0,No,No,1,No,No,No,No,Month-to-month,Yes,Electronic check,79.09571812391066,79.09571812391066,1
0,No,No,40,No,Yes,No,No,Month-to-month,Yes,Electronic check,89.44079762616575,3606.2313656791644,1
0,No,No,1,No,No,No,No,Month-to-month,Yes,Electronic check,44.65584668363476,44.65584668363476,1
0,No,Yes,1,No,No,No,No,Month-to-month,Yes,Electronic check,75.01914181499846,75.01914181499846,1
0,No,No,40,No,Yes,No,Yes,Month-to-month,Yes,Credit card (automatic),64.29701161088944,2483.5695463243724,1
0,Yes,No,38,No,No,No,No,Month-to-month,Yes,Electronic check,56.57100063006286,2183.6328171403375,1
0,Yes,Yes,1,No internet service,No internet service,No internet service,No internet service,Month-to-month,Yes,Mailed check,20.08716130853155,20.08716130853155,1
0,No,No,47,No,No,No,No,Month-to-month,Yes,Electronic check,63.6509390950773,3010.378457603738,1
0,No,No,9,No,No,No,No,Month-to-month,Yes,Bank transfer (automatic),84.70145468444845,832.0496026556367,1
0,Yes,No,60,No,Yes,No,No,One year,Yes,Bank transfer (automatic),100.62185264563678,6035.959633450498,1
0,Yes,Yes,5,No,Yes,No,No,Month-to-month,Yes,Electronic check,80.31163908442024,385.89955664372997,1
0,No,No,1,No,No,No,No,Month-to-month,No,Mailed check,71.00334065476268,71.00334065476268,1
0,No,No,23,No,No,No,No,Month-to-month,Yes,Credit card (automatic),76.42953968457812,1765.503951870971,1
0,No,No,24,No,No,No,No,Month-to-month,Yes,Electronic check,71.84646158919269,1765.2906459297217,1
1,No,No,9,No,No,No,No,Month-to-month,Yes,Electronic check,81.52477833210479,750.8225932356333,1
0,No,No,7,No,No,No,No,Month-to-month,No,Mailed check,74.64656206960728,544.5522919535952,1
0,No,No,17,No,No,No,No,Month-to-month,Yes,Electronic check,91.38221366753065,1534.3351154984139,1
1,No,No,16,No,No,No,No,Month-to-month,Yes,Electronic check,93.07679149760598,1507.4949280029746,1
0,No,No,1,No internet service,No internet service,No internet service,No internet service,Month-to-month,Yes,Mailed check,19.69488104491879,19.69488104491879,1
0,No,No,1,No,No,No,No,Month-to-month,Yes,Mailed check,71.22772913432078,71.22772913432078,1
0,Yes,Yes,31,No,No,No,No,Month-to-month,Yes,Electronic check,102.52491227757801,3229.472923950543,1
0,Yes,No,63,No,Yes,Yes,No,Month-to-month,Yes,Electronic check,100.07703932863845,6262.06844463379,1
0,No,No,1,No internet service,No internet service,No internet service,No internet service,Month-to-month,Yes,Mailed check,19.852813570648166,19.852813570648166,1
0,No,No,1,No,No,No,No,Month-to-month,Yes,Electronic check,69.02833697939629,69.02833697939629,1
0,No,No,3,No internet service,No internet service,No internet service,No internet service,Month-to-month,No,Mailed check,19.955533764111998,67.04059683304311,1
0,Yes,No,12,No,Yes,No,No,Month-to-month,Yes,Electronic check,78.97039270217344,910.0771780921979,1
0,No,No,3,No internet service,No internet service,No internet service,No internet service,Month-to-month,No,Mailed check,20.089709548254085,68.75819515741073,1
0,No,No,2,No,No,Yes,No,Month-to-month,Yes,Electronic check,95.21303979930192,196.9720454849165,1
0,No,No,1,No,No,No,No,Month-to-month,No,Electronic check,85.70064294198524,85.70064294198524,1
0,No,No,4,No,No,No,No,Month-to-month,Yes,Electronic check,45.416745146407145,197.09548241321505,1
0,No,No,43,No,No,Yes,No,Month-to-month,Yes,Electronic check,65.12867506709559,2792.8750586776937,1
0,No,No,4,No,No,No,Yes,Month-to-month,Yes,Electronic check,64.97971211735253,264.677836792173,1
0,No,No,1,No,No,No,No,Month-to-month,No,Mailed check,44.55185578786292,44.55185578786292,1
0,Yes,No,62,No,No,Yes,No,One year,Yes,Electronic check,91.19877223538694,5707.992894112336,1
0,Yes,No,3,No,No,No,No,Month-to-month,Yes,Bank transfer (automatic),74.11377106094974,265.19512742340777,1
1,No,No,24,No,Yes,Yes,No,Month-to-month,Yes,Electronic check,100.83952897608879,2505.3195698406644,1
0,No,No,1,No,No,No,No,Month-to-month,No,Electronic check,54.33494671970644,54.33494671970644,1
0,No,No,4,No,No,No,No,Month-to-month,Yes,Electronic check,73.95688690182665,322.35077333961743,1
0,Yes,Yes,11,No internet service,No internet service,No internet service,No internet service,Month-to-month,No,Mailed check,20.86825263797018,223.48774775818498,1
1,No,No,1,No,No,No,No,Month-to-month,Yes,Electronic check,74.61659635339456,74.61659635339456,1
0,Yes,No,19,No,No,Yes,No,Month-to-month,Yes,Electronic check,99.30660022218844,1931.2525959501352,1
0,No,No,20,No,No,No,No,Month-to-month,Yes,Electronic check,96.41260799823041,1983.057578069732,1
0,Yes,Yes,4,No,Yes,No,No,Month-to-month,Yes,Electronic check,97.07375419761782,384.52461364613436,1
0,No,No,2,No,No,No,No,Month-to-month,Yes,Electronic check,33.18295655782752,67.36630337360133,1
0,No,No,69,No,Yes,Yes,Yes,Two year,Yes,Bank transfer (automatic),107.83370080358506,7327.320397584367,1
0,No,No,21,No,No,Yes,No,Month-to-month,Yes,Credit card (automatic),50.52798472491404,1053.4146446246777,1
0,No,No,11,No,No,No,No,Month-to-month,Yes,Electronic check,81.98717670947059,913.8644252902546,1
1,No,No,27,No,Yes,Yes,No,Month-to-month,Yes,Electronic check,93.72538109931062,2536.0446859865665,1
0,No,No,2,No,No,No,No,Month-to-month,Yes,Electronic check,82.24815796382548,184.60663258884603,1
0,No,No,5,No internet service,No internet service,No internet service,No internet service,Month-to-month,No,Mailed check,20.40190916137824,113.29192177785347,1
1,No,No,1,No,No,No,No,Month-to-month,Yes,Electronic check,79.72272223264014,79.72272223264014,1
1,Yes,No,52,No,Yes,Yes,No,Month-to-month,Yes,Electronic check,91.62995414952098,4894.015484224414,1
1,No,No,1,No,No,No,No,Month-to-month,Yes,Electronic check,61.62020687946502,61.62020687946502,1
0,No,No,2,No,No,Yes,No,Month-to-month,No,Electronic check,83.16311778889204,166.28132095814783,1
0,No,No,1,No,No,No,No,Month-to-month,Yes,Electronic check,70.25822345519896,70.25822345519896,1
1,Yes,No,15,No,No,No,No,Month-to-month,Yes,Electronic check,88.61604839769055,1321.4202786947528,1
1,No,No,26,No,No,No,No,Month-to-month,Yes,Electronic check,85.87302893113332,2262.872120852899,1
1,Yes,No,31,No,No,Yes,No,Month-to-month,Yes,Electronic check,98.60157638493142,2912.3313938976935,1
0,No,No,46,No,Yes,Yes,No,Month-to-month,Yes,Bank transfer (automatic),85.67648636153827,3962.9232449285205,1
0,Yes,No,5,No,Yes,No,No,Month-to-month,Yes,Electronic check,82.25796019337892,411.26029637396306,1
1,No,No,5,No,No,No,No,Month-to-month,Yes,Electronic check,84.61701593376452,446.70793441877925,1
0,Yes,No,15,No,No,No,No,Month-to-month,Yes,Electronic check,47.59599741125495,678.098375610863,1
1,Yes,No,28,No,No,Yes,No,Month-to-month,Yes,Bank transfer (automatic),104.42803567180806,2976.924272235411,1
0,Yes,No,57,No,No,Yes,No,One year,Yes,Electronic check,100.4977294334816,5769.698603022326,1
0,Yes,Yes,1,No,No,No,No,Month-to-month,Yes,Electronic check,45.77084227062445,45.77084227062445,1
0,No,No,55,No,Yes,Yes,Yes,Month-to-month,Yes,Bank transfer (automatic),95.18703606178286,5118.014612748786,1
0,No,No,41,Yes,No,No,No,Month-to-month,Yes,Credit card (automatic),76.25347162197043,3230.306110852541,1
0,No,No,18,No,No,No,No,Month-to-month,Yes,Electronic check,89.27019601685305,1531.4028929010076,1
0,Yes,No,22,No,No,No,No,Month-to-month,Yes,Electronic check,54.35193803056318,1137.2934837008934,1
0,Yes,No,55,No,Yes,No,No,One year,Yes,Bank transfer (automatic),107.67450286016674,5998.977545580515,1
1,No,No,15,No,No,No,No,Month-to-month,Yes,Electronic check,72.2781031627791,1165.0201716106985,1
0,No,No,26,No,No,No,No,Month-to-month,Yes,Electronic check,92.81250888618986,2386.4959031377184,1
0,No,No,1,No,No,No,No,Month-to-month,Yes,Electronic check,24.397719491626464,24.397719491626464,1
1,No,No,1,No,No,No,No,Month-to-month,Yes,Electronic check,78.04264839839277,78.04264839839277,1
0,No,No,5,No,No,No,No,Month-to-month,Yes,Electronic check,80.04949053623459,422.2804221537772,1
0,No,No,3,No,No,No,No,Month-to-month,Yes,Electronic check,76.40561781685035,230.4565549141209,1
0,No,No,7,No internet service,No internet service,No internet service,No internet service,Month-to-month,No,Mailed check,20.07867931167174,162.3835791962305,1
0,Yes,No,52,No,Yes,Yes,No,Month-to-month,Yes,Electronic check,109.90529689446514,5917.42615484698,1
0,No,No,4,No,No,No,No,Month-to-month,Yes,Electronic check,71.85227282078128,320.0556120442877,1
0,Yes,Yes,5,No,No,No,No,Month-to-month,Yes,Bank transfer (automatic),46.39630997790987,254.69254607510643,1
0,Yes,No,21,No,No,Yes,No,Month-to-month,Yes,Electronic check,102.50590216305582,2195.1561640695772,1
0,No,No,1,No,No,No,No,Month-to-month,Yes,Mailed check,45.32323678083214,45.32323678083214,1
0,No,No,5,No,Yes,No,No,Month-to-month,Yes,Electronic check,95.53074623052777,511.3516047086355,1
0,Yes,No,15,No,No,No,No,Month-to-month,Yes,Electronic check,42.815791889799996,668.7408969091686,1
1,No,No,2,No,No,No,No,Month-to-month,Yes,Electronic check,87.74722196981608,181.44425994916935,1
0,No,No,13,No,No,Yes,No,Month-to-month,Yes,Electronic check,81.10807909703122,1069.7954350249454,1
0,No,No,10,No,No,No,No,Month-to-month,Yes,Electronic check,66.62256235954939,741.154845336017,1
0,No,No,15,No,No,No,No,Month-to-month,Yes,Electronic check,72.24397156857152,1101.4779784756497,1
0,Yes,No,68,No,Yes,Yes,Yes,Two year,Yes,Bank transfer (automatic),115.52530890646182,7742.719386471757,1
0,No,No,1,No,No,No,No,Month-to-month,No,Electronic check,84.61789854859737,84.61789854859737,1
0,No,No,2,No,No,No,No,Month-to-month,Yes,Electronic check,45.16243683990005,96.88321081299337,1
1,No,No,24,No,Yes,No,No,Month-to-month,Yes,Credit card (automatic),51.45275630462572,1222.7472338463213,1
0,Yes,No,2,No,No,No,No,Month-to-month,Yes,Electronic check,37.04368230826695,94.36146875601621,1
1,Yes,No,13,No,No,No,No,Month-to-month,Yes,Electronic check,102.99809784451939,1361.053379122539,1
0,Yes,No,16,No,No,No,No,Month-to-month,Yes,Electronic check,77.55916351137222,1160.12943853479,1
0,No,No,1,No,No,No,No,Month-to-month,Yes,Mailed check,72.84801280284897,72.84801280284897,1
1,No,No,14,No,No,No,No,Month-to-month,Yes,Electronic check,75.3664896015565,1147.2490426221614,1
0,No,No,3,No,No,No,No,Month-to-month,No,Electronic check,77.6488716998854,257.71477310364037,1
0,No,No,3,No,No,No,No,Month-to-month,Yes,Credit card (automatic),75.53901957234625,246.84568634873057,1
1,Yes,No,7,No,No,No,No,Month-to-month,Yes,Electronic check,92.66609690879025,659.9093057378092,1
0,Yes,No,71,No,Yes,Yes,Yes,Two year,Yes,Bank transfer (automatic),105.40345319479907,7712.817051526739,1
1,No,No,2,No,No,No,No,Month-to-month,Yes,Electronic check,94.62372771583377,179.5481393803735,1
1,No,No,5,No,No,No,No,Month-to-month,Yes,Electronic check,69.97878965378331,328.871484467247,1
0,Yes,No,54,No,No,Yes,No,One year,Yes,Electronic check,104.59280311034158,5749.112996433908,1
1,No,No,44,No,No,No,No,Month-to-month,Yes,Electronic check,88.83818903647752,3791.606859360845,1
0,Yes,No,54,No,Yes,Yes,No,Month-to-month,No,Bank transfer (automatic),109.29066471579694,6108.903547148241,1
0,No,No,1,No,No,No,No,Month-to-month,No,Electronic check,91.55561725302294,91.55561725302294,1
0,No,No,18,No,Yes,Yes,No,Month-to-month,Yes,Electronic check,78.37202318720499,1491.2025202068548,1
0,No,No,1,No,No,No,No,Month-to-month,Yes,Electronic check,45.01793508233201,45.01793508233201,1
0,Yes,Yes,17,No,No,No,No,Month-to-month,Yes,Electronic check,82.29699303591583,1456.0643493100029,1
0,No,No,1,No,No,No,No,Month-to-month,No,Electronic check,45.22813469892837,45.22813469892837,1
0,No,No,21,No,No,No,No,Month-to-month,Yes,Electronic check,46.08401889961658,857.1165339108584,1
0,No,No,3,No,No,No,No,Month-to-month,Yes,Electronic check,50.5078500923252,155.1068997673722,1
0,No,No,1,No,No,No,No,Month-to-month,Yes,Electronic check,69.74133827784388,69.74133827784388,1
0,Yes,No,4,No,No,Yes,No,Month-to-month,Yes,Electronic check,74.44582768652681,306.8559379322559,1
0,Yes,No,1,Yes,No,No,No,Month-to-month,Yes,Electronic check,88.1111249814227,88.1111249814227,1
0,No,No,1,No,No,No,No,Month-to-month,No,Mailed check,45.48197535605452,45.48197535605452,1
0,No,No,42,No,Yes,Yes,No,Month-to-month,Yes,Electronic check,93.27217657748255,3961.3092478063086,1
0,No,No,38,No,No,Yes,No,Month-to-month,Yes,Electronic check,95.65527914029033,3759.0164300822566,1
0,Yes,Yes,1,No,No,No,No,Month-to-month,No,Electronic check,35.498061901873626,35.498061901873626,1
0,No,No,1,No,No,No,No,Month-to-month,Yes,Electronic check,79.79090643373706,79.79090643373706,1
0,No,No,72,Yes,Yes,Yes,Yes,One year,No,Credit card (automatic),109.47063750537015,8124.638194805595,1
0,No,No,1,No,Yes,No,No,Month-to-month,Yes,Electronic check,74.34235304134918,74.34235304134918,1
0,No,No,14,No internet service,No internet service,No internet service,No internet service,Month-to-month,No,Bank transfer (automatic),20.217073674738867,288.5466740057884,1
0,No,No,4,No,No,No,No,Month-to-month,Yes,Electronic check,92.75304922129129,425.4694659230179,1
0,No,No,2,No,No,No,No,Month-to-month,No,Electronic check,40.10068890065307,78.14973731017035,1
0,No,No,7,No,Yes,No,No,Month-to-month,Yes,Electronic check,87.11888799197156,678.5565576402827,1
0,Yes,No,39,No,No,Yes,No,Month-to-month,Yes,Electronic check,75.95407264557304,3006.6272497441923,1
0,No,No,20,No,Yes,No,No,Month-to-month,Yes,Electronic check,93.19682880976194,1855.0983635522941,1
0,No,No,45,Yes,No,No,No,Month-to-month,Yes,Credit card (automatic),69.87888822345198,3229.4757289322083,1
0,Yes,Yes,30,No,No,No,No,Month-to-month,Yes,Credit card (automatic),86.72409137622907,2697.4624101160066,1
1,No,No,8,No,No,No,No,Month-to-month,Yes,Electronic check,91.24223424307046,736.4428223569564,1
1,No,No,44,No,No,No,No,Month-to-month,Yes,Electronic check,85.40417890569616,3882.0686777085107,1
0,No,No,1,No,No,No,No,Month-to-month,Yes,Electronic check,70.10636917211592,70.10636917211592,1
0,Yes,No,60,No,Yes,Yes,No,Month-to-month,Yes,Electronic check,105.85306671208396,6274.239537808336,1
0,No,No,47,No,Yes,No,No,Month-to-month,Yes,Electronic check,91.86416911860347,4365.810118057707,1
0,No,No,18,No,No,Yes,No,Month-to-month,Yes,Electronic check,56.63121347440993,1047.315606737205,1
1,No,No,19,No,No,No,No,Month-to-month,Yes,Electronic check,95.82402164177877,1778.0899458955532,1
0,No,No,1,No,No,No,No,Month-to-month,No,Mailed check,71.07995351168293,71.07995351168293,1
0,No,No,31,No,No,No,No,Month-to-month,Yes,Electronic check,99.45593594924134,3191.1395385481983,1
0,Yes,No,37,No,No,No,No,Month-to-month,Yes,Electronic check,85.60894296642432,3171.3880491020623,1
0,No,No,1,No,No,No,No,Month-to-month,No,Electronic check,79.16725821616025,79.16725821616025,1
0,No,No,9,No,Yes,No,No,Month-to-month,Yes,Electronic check,73.85339296067609,688.0766325938994,1
0,No,No,14,No internet service,No internet service,No internet service,No internet service,Month-to-month,No,Bank transfer (automatic),19.92439495938325,283.9295252863871,1
0,Yes,No,63,No,Yes,Yes,No,One year,Yes,Electronic check,99.65237084978988,6321.630103444234,1
0,No,No,3,No,No,No,No,Month-to-month,No,Mailed check,53.00887795393572,166.33966244941584,1
0,No,No,7,No,No,No,No,Month-to-month,Yes,Electronic check,35.31645214073661,220.5162575507316,1
0,Yes,No,63,No,Yes,Yes,No,Month-to-month,Yes,Electronic check,101.28906595025555,6258.853537460903,1
0,No,No,12,No,No,No,No,Month-to-month,Yes,Electronic check,97.97155225451901,1163.3975002197292,1
0,No,No,4,No,No,No,No,Month-to-month,No,Mailed check,45.37653735048844,195.6597989489091,1
1,Yes,No,10,No,No,Yes,No,Month-to-month,Yes,Electronic check,89.45141806481345,927.7720098126072,1
0,No,No,1,No,No,No,No,Month-to-month,No,Electronic check,44.34506917507672,44.34506917507672,1
0,Yes,No,66,No,Yes,Yes,No,One year,Yes,Electronic check,93.68974935531728,6136.926528219307,1
0,No,No,1,No,No,No,No,Month-to-month,Yes,Electronic check,45.19494338395466,45.19494338395466,1
0,No,No,10,No,No,No,No,Month-to-month,Yes,Electronic check,56.44331433931302,515.9305323481285,1
0,Yes,No,30,No,No,Yes,No,Month-to-month,Yes,Electronic check,98.66505375602827,3043.086824778039,1
0,No,No,17,No,No,No,No,Month-to-month,Yes,Electronic check,29.67409008278094,482.2282090456658,1
0,Yes,No,3,No,No,No,No,Month-to-month,Yes,Electronic check,74.78754818108108,220.63341234555986,1
0,No,No,1,No,No,No,No,Month-to-month,Yes,Electronic check,69.8458742921566,69.8458742921566,1
1,No,No,26,No,No,No,No,Month-to-month,Yes,Electronic check,85.35894685250639,2260.053665789279,1
1,Yes,No,3,No,No,No,No,Month-to-month,Yes,Electronic check,94.88199296089476,285.80084396650057,1
1,No,No,46,No,No,Yes,No,Month-to-month,Yes,Electronic check,99.53000311326755,4541.864646118754,1
0,No,No,2,No,No,No,No,Month-to-month,No,Electronic check,45.05772135026753,87.0887011397071,1
1,No,No,7,No,No,No,No,Month-to-month,Yes,Electronic check,101.4990266103059,703.3039172721975,1
0,Yes,Yes,1,No internet service,No internet service,No internet service,No internet service,Month-to-month,No,Mailed check,19.612033348706866,19.612033348706866,1
1,Yes,No,4,No,No,No,No,Month-to-month,Yes,Electronic check,74.36745739829655,306.79839224652954,1
0,No,No,1,No,No,No,No,Month-to-month,No,Electronic check,69.96845391048855,69.96845391048855,1
0,No,No,1,No,No,No,No,Month-to-month,Yes,Mailed check,45.47906937016417,45.47906937016417,1
1,No,No,1,No,No,No,No,Month-to-month,Yes,Electronic check,26.36430201301151,26.36430201301151,1
0,Yes,Yes,30,No,No,No,No,Month-to-month,Yes,Credit card (automatic),87.35766487571,2697.9405465444206,1
0,No,No,1,No,No,No,No,Month-to-month,No,Mailed check,24.988136110421753,24.988136110421753,1
0,No,No,25,No,Yes,No,No,Month-to-month,Yes,Electronic check,89.22331326469755,2276.3335250117257,1
0,No,No,2,No,No,No,No,Month-to-month,Yes,Electronic check,88.5829369606844,190.78239374664517,1
0,No,No,1,No,No,No,No,Month-to-month,Yes,Electronic check,28.73630922345653,28.73630922345653,1
0,No,No,2,No,No,No,No,Month-to-month,No,Electronic check,30.978340426008756,75.5466325474185,1
0,Yes,No,41,No,Yes,No,No,Month-to-month,Yes,Electronic check,99.21225100563602,4124.555149087498,1
0,Yes,No,30,No,No,No,No,Month-to-month,Yes,Electronic check,83.22930663429574,2559.818600535055,1
0,Yes,Yes,39,No,No,No,No,Month-to-month,Yes,Credit card (automatic),83.97983243520133,3269.390032922856,1
0,Yes,Yes,3,No,No,No,No,Month-to-month,Yes,Electronic check,53.429462852193765,168.15,1
0,Yes,No,9,No,No,No,No,Month-to-month,Yes,Electronic check,87.06782720927977,854.3478047951392,1
0,Yes,No,63,No,Yes,No,No,One year,Yes,Electronic check,107.34854519788163,6874.463374067949,1
0,No,No,10,No,No,No,No,Month-to-month,Yes,Electronic check,86.38181013306667,870.9865927781011,1
0,No,No,13,No,No,No,No,Month-to-month,Yes,Electronic check,52.77711138580145,547.7203315809086,1
0,No,No,3,No,No,No,No,Month-to-month,Yes,Electronic check,70.2790814534592,236.01250439024943,1
0,No,No,10,No,No,No,No,Month-to-month,Yes,Electronic check,97.51549702076562,974.5594505508836,1
1,No,No,1,No,No,No,No,Month-to-month,Yes,Electronic check,69.69690510078446,69.69690510078446,1
0,No,No,25,No,Yes,Yes,No,Month-to-month,Yes,Electronic check,94.60784339290417,2361.595959781598,1
0,No,No,1,No,No,No,No,Month-to-month,Yes,Electronic check,69.43794286219902,69.43794286219902,1
0,Yes,No,10,No,No,No,No,Month-to-month,Yes,Electronic check,69.12808648761131,742.8250788343903,1
0,No,No,1,No internet service,No internet service,No internet service,No internet service,Month-to-month,Yes,Mailed check,19.720988565158525,19.720988565158525,1
0,No,No,26,No,Yes,No,No,Month-to-month,Yes,Electronic check,85.38977423692815,2286.74208798412,1
1,No,No,5,No,No,No,No,Month-to-month,Yes,Electronic check,89.87415883846151,472.1959265605267,1
0,No,No,1,No,No,No,No,Month-to-month,Yes,Electronic check,79.5024285094819,79.5024285094819,1
0,No,No,1,No,Yes,No,No,Month-to-month,Yes,Electronic check,74.30207228241362,74.30207228241362,1
1,No,No,18,No,No,No,No,Month-to-month,Yes,Electronic check,96.71841965471738,1759.5839635397963,1
0,Yes,No,67,No,Yes,No,Yes,One year,Yes,Electronic check,100.19717155976878,6852.031839431215,1
0,No,No,2,No,No,No,No,Month-to-month,Yes,Electronic check,95.25888653794799,253.76364075666675,1
0,No,No,5,No,No,No,No,Month-to-month,Yes,Electronic check,76.82366309419805,432.17328696769675,1
1,No,No,16,No,No,No,No,Month-to-month,Yes,Electronic check,81.02830245776333,1282.39838683413,1
0,No,No,2,No,No,No,No,Month-to-month,Yes,Electronic check,89.56097661553036,243.89808773045075,1
0,No,No,1,No,No,No,No,Month-to-month,No,Electronic check,50.199208502270324,50.199208502270324,1
0,No,No,1,No,No,No,No,Month-to-month,Yes,Electronic check,79.38564028523207,79.38564028523207,1
0,No,No,1,No,No,No,No,Month-to-month,Yes,Electronic check,69.85376443264754,69.85376443264754,1
0,No,No,39,Yes,No,No,Yes,Month-to-month,Yes,Electronic check,79.0874832810381,3185.9251847191154,1
0,No,No,1,No,No,No,No,Month-to-month,No,Electronic check,78.371477569753,78.371477569753,1
0,No,No,1,No,No,No,No,Month-to-month,Yes,Electronic check,75.11842024124407,75.11842024124407,1
0,Yes,No,47,No,Yes,Yes,No,Month-to-month,Yes,Electronic check,99.17266001738369,4747.410379218144,1
0,Yes,Yes,4,No,No,Yes,No,Month-to-month,Yes,Electronic check,101.02841359343662,386.31458971418334,1
0,No,No,1,No,No,No,No,Month-to-month,No,Electronic check,78.03369259101375,78.03369259101375,1
0,Yes,No,68,No,Yes,Yes,Yes,One year,Yes,Electronic check,104.10771003945905,7446.563022433674,1
0,No,No,3,No,No,No,No,Month-to-month,Yes,Electronic check,53.81959226352008,201.1858132019604,1
0,Yes,No,57,No,Yes,Yes,No,One year,Yes,Electronic check,103.5792936415682,5890.419898095157,1
0,No,No,16,No,No,No,No,Month-to-month,Yes,Electronic check,95.2309989353203,1531.220939212137,1
1,No,No,8,No,No,No,No,Month-to-month,Yes,Electronic check,89.21020313621314,767.5700388433039,1
0,No,No,1,No,No,No,No,Month-to-month,Yes,Mailed check,78.5002669997187,78.5002669997187,1
0,No,No,3,No,No,No,No,Month-to-month,Yes,Electronic check,84.82203402650802,299.44833639055355,1
0,Yes,No,61,Yes,Yes,Yes,No,Month-to-month,Yes,Electronic check,101.91693803590886,6216.766947964053,1
0,No,No,1,No internet service,No internet service,No internet service,No internet service,Month-to-month,No,Mailed check,20.443055089667002,20.443055089667002,1
0,No,No,1,No,No,No,No,Month-to-month,Yes,Mailed check,44.93032251558484,44.93032251558484,1
0,No,No,37,No,No,No,No,Month-to-month,Yes,Electronic check,58.72040764941419,2181.3354752249174,1
0,Yes,No,61,No,Yes,Yes,Yes,Month-to-month,Yes,Bank transfer (automatic),88.23111586356461,5288.685435970135,1
0,No,No,1,No,No,No,No,Month-to-month,No,Electronic check,69.74757937664478,69.74757937664478,1
0,No,No,15,No internet service,No internet service,No internet service,No internet service,Month-to-month,No,Bank transfer (automatic),19.994576918552426,288.06129808634915,1
0,No,No,19,No,No,No,No,Month-to-month,Yes,Electronic check,90.30196521717568,1737.5168979565467,1
1,No,No,1,No,No,No,No,Month-to-month,Yes,Electronic check,25.2167873307943,25.2167873307943,1
0,No,No,1,No,No,No,No,Month-to-month,Yes,Electronic check,87.35463337269191,87.35463337269191,1
0,No,No,2,No,No,No,No,Month-to-month,No,Credit card (automatic),90.09122809972907,204.957880775897,1
0,Yes,No,48,No,No,No,No,Month-to-month,Yes,Electronic check,98.77575080910249,4819.709128047894,1
0,No,No,27,No,No,No,No,Month-to-month,Yes,Electronic check,85.28514929474204,2391.5966602606186,1
0,Yes,No,4,No,No,No,No,Month-to-month,Yes,Electronic check,75.5921390444708,301.60514317903795,1
0,No,No,1,No,Yes,No,No,Month-to-month,No,Electronic check,47.74371592749395,47.74371592749395,1
0,No,No,25,No,Yes,Yes,No,Month-to-month,Yes,Electronic check,99.57154945798491,2370.833966485757,1
0,No,No,11,No,No,No,No,Month-to-month,Yes,Electronic check,63.1526510260246,706.7428244947534,1
1,Yes,No,28,No,No,No,No,Month-to-month,Yes,Credit card (automatic),89.52412145077915,2625.8562825182753,1
0,Yes,No,50,No,Yes,Yes,Yes,Month-to-month,Yes,Electronic check,102.70396681209694,5134.808806021278,1
0,No,No,7,No,No,No,No,Month-to-month,No,Electronic check,88.34253818240427,664.0453987509437,1
0,No,No,12,No,No,No,No,Month-to-month,Yes,Electronic check,91.68658798681085,1137.169432532617,1
0,No,No,31,No,No,No,No,Month-to-month,Yes,Electronic check,88.576633486837,2739.6045277890166,1
0,Yes,Yes,2,No,No,No,No,Month-to-month,No,Electronic check,62.11947037048059,126.07499818955513,1
0,Yes,No,24,No,No,No,No,Month-to-month,Yes,Electronic check,87.3019844920041,2170.9708235912544,1
0,No,No,4,No,Yes,No,No,Month-to-month,Yes,Electronic check,88.95741948303474,355.2870103010438,1
0,No,No,16,No,Yes,No,No,Month-to-month,Yes,Credit card (automatic),89.48368347424672,1431.3233800459952,1
0,No,No,1,No,No,No,No,Month-to-month,Yes,Electronic check,70.00220158469908,70.00220158469908,1
0,No,No,2,No,No,Yes,No,Month-to-month,No,Electronic check,85.98538008285469,183.6563460578797,1
0,No,No,8,No,No,No,No,Month-to-month,No,Electronic check,85.57793309796718,661.0414090081972,1
1,No,No,42,No,No,Yes,Yes,Month-to-month,Yes,Electronic check,107.20597096268583,4528.6904174349565,1
0,No,No,10,No,No,No,No,Month-to-month,Yes,Electronic check,85.57687330644336,835.0707254574696,1
0,No,No,2,No,No,Yes,No,Month-to-month,Yes,Electronic check,95.18434998384822,196.93925712439795,1
0,No,No,30,No,No,No,No,Month-to-month,Yes,Electronic check,99.60589672565511,3040.682759949844,1
0,No,No,22,No,No,No,No,Month-to-month,Yes,Electronic check,95.38209837656603,2096.836182959109,1
0,No,No,7,No,No,No,No,Month-to-month,Yes,Electronic check,73.79525524646566,545.335283008582,1
0,No,No,2,No,Yes,No,No,Month-to-month,Yes,Mailed check,46.399732363405676,113.1939917004262,1
0,No,No,1,No,No,No,No,Month-to-month,No,Mailed check,44.42951856828313,44.42951856828313,1
1,No,No,5,No,No,No,No,Month-to-month,Yes,Electronic check,83.11089446160436,414.45633569234917,1
0,No,No,15,No,Yes,No,No,Month-to-month,Yes,Electronic check,98.53738548229222,1452.9235515287194,1
0,No,No,1,No,No,No,No,Month-to-month,No,Mailed check,44.78556119581714,44.78556119581714,1
0,Yes,No,50,No,No,No,No,Month-to-month,Yes,Electronic check,94.85117259302157,4813.506792135652,1
0,Yes,No,42,No,No,No,No,Month-to-month,Yes,Electronic check,83.98113243803421,3589.773583343853,1
0,No,No,38,No,No,No,No,Month-to-month,Yes,Electronic check,76.2171349880206,3020.95861969586,1
0,No,No,1,No,No,No,No,Month-to-month,Yes,Electronic check,24.133043175442157,24.133043175442157,1
0,Yes,No,10,No,No,No,No,Month-to-month,Yes,Electronic check,84.07948025029606,855.7196202876297,1
0,Yes,No,11,No,No,No,No,Month-to-month,Yes,Electronic check,45.501837603312566,481.62385803546505,1
1,Yes,No,1,No,No,No,No,Month-to-month,Yes,Electronic check,85.45568949819146,85.45568949819146,1
0,No,No,36,No,No,No,No,Month-to-month,Yes,Electronic check,55.848953568279576,2012.092125999818,1
0,Yes,Yes,5,No,Yes,No,No,Month-to-month,Yes,Electronic check,80.6096422769543,387.5580091934848,1
0,No,No,34,No,Yes,Yes,No,Month-to-month,Yes,Electronic check,105.95858797076528,3651.2128188403444,1
0,No,No,4,No,No,No,No,Month-to-month,No,Mailed check,45.652477041471236,191.39430876450172,1
0,No,No,9,No,No,No,No,Month-to-month,No,Electronic check,88.19486687896759,843.7910960190096,1
0,No,No,3,No,No,Yes,No,Month-to-month,Yes,Electronic check,98.90923205272571,292.1141140847371,1
0,No,No,7,No,No,No,No,Month-to-month,Yes,Electronic check,88.68637310561171,590.7835641001511,1
0,No,No,3,No,Yes,No,No,Month-to-month,Yes,Electronic check,39.894869232761835,143.6057707609983,1
0,No,No,1,No,No,No,No,Month-to-month,No,Electronic check,50.6861835619364,50.6861835619364,1
0,No,No,1,No,No,No,No,Month-to-month,Yes,Electronic check,35.665251180208145,35.665251180208145,1
0,Yes,No,1,No,No,No,No,Month-to-month,Yes,Electronic check,72.67587536577835,72.67587536577835,1
0,Yes,Yes,15,No,No,No,No,Month-to-month,Yes,Electronic check,99.87322593293226,1457.610079371387,1
0,No,No,24,No,No,No,No,Month-to-month,Yes,Electronic check,97.68716178603555,2406.060468279432,1
0,No,No,8,No internet service,No internet service,No internet service,No internet service,Month-to-month,No,Mailed check,20.228511645497296,177.03341980519036,1
0,No,No,39,No,Yes,Yes,No,Month-to-month,Yes,Bank transfer (automatic),103.89042039365518,4012.23459494379,1
0,Yes,Yes,36,No,No,No,No,Month-to-month,Yes,Credit card (automatic),88.63170821501271,3259.8766938382946,1
0,No,No,1,No,No,No,No,Month-to-month,Yes,Mailed check,47.81358848015473,47.81358848015473,1
1,Yes,No,15,No,No,No,No,Month-to-month,Yes,Electronic check,86.55787247313248,1384.4553828259957,1
0,No,No,6,No,No,No,No,Month-to-month,Yes,Mailed check,93.84029874464008,548.4073164035119,1
0,No,No,29,No,No,No,No,Month-to-month,Yes,Electronic check,93.41725272631423,2752.855137427198,1
0,No,No,14,No,No,No,No,Month-to-month,Yes,Electronic check,62.22965000619028,941.1146328229255,1
0,No,No,18,No,No,No,No,Month-to-month,Yes,Electronic check,92.06804006951462,1746.565257181837,1
0,No,No,29,No,No,No,No,Month-to-month,Yes,Credit card (automatic),37.27735888902184,1075.9995625867664,1
0,No,No,32,No,No,No,No,Month-to-month,Yes,Electronic check,96.99916971874532,3183.440324957232,1
0,No,No,1,No,No,No,No,Month-to-month,Yes,Mailed check,71.3108629431546,71.3108629431546,1
0,No,No,32,No,No,No,No,Month-to-month,Yes,Electronic check,84.19491594448691,2779.355375527047,1
0,No,No,1,No,No,No,No,Month-to-month,Yes,Mailed check,55.57268671908169,55.57268671908169,1
1,No,No,14,No,Yes,No,No,Month-to-month,Yes,Electronic check,74.35069204379619,1085.1230963867376,1
0,No,No,33,No,No,Yes,No,Month-to-month,Yes,Electronic check,92.49459393220569,3066.892940946137,1
0,No,No,23,No,Yes,No,No,Month-to-month,Yes,Electronic check,55.067238882111596,1242.9828045044355,1
0,Yes,No,34,No,No,Yes,No,Month-to-month,Yes,Electronic check,86.898453867753,3031.60967054335,1
0,Yes,No,49,No,Yes,No,No,Month-to-month,Yes,Electronic check,88.92105360599274,4347.070871344448,1
1,No,No,2,No,No,No,No,Month-to-month,Yes,Electronic check,76.3512715183784,157.3191458275786,1
0,No,No,2,No,No,No,No,Month-to-month,Yes,Electronic check,76.51128417342207,165.8880210685334,1
0,No,No,4,No,No,No,No,Month-to-month,Yes,Electronic check,90.45970242521304,393.85522946462874,1
0,No,No,43,No,No,Yes,No,Month-to-month,Yes,Electronic check,88.82992339469952,3857.6292514338406,1
0,No,No,4,No,No,No,No,Month-to-month,No,Electronic check,67.21640109221252,279.75262498934643,1
0,No,No,17,No,Yes,No,No,Month-to-month,Yes,Electronic check,92.58107050467835,1540.393624157571,1
0,No,No,4,No,No,Yes,No,Month-to-month,Yes,Electronic check,76.15132904349403,305.19408869289657,1
1,No,No,9,No,No,No,No,Month-to-month,Yes,Electronic check,84.79486308873739,753.3036509670031,1
0,No,No,1,No internet service,No internet service,No internet service,No internet service,Month-to-month,Yes,Mailed check,20.198121445480055,20.198121445480055,1
0,No,No,1,No,No,No,No,Month-to-month,Yes,Electronic check,27.332422401820153,54.63019152355849,1
0,Yes,No,63,No,Yes,No,No,Month-to-month,Yes,Credit card (automatic),106.08373851154566,6896.218797127641,1
1,No,No,34,No,Yes,Yes,No,Month-to-month,Yes,Electronic check,73.94995578792961,2524.449684698129,1
1,Yes,No,18,No,No,No,No,Month-to-month,Yes,Electronic check,76.90281039308682,1372.9331043977666,1
0,No,No,1,No,No,No,No,Month-to-month,Yes,Mailed check,70.88151425351982,70.88151425351982,1
0,Yes,No,17,No,No,No,No,Month-to-month,Yes,Electronic check,99.66224521600468,1742.9800489310005,1
0,No,No,7,No,No,No,No,Month-to-month,Yes,Electronic check,75.1665261865739,541.3061466547605,1
0,Yes,No,34,No,No,Yes,No,Month-to-month,Yes,Electronic check,90.64434244750748,3028.711244474074,1
0,No,No,1,No,No,No,No,Month-to-month,Yes,Electronic check,75.65664102429098,75.65664102429098,1
0,No,No,1,No,No,No,No,Month-to-month,Yes,Electronic check,75.61125461335773,75.61125461335773,1
0,No,No,9,No,No,No,No,Month-to-month,Yes,Electronic check,74.72695833378826,705.8972291805421,1
0,No,No,10,No,Yes,No,No,Month-to-month,Yes,Electronic check,74.96694895399258,815.5226231690249,1
1,Yes,No,9,No,No,No,No,Month-to-month,Yes,Electronic check,75.35071099469286,664.2646712607997,1
1,No,No,12,No,No,No,No,Month-to-month,Yes,Electronic check,82.58186147852254,1127.332618000803,1
0,Yes,No,38,No,No,Yes,No,Month-to-month,Yes,Electronic check,98.67525541518832,3739.812478385469,1
0,No,No,15,No,No,Yes,No,Month-to-month,Yes,Electronic check,73.69793080885651,1055.848965404428,1
1,No,No,23,No,Yes,No,No,Month-to-month,Yes,Electronic check,93.30461943096881,2289.4832464149913,1
0,No,No,10,No,Yes,No,No,Month-to-month,Yes,Electronic check,71.08061392658313,815.1876927773267,1
0,No,No,17,No,No,No,No,Month-to-month,Yes,Electronic check,49.026206715221775,810.4886854014933,1
0,No,No,2,No,No,No,No,Month-to-month,Yes,Electronic check,47.97622474348998,102.65733786252048,1
0,No,No,33,No,No,No,No,Month-to-month,Yes,Electronic check,91.3771667133789,3093.074931610217,1
0,Yes,No,54,Yes,Yes,No,No,One year,Yes,Electronic check,104.36669906700716,5640.300097201021,1
0,Yes,No,56,No,No,Yes,No,One year,Yes,Electronic check,101.51162431768117,5747.914505164275,1
0,No,No,24,No,Yes,No,No,Month-to-month,Yes,Electronic check,75.76199244044065,1861.811327053065,1
0,Yes,Yes,51,No,No,Yes,No,Month-to-month,Yes,Bank transfer (automatic),96.98291079690715,5025.961853016556,1
1,No,No,8,No,No,No,No,Month-to-month,Yes,Electronic check,83.06843186911692,612.7282903477317,1
0,No,No,2,No,No,No,No,Month-to-month,Yes,Electronic check,88.68678651842683,183.07342731893158,1
1,No,No,1,No,No,No,No,Month-to-month,Yes,Electronic check,84.71836629138205,85.14460225361836,1
0,No,No,1,No internet service,No internet service,No internet service,No internet service,Month-to-month,No,Mailed check,20.175424825968207,20.175424825968207,1
0,Yes,No,27,Yes,Yes,Yes,No,Month-to-month,Yes,Credit card (automatic),52.91256053846503,1432.567971627497,1
1,No,No,1,No,No,No,No,Month-to-month,Yes,Electronic check,87.99242812963003,87.99242812963003,1
0,No,No,12,No,No,No,No,Month-to-month,Yes,Electronic check,71.40424725928492,919.9703645846505,1
0,Yes,Yes,42,No,No,Yes,No,Month-to-month,Yes,Electronic check,99.54495626536068,4209.568990637993,1
0,No,No,1,No internet service,No internet service,No internet service,No internet service,Month-to-month,Yes,Mailed check,20.17722484795519,20.17722484795519,1
0,No,No,44,No,No,Yes,No,Month-to-month,Yes,Electronic check,87.91856209451299,3917.0068043787483,1
1,Yes,No,53,No,Yes,Yes,No,Month-to-month,Yes,Electronic check,92.77757252479067,4869.079418802007,1
1,No,No,16,No,No,No,No,Month-to-month,Yes,Electronic check,71.2394307965456,1144.971641807535,1
0,No,No,18,No internet service,No internet service,No internet service,No internet service,Month-to-month,Yes,Mailed check,19.83782958538558,384.0446849614057,1
0,Yes,Yes,39,No,Yes,Yes,No,Month-to-month,Yes,Bank transfer (automatic),86.2307215892615,3267.770182839904,1
0,No,No,1,No internet service,No internet service,No internet service,No internet service,Month-to-month,No,Mailed check,20.09575777017931,20.09575777017931,1
0,Yes,No,2,No,No,No,No,Month-to-month,No,Electronic check,63.474987809802315,143.79362435992334,1
1,Yes,No,27,No,No,No,No,Month-to-month,Yes,Electronic check,63.07453103391043,1353.9551604526866,1
0,Yes,No,47,No,No,No,No,Month-to-month,Yes,Electronic check,85.44068801755881,4043.29347570589,1
0,No,No,9,No,No,Yes,No,Month-to-month,Yes,Bank transfer (automatic),77.5080358582595,658.4370780161017,1
0,No,No,1,No,No,No,No,Month-to-month,Yes,Electronic check,45.56565184888267,45.56565184888267,1
0,Yes,Yes,1,No,No,No,No,Month-to-month,Yes,Electronic check,70.87698084312024,70.87698084312024,1
0,No,No,1,No,No,No,No,Month-to-month,Yes,Mailed check,71.06738004468627,71.06738004468627,1
0,No,No,3,No,No,No,No,Month-to-month,Yes,Mailed check,39.36435008369011,136.8818808053834,1
0,No,No,3,No,No,No,No,Month-to-month,No,Credit card (automatic),78.30898826445463,226.57891483177,1
1,No,No,1,No,No,No,No,Month-to-month,Yes,Electronic check,93.58018381184364,93.58018381184364,1
1,No,No,30,No,No,Yes,No,Month-to-month,Yes,Electronic check,96.30583405431383,2930.4918492220095,1
0,No,No,6,No,Yes,No,No,Month-to-month,Yes,Electronic check,95.57234720175697,643.2349272401976,1
0,No,No,1,No internet service,No internet service,No internet service,No internet service,Month-to-month,No,Mailed check,19.814269345706002,19.814269345706002,1
0,No,No,12,No,No,No,No,Month-to-month,Yes,Electronic check,59.94442211137611,722.5252630824554,1
0,No,No,10,No,No,Yes,No,Month-to-month,Yes,Electronic check,98.16027644071528,1057.2900834313234,1
0,Yes,No,30,No,No,No,No,Month-to-month,Yes,Electronic check,95.2294687852368,2866.2316121293125,1
1,Yes,No,1,No,No,No,No,Month-to-month,Yes,Electronic check,70.86444185096929,70.86444185096929,1
0,No,No,35,No,No,No,No,Month-to-month,Yes,Electronic check,86.22776732364149,3072.504153839755,1
0,Yes,No,48,No,Yes,No,No,Month-to-month,Yes,Electronic check,86.94071589342191,4157.081381471024,1
0,No,No,1,No,No,No,No,Month-to-month,Yes,Credit card (automatic),48.55964645480666,48.55964645480666,1
0,Yes,No,41,No,No,No,No,Month-to-month,Yes,Electronic check,79.58315153637325,3200.347403396461,1
1,Yes,No,1,No,No,No,No,Month-to-month,Yes,Electronic check,78.42323374365294,78.42323374365294,1
0,No,No,41,No,Yes,Yes,No,Month-to-month,Yes,Bank transfer (automatic),98.70111207208173,4001.9676741756443,1
0,No,No,21,No,No,No,No,Month-to-month,Yes,Electronic check,104.09935655744798,2158.393449077764,1
0,No,No,1,No,No,No,No,Month-to-month,Yes,Electronic check,69.6,69.6,1
0,No,No,20,No,Yes,No,No,Month-to-month,Yes,Electronic check,91.72605519202796,1891.8953579082672,1
1,Yes,No,18,No,No,No,No,Month-to-month,Yes,Electronic check,73.83523999240398,1319.2465241979999,1
1,No,No,1,No,No,No,No,Month-to-month,Yes,Electronic check,87.72346205984925,87.72346205984925,1
0,No,No,5,No,No,No,No,Month-to-month,Yes,Electronic check,90.88994586591552,455.35185386790386,1
1,No,No,12,No,Yes,No,No,Month-to-month,Yes,Electronic check,87.432054018544,1116.106613538144,1
0,Yes,No,46,No,Yes,No,No,Month-to-month,Yes,Electronic check,90.70685283877519,4133.5119414597875,1
1,No,No,16,No,No,No,No,Month-to-month,Yes,Electronic check,85.68700211318308,1286.078550745419,1
0,Yes,No,49,No,No,No,No,Month-to-month,Yes,Electronic check,98.33378893507454,4845.828919416273,1
0,Yes,No,65,No,Yes,No,No,Month-to-month,Yes,Electronic check,101.43089155320692,6849.194956192463,1
0,Yes,Yes,41,No,No,No,No,Month-to-month,Yes,Electronic check,96.78570883819864,4187.19268519414,1
0,No,No,21,No,No,No,No,Month-to-month,Yes,Electronic check,74.91142630337237,1692.4828506250894,1
1,No,No,16,No,No,No,No,Month-to-month,Yes,Electronic check,70.67621122358436,1142.793371673811,1
0,No,No,8,No,No,No,No,Month-to-month,Yes,Electronic check,45.152854495863515,438.17620752430014,1
0,No,No,10,No,No,No,No,Month-to-month,Yes,Bank transfer (automatic),80.7185147906476,821.7981977876925,1
0,No,No,5,No,No,No,No,Month-to-month,Yes,Electronic check,89.63086871720535,477.97214744600655,1
0,No,No,11,No,No,No,No,Month-to-month,Yes,Electronic check,89.72811693359259,1050.3429917577034,1
0,No,No,1,No,No,No,No,Month-to-month,Yes,Mailed check,48.914208777743724,48.914208777743724,1
0,No,No,4,No,No,No,No,Month-to-month,Yes,Electronic check,83.6873922167885,316.19011368580254,1
0,Yes,No,66,No,No,Yes,No,One year,Yes,Electronic check,85.33161618930129,5696.24198309091,1
0,No,No,7,No,Yes,No,No,Month-to-month,Yes,Electronic check,97.48679461199703,673.1819645474117,1
1,Yes,No,12,No,Yes,No,No,Month-to-month,Yes,Electronic check,90.85766726347082,1201.723586210543,1
0,No,No,10,No,No,No,No,Month-to-month,Yes,Electronic check,74.76485778772974,812.9522124929725,1
0,No,No,1,No internet service,No internet service,No internet service,No internet service,Month-to-month,No,Mailed check,20.70191823932181,20.70191823932181,1
0,No,No,4,No,No,No,No,Month-to-month,Yes,Electronic check,81.17341776242856,322.4805608553985,1
1,No,No,12,No,No,No,No,Month-to-month,Yes,Electronic check,84.4106597313319,1127.7494381154033,1
0,No,No,45,No,Yes,Yes,No,Month-to-month,Yes,Electronic check,97.03359333848252,4419.996455900762,1
0,No,No,39,No,Yes,Yes,No,Month-to-month,Yes,Electronic check,103.65999634414814,4002.9298523732195,1
0,Yes,No,24,No,No,No,No,Month-to-month,Yes,Electronic check,79.71822313184316,1964.1544284021013,1
0,Yes,No,5,No,No,No,Yes,Month-to-month,Yes,Electronic check,89.85433060859611,463.9904828810761,1
0,No,No,4,No,Yes,No,No,Month-to-month,Yes,Electronic check,88.88414248571046,357.234997191547,1
0,No,No,9,No,No,No,No,Month-to-month,Yes,Electronic check,71.92897432996003,703.9945239956005,1
0,Yes,No,54,No,No,Yes,No,One year,Yes,Electronic check,104.47222229533995,5765.527214360374,1
0,No,No,1,No,No,Yes,No,Month-to-month,Yes,Electronic check,79.94561227001084,79.94561227001084,1
0,No,No,47,No,No,No,No,Month-to-month,Yes,Electronic check,63.926226234800865,3015.5201365958874,1
0,No,Yes,9,No internet service,No internet service,No internet service,No internet service,Month-to-month,No,Credit card (automatic),20.211424210257256,183.16124126058153,1
0,Yes,No,40,No,No,Yes,Yes,Month-to-month,Yes,Credit card (automatic),84.58460736476731,3271.0789076062774,1
0,No,No,31,No,No,No,No,Month-to-month,Yes,Electronic check,72.64168182066635,2169.9097565228676,1
1,No,No,3,No,No,No,No,Month-to-month,Yes,Electronic check,75.30046789879249,250.1260598745234,1
0,No,No,9,Yes,No,No,No,Month-to-month,No,Electronic check,74.33393701887807,663.3170440496748,1
0,No,No,49,No,No,Yes,No,Month-to-month,Yes,Bank transfer (automatic),78.72052394804031,3815.2726993118404,1
0,No,No,38,No,No,Yes,No,Month-to-month,Yes,Electronic check,96.56107444650392,3756.542455651824,1
0,No,No,15,No,No,No,No,Month-to-month,Yes,Electronic check,51.418521884673765,765.1947829465641,1
0,No,No,1,No internet service,No internet service,No internet service,No internet service,Month-to-month,No,Mailed check,20.94939216142613,20.94939216142613,1
0,Yes,No,8,No,Yes,No,No,Month-to-month,No,Bank transfer (automatic),98.08578723915265,850.3649438535537,1
0,Yes,No,44,No,Yes,No,No,Month-to-month,Yes,Electronic check,95.5427651594629,4362.778187122447,1
0,Yes,No,50,No,No,No,No,Month-to-month,No,Electronic check,27.97662212514838,1356.212066315846,1
0,No,No,1,No,No,No,No,Month-to-month,Yes,Electronic check,85.46021236646989,85.46021236646989,1
0,Yes,No,17,Yes,No,No,No,Month-to-month,No,Electronic check,93.61771967121854,1597.15306636565,1
0,No,No,1,No,No,No,No,Month-to-month,Yes,Electronic check,31.773859490767393,52.026258332708636,1
0,No,No,1,No,No,No,No,Month-to-month,No,Electronic check,88.28988393920262,88.28988393920262,1
0,No,No,1,No internet service,No internet service,No internet service,No internet service,Month-to-month,Yes,Mailed check,19.583619986267507,19.583619986267507,1
0,No,No,9,No,No,No,No,Month-to-month,Yes,Electronic check,69.10994996745492,703.8601652685504,1
0,Yes,Yes,1,No internet service,No internet service,No internet service,No internet service,Month-to-month,No,Mailed check,20.52977363072131,20.52977363072131,1
0,No,No,3,No,No,No,No,Month-to-month,Yes,Electronic check,76.48861589790778,229.0527730629601,1
0,No,No,1,No,No,No,No,Month-to-month,No,Mailed check,64.16562007785427,70.70688484271002,1
0,No,No,2,No,No,No,No,Month-to-month,Yes,Electronic check,85.1639796440807,182.99274043982933,1
0,Yes,No,59,No,Yes,Yes,No,Month-to-month,Yes,Electronic check,105.08492814748641,6285.540570825583,1
1,No,No,9,No,No,No,No,Month-to-month,Yes,Electronic check,98.88003599859279,912.2302386352435,1
1,No,No,5,No,No,No,No,Month-to-month,Yes,Electronic check,77.87416684220405,427.9329382848914,1
0,No,No,19,No,No,Yes,No,Month-to-month,Yes,Electronic check,98.87770181601974,1930.9210201374506,1
0,Yes,No,54,Yes,Yes,No,No,One year,Yes,Electronic check,102.58518817840323,5629.851542243485,1
0,No,No,34,No,No,No,No,Month-to-month,Yes,Electronic check,70.0166654251917,2416.1249981377873,1
0,Yes,No,47,No,No,No,No,Month-to-month,Yes,Electronic check,84.95964767743362,4050.55823875701,1
1,Yes,No,54,No,Yes,No,No,One year,Yes,Electronic check,106.35975217153069,5523.955094478978,1
1,No,No,37,No,No,Yes,No,Month-to-month,Yes,Electronic check,99.3103153539087,3757.3211120630813,1
0,No,No,1,No internet service,No internet service,No internet service,No internet service,Month-to-month,Yes,Mailed check,20.74055432357231,20.74055432357231,1
0,No,No,1,No,No,No,No,Month-to-month,No,Electronic check,45.3,45.3,1
0,No,No,7,No,No,No,No,Month-to-month,Yes,Electronic check,86.40150367738131,622.1058744215386,1
0,Yes,No,1,No,No,No,No,Month-to-month,Yes,Mailed check,69.47602967316487,69.47602967316487,1
0,No,No,1,No,No,No,No,Month-to-month,No,Electronic check,45.191677916413454,45.191677916413454,1
0,Yes,No,33,Yes,Yes,Yes,No,Month-to-month,No,Mailed check,45.284271595771706,1463.679783990886,1
0,No,No,3,No,No,No,No,Month-to-month,Yes,Electronic check,71.63728706693473,215.86621450957384,1
1,Yes,No,1,No,No,No,No,Month-to-month,Yes,Electronic check,70.38048816213704,70.38048816213704,1
1,No,No,24,No,Yes,Yes,No,Month-to-month,Yes,Electronic check,99.03327011880219,2512.4074210528015,1
0,No,No,38,No,No,Yes,No,Month-to-month,Yes,Electronic check,64.29808483789287,2390.7794844833847,1
0,No,No,7,No,No,No,No,Month-to-month,Yes,Electronic check,74.03904952634139,542.9795197565245,1
0,No,No,7,No,Yes,No,No,Month-to-month,Yes,Electronic check,48.12819263549001,339.33657438951354,1
0,No,No,2,No,No,No,No,Month-to-month,No,Electronic check,68.1682058173805,119.58570991814517,1
0,Yes,Yes,1,No internet service,No internet service,No internet service,No internet service,Month-to-month,No,Mailed check,19.651800501180794,19.651800501180794,1
0,No,No,13,No,No,Yes,No,Month-to-month,Yes,Electronic check,91.91002587208142,1122.8878741405802,1
0,No,No,12,No,No,Yes,No,Month-to-month,Yes,Electronic check,84.74528763868952,1109.8034651751716,1
0,Yes,No,41,No,Yes,Yes,No,Month-to-month,Yes,Electronic check,100.23204797825377,4127.502920509497,1
0,No,No,4,No,No,No,No,Month-to-month,Yes,Electronic check,79.64010687403547,321.85700461593336,1
0,Yes,Yes,68,No,Yes,Yes,No,One year,Yes,Credit card (automatic),77.48668534005196,5331.599226340445,1
0,Yes,Yes,53,No,Yes,Yes,No,Month-to-month,Yes,Bank transfer (automatic),94.15106245000071,5021.5359883684,1
0,Yes,No,32,No,Yes,Yes,No,Month-to-month,Yes,Electronic check,74.37294347523525,2367.254662621745,1
0,No,Yes,28,No,No,No,No,Month-to-month,Yes,Electronic check,92.47292930049677,2739.4534706999357,1
0,No,No,1,No,No,Yes,No,Month-to-month,Yes,Electronic check,85.01112025364056,85.01112025364056,1
0,No,No,17,No,Yes,No,No,Month-to-month,Yes,Electronic check,81.52522645275657,1421.9272180991695,1
0,No,No,28,No,No,Yes,No,Month-to-month,Yes,Electronic check,103.22864365701682,2987.960963035352,1
0,No,No,3,No,No,No,No,Month-to-month,No,Mailed check,50.791582007350485,151.54698194615585,1
0,No,No,1,No,No,No,No,Month-to-month,Yes,Electronic check,79.37254604039157,79.37254604039157,1
0,No,No,1,No,No,Yes,No,Month-to-month,Yes,Electronic check,85.41535923982077,85.41535923982077,1
0,No,No,1,No,No,No,No,Month-to-month,Yes,Electronic check,90.6252870371408,90.6252870371408,1
0,No,No,4,No,No,No,No,Month-to-month,Yes,Electronic check,79.4309101136289,378.1109681640311,1
0,No,No,1,No,No,No,No,Month-to-month,No,Mailed check,69.5054063814539,69.5054063814539,1
0,No,No,2,No,No,No,No,Month-to-month,Yes,Electronic check,82.33604449920104,184.3599889938402,1
0,No,No,1,No,No,No,No,Month-to-month,Yes,Electronic check,89.4207643302797,89.4207643302797,1
0,No,No,5,No,No,No,No,Month-to-month,No,Mailed check,93.01645652064833,542.8973307375308,1
0,No,No,19,No,No,Yes,No,Month-to-month,Yes,Electronic check,54.56452095005351,1050.6456792263352,1
0,No,No,1,No,No,No,No,Month-to-month,Yes,Electronic check,95.33259797214245,95.33259797214245,1
0,Yes,No,65,No,Yes,Yes,No,Month-to-month,Yes,Credit card (automatic),80.72123678164984,5223.218965286547,1
0,No,No,4,No,No,No,No,Month-to-month,Yes,Electronic check,25.11442776356398,101.03322181287406,1
0,No,No,1,No internet service,No internet service,No internet service,No internet service,Month-to-month,Yes,Mailed check,20.137633956853666,20.137633956853666,1
1,No,No,2,No,No,No,No,Month-to-month,Yes,Mailed check,78.2893104098207,154.54665015810048,1
0,No,No,3,No,No,No,No,Month-to-month,Yes,Electronic check,78.18251395999665,243.87256915517858,1
0,Yes,No,66,No,Yes,Yes,No,Month-to-month,Yes,Credit card (automatic),99.61707194567101,6596.116630911453,1
1,No,No,1,No,No,No,No,Month-to-month,No,Electronic check,78.68468054566024,78.68468054566024,1
1,Yes,No,31,No,No,Yes,No,Month-to-month,Yes,Bank transfer (automatic),94.66391977032596,2931.5964117582807,1
0,No,No,11,No,No,No,No,Month-to-month,No,Electronic check,56.26747683137837,669.6513088288918,1
0,No,No,3,No,No,No,No,Month-to-month,Yes,Electronic check,78.58034261983299,242.645874430428,1
0,No,No,2,Yes,Yes,No,No,Month-to-month,Yes,Mailed check,53.9032662710766,107.93959822924742,1
0,Yes,No,54,No,Yes,Yes,No,One year,Yes,Electronic check,109.71822825867888,6113.837864381269,1
0,No,No,1,No,No,No,No,Month-to-month,No,Electronic check,45.13096572251955,45.13096572251955,1
1,No,No,3,No,No,No,No,Month-to-month,Yes,Electronic check,77.19316046135445,228.69289782844967,1
1,No,No,34,No,No,Yes,No,Month-to-month,Yes,Electronic check,102.70415061974278,3502.7417136672143,1
0,No,No,12,No,No,No,No,Month-to-month,Yes,Electronic check,85.0701327284022,1058.7134058475328,1
0,No,No,13,No,No,No,No,Month-to-month,Yes,Electronic check,71.57750300728573,916.482249768158,1
0,No,No,7,No,No,No,No,Month-to-month,Yes,Electronic check,90.28261778509632,632.2182041430971,1
0,No,No,11,No,No,Yes,No,Month-to-month,Yes,Electronic check,95.64373223070389,1072.3400140974636,1
0,No,No,10,No,No,No,No,Month-to-month,Yes,Electronic check,82.99506850601858,835.3315692410292,1
0,No,No,60,Yes,Yes,Yes,No,One year,Yes,Electronic check,103.2755732847765,6225.376987345208,1
0,No,No,54,No,Yes,Yes,No,Two year,Yes,Electronic check,100.0646585451035,5510.209068354372,1
0,No,No,15,No,No,No,No,Month-to-month,Yes,Electronic check,62.069241565427504,838.8467089778709,1
0,Yes,No,12,No,Yes,No,No,Month-to-month,Yes,Electronic check,98.2826313805942,1232.666629829746,1
0,No,No,15,No,No,No,No,Month-to-month,No,Bank transfer (automatic),66.5815552259791,1024.823021204593,1
0,No,No,8,No,No,No,No,Month-to-month,No,Mailed check,59.18506660639635,540.0493692291061,1
0,Yes,No,57,No,No,Yes,No,One year,Yes,Electronic check,98.69472694355207,5709.937087172688,1
0,No,No,7,No,Yes,No,No,Month-to-month,Yes,Electronic check,95.13910108301243,669.6808431716762,1
0,No,No,4,No,No,No,No,Month-to-month,Yes,Electronic check,76.92681151180446,321.73114593942506,1
0,No,No,1,No,No,No,No,Month-to-month,Yes,Mailed check,70.015507900395,70.015507900395,1
0,No,No,3,No internet service,No internet service,No internet service,No internet service,Month-to-month,No,Mailed check,20.338503477219472,77.20224005998432,1
0,No,No,1,No internet service,No internet service,No internet service,No internet service,Month-to-month,No,Mailed check,20.169432069738118,20.169432069738118,1
0,Yes,No,62,No,Yes,Yes,Yes,One year,Yes,Electronic check,100.5911837140246,6215.268048569063,1
0,Yes,No,4,No,Yes,No,No,Month-to-month,Yes,Electronic check,88.05035090196958,415.6120206203242,1
0,No,No,1,No,No,No,No,Month-to-month,Yes,Electronic check,89.96020656398339,89.96020656398339,1
0,No,No,18,No,Yes,No,No,Month-to-month,Yes,Electronic check,82.39448549888998,1556.8690646738205,1
0,No,No,10,No,No,Yes,No,Month-to-month,Yes,Electronic check,99.41454866384856,1055.3093343458925,1
0,Yes,Yes,1,No,No,No,No,Month-to-month,No,Electronic check,41.944589134012226,41.944589134012226,1
0,Yes,No,29,No,No,No,No,Month-to-month,Yes,Electronic check,60.463039589432135,1723.9805148774053,1
0,No,No,6,No,No,No,No,Month-to-month,Yes,Mailed check,59.27538322707591,350.72681460959944,1
0,No,No,2,No,No,No,No,Month-to-month,Yes,Electronic check,75.28368225827752,162.05251318797252,1
0,No,No,7,No internet service,No internet service,No internet service,No internet service,Month-to-month,No,Mailed check,20.20206142908713,156.0575990664171,1
0,No,No,4,No,No,No,No,Month-to-month,Yes,Electronic check,29.137569307256086,100.13314509316506,1
0,No,No,8,Yes,No,No,No,Month-to-month,Yes,Bank transfer (automatic),101.47946036109349,838.1312893109337,1
0,No,No,1,No,No,No,No,Month-to-month,Yes,Mailed check,70.65723645434569,70.65723645434569,1
0,Yes,Yes,1,No,No,No,No,Month-to-month,Yes,Electronic check,26.082053455867097,35.291485184099436,1
0,No,No,11,No,No,No,No,Month-to-month,Yes,Electronic check,92.91323725520158,1046.557515642595,1
0,No,No,4,No,No,No,No,Month-to-month,Yes,Electronic check,29.22046001424065,116.84581409739485,1
0,Yes,Yes,2,No,No,Yes,No,Month-to-month,Yes,Bank transfer (automatic),60.84281642379316,167.5222984401296,1
0,No,No,32,No,No,No,No,Month-to-month,Yes,Electronic check,83.96422903265814,2778.9092811197074,1
0,No,No,4,No,No,Yes,No,Month-to-month,Yes,Electronic check,74.50477028011204,345.10667959609646,1
0,No,No,1,No,No,No,No,Month-to-month,Yes,Electronic check,69.65274911080228,69.65274911080228,1
0,No,No,2,No,No,No,No,Month-to-month,Yes,Electronic check,95.73693169112943,169.16282195277353,1
1,No,No,23,No,Yes,No,No,Month-to-month,Yes,Credit card (automatic),52.13359812006763,1202.6706462880966,1
1,No,No,41,No,No,Yes,Yes,Month-to-month,Yes,Bank transfer (automatic),108.41123283910872,4516.6943933385455,1
0,Yes,No,8,No,Yes,No,No,Month-to-month,No,Electronic check,97.28806758363378,845.090903966977,1
0,No,No,4,No,No,No,No,Month-to-month,No,Credit card (automatic),54.14055794585574,195.6626525153085,1
0,Yes,No,3,No,No,No,No,Month-to-month,Yes,Electronic check,84.3301645314375,263.65330863487,1
0,No,No,2,No,Yes,No,No,Month-to-month,Yes,Mailed check,53.19730063653774,118.37626440342135,1
0,Yes,Yes,8,No,No,Yes,No,Month-to-month,Yes,Bank transfer (automatic),76.25487349350844,673.3644393201964,1
0,No,No,25,No,No,No,No,Month-to-month,Yes,Electronic check,89.16648035921426,2264.4425539976824,1
0,No,No,3,No internet service,No internet service,No internet service,No internet service,Month-to-month,No,Mailed check,19.758114917853625,59.312550317656566,1
0,No,No,1,No,No,No,No,Month-to-month,Yes,Mailed check,71.54029814203535,71.54029814203535,1
0,No,No,1,No,No,No,No,Month-to-month,No,Electronic check,45.82267867477064,45.82267867477064,1
0,Yes,Yes,1,No internet service,No internet service,No internet service,No internet service,Month-to-month,No,Mailed check,20.431781611473482,20.431781611473482,1
0,No,No,33,No,No,No,No,Month-to-month,Yes,Credit card (automatic),71.57544413512827,2410.4443325710845,1
0,No,No,42,Yes,No,No,Yes,Month-to-month,Yes,Electronic check,75.52298956096274,3197.5469194522775,1
1,Yes,No,12,No,No,Yes,No,Month-to-month,Yes,Electronic check,77.64716189159924,945.71090156622,1
0,No,No,7,No,No,No,No,Month-to-month,Yes,Electronic check,72.86241125276821,568.1363172002348,1
0,No,No,10,No,No,No,No,Month-to-month,Yes,Bank transfer (automatic),83.75070164711525,832.7970642666987,1
1,No,No,1,No,No,No,No,Month-to-month,Yes,Mailed check,25.279982954432445,25.279982954432445,1
0,No,No,12,No,No,No,No,Month-to-month,Yes,Electronic check,81.51275277515246,997.209193713177,1
0,No,No,8,No,No,No,No,Month-to-month,Yes,Electronic check,64.55366984428898,551.2395132248282,1
1,No,No,5,No,No,No,No,Month-to-month,Yes,Electronic check,70.53068074926767,332.09853028606733,1
0,No,No,3,No,No,No,No,Month-to-month,Yes,Electronic check,32.132037825503645,91.01624396731852,1
1,No,No,4,No,No,No,No,Month-to-month,Yes,Electronic check,95.35888159973287,398.34626665006385,1
1,No,No,9,No,No,Yes,No,Month-to-month,Yes,Electronic check,99.21421239853366,921.4637996578114,1
0,Yes,Yes,5,No,Yes,No,No,Month-to-month,Yes,Electronic check,84.73433027516256,473.9970091745123,1
0,No,No,47,No,No,No,No,Month-to-month,Yes,Electronic check,64.7173983148012,3014.2198343769887,1
1,No,No,1,No,No,No,No,Month-to-month,Yes,Electronic check,75.49737956796663,75.49737956796663,1
0,No,No,2,No,No,No,No,Month-to-month,Yes,Electronic check,81.2622490117367,164.8139617325405,1
0,No,No,12,No,No,No,No,Month-to-month,Yes,Electronic check,58.75488685935594,710.69874774229,1
0,Yes,No,25,No,No,No,No,Month-to-month,Yes,Electronic check,71.11584858905951,1741.003862261425,1
1,No,No,44,No,No,No,No,Month-to-month,Yes,Electronic check,109.75445544038044,4850.491088597664,1
0,Yes,Yes,1,No,No,No,No,Month-to-month,No,Electronic check,36.43944747261597,36.43944747261597,1
0,No,No,37,No,No,Yes,No,Month-to-month,Yes,Electronic check,100.64049032382506,3752.2714974494,1
0,No,No,1,No,No,No,No,Month-to-month,Yes,Electronic check,36.76132947735862,56.62005184983876,1
0,No,No,1,No,No,No,No,Month-to-month,Yes,Electronic check,81.29174153375884,81.29174153375884,1
0,No,No,51,No,Yes,Yes,Yes,Month-to-month,Yes,Bank transfer (automatic),100.94434475240821,5101.298402519256,1
0,No,No,10,No,No,No,No,Month-to-month,Yes,Bank transfer (automatic),74.53959339474613,803.9107337563909,1
1,No,No,8,No,No,No,No,Month-to-month,Yes,Electronic check,94.53432961581922,739.6405044322033,1
1,No,No,1,No,No,No,No,Month-to-month,Yes,Electronic check,70.17560253864346,70.17560253864346,1
0,Yes,No,31,No,No,Yes,No,Month-to-month,Yes,Electronic check,93.67270794065502,2863.678860842061,1
0,No,No,1,No,No,No,No,Month-to-month,Yes,Mailed check,44.81547888801524,44.81547888801524,1
0,No,No,2,No,No,No,No,Month-to-month,Yes,Electronic check,86.48412081824044,182.75118122736066,1
0,Yes,No,34,No,Yes,No,No,Month-to-month,Yes,Electronic check,99.1672363089463,3396.1024039370955,1
0,No,No,25,No,Yes,Yes,No,Month-to-month,Yes,Electronic check,97.79908966023613,2372.8130759729293,1
0,No,Yes,16,No internet service,No internet service,No internet service,No internet service,Month-to-month,Yes,Electronic check,22.761185976191815,395.2019766269864,1
0,Yes,No,48,No,Yes,Yes,Yes,Month-to-month,Yes,Electronic check,107.32697109944833,5119.137221022123,1
0,Yes,Yes,6,No,No,No,No,Month-to-month,Yes,Electronic check,77.62708998310849,511.81249706124277,1
0,No,No,4,No,No,No,No,Month-to-month,Yes,Electronic check,85.16528568190854,320.3015466338809,1
0,No,No,10,No,No,No,No,Month-to-month,Yes,Electronic check,51.190100113600515,503.0024711440483,1
1,No,No,13,No,Yes,No,No,Month-to-month,Yes,Electronic check,82.08262931715882,1062.2982805692145,1
0,No,No,3,No,No,Yes,No,Month-to-month,Yes,Electronic check,94.28710195421779,293.7740427619296,1
0,Yes,No,22,No,No,Yes,No,Month-to-month,Yes,Bank transfer (automatic),101.02585537019966,2191.175844053838,1
1,No,No,35,No,Yes,No,No,Month-to-month,Yes,Credit card (automatic),67.62502291277372,2505.179163377515,1
1,No,No,62,No,No,No,No,Month-to-month,Yes,Electronic check,72.63225700375571,4486.781594517124,1
1,No,No,3,No,No,No,No,Month-to-month,Yes,Electronic check,78.57361753650319,205.89242872492395,1
0,Yes,Yes,26,No,No,No,No,Month-to-month,Yes,Credit card (automatic),105.05565433541503,2712.7136935002277,1
0,No,No,10,No,No,No,No,Month-to-month,Yes,Electronic check,86.59570207768836,871.6392119207608,1
0,Yes,No,30,No,No,Yes,No,Month-to-month,Yes,Bank transfer (automatic),93.58514364333328,2947.347872900265,1
0,No,No,12,No,No,Yes,No,Month-to-month,Yes,Electronic check,95.21915803816715,1066.0692799726503,1
1,Yes,No,46,Yes,Yes,Yes,Yes,Month-to-month,Yes,Credit card (automatic),99.9776912707514,4670.347360787859,1
0,No,No,1,No,No,No,No,Month-to-month,Yes,Electronic check,34.87317612956904,34.87317612956904,1
0,No,No,10,No,No,No,No,Month-to-month,Yes,Electronic check,95.94932961666854,1007.545070042959,1
0,No,No,41,No,Yes,No,No,Month-to-month,Yes,Electronic check,99.53368551084067,4276.138835983436,1
0,No,No,2,No,No,No,No,Month-to-month,No,Electronic check,44.628826187790224,82.56667922012049,1
1,Yes,No,7,No,No,No,No,Month-to-month,Yes,Electronic check,92.70049942178758,636.6138325089936,1
1,No,No,39,No,No,Yes,No,Month-to-month,Yes,Electronic check,93.53384762999274,3543.4100226388387,1
0,No,No,8,No,No,Yes,No,Month-to-month,Yes,Electronic check,102.36701018295392,824.703237975339,1
0,No,No,15,Yes,No,Yes,No,Month-to-month,No,Electronic check,101.01622594233655,1585.8369473191785,1
0,No,No,12,No,Yes,Yes,No,Month-to-month,Yes,Electronic check,110.80957558964457,1377.51501170384,1
0,Yes,No,10,No,No,No,No,Month-to-month,Yes,Electronic check,80.85865533109776,856.8742556360215,1
0,No,No,1,No,Yes,No,No,Month-to-month,No,Electronic check,32.30707151680314,32.30707151680314,1
0,Yes,No,69,No,Yes,Yes,No,Two year,Yes,Credit card (automatic),94.71565895395398,6579.9272181202905,1
0,No,No,4,No,No,Yes,No,Month-to-month,Yes,Electronic check,81.34313280359846,333.22590400514065,1
0,Yes,No,5,No,Yes,No,No,Month-to-month,Yes,Electronic check,81.49345843028972,415.5827882584381,1
0,Yes,No,47,No,No,No,No,Month-to-month,Yes,Electronic check,86.4695023321948,4247.888286087409,1
0,No,No,1,No,Yes,No,No,Month-to-month,Yes,Electronic check,76.39110719787902,76.39110719787902,1
0,Yes,No,56,No,Yes,Yes,No,One year,Yes,Bank transfer (automatic),105.47373542709994,6075.446080985564,1
0,No,No,1,No,No,No,No,Month-to-month,Yes,Electronic check,86.50579330005387,86.50579330005387,1
0,No,No,1,No,No,No,No,Month-to-month,No,Mailed check,45.247211882975165,45.247211882975165,1
0,No,No,1,No,No,No,No,Month-to-month,Yes,Credit card (automatic),48.35383688979939,48.35383688979939,1
0,No,No,11,No,No,No,No,Month-to-month,Yes,Electronic check,76.5523481924422,915.9264226356141,1
0,No,No,1,No,No,No,No,Month-to-month,No,Electronic check,69.97233144051252,69.97233144051252,1
1,Yes,No,3,No,No,No,No,Month-to-month,Yes,Electronic check,94.90187948353092,286.2416618849355,1
1,No,No,6,No,No,No,No,Month-to-month,Yes,Electronic check,72.62991303657644,463.3819440393568,1
0,Yes,No,14,No,No,No,No,Month-to-month,Yes,Electronic check,70.11054565835937,917.8119471784598,1
0,Yes,No,15,No,Yes,No,No,Month-to-month,Yes,Electronic check,77.624433995495,1217.3887581151969,1
0,No,No,12,No,No,No,No,Month-to-month,No,Electronic check,79.74777694899225,867.4549680759188,1
0,No,No,2,No,No,Yes,No,Month-to-month,No,Electronic check,78.32080580084718,164.93114482902794,1
0,No,No,5,No,No,No,No,Month-to-month,Yes,Electronic check,92.14769819513204,453.3542747804691,1
1,No,No,1,No,No,No,No,Month-to-month,Yes,Electronic check,24.931763180374915,24.931763180374915,1
0,No,No,1,No internet service,No internet service,No internet service,No internet service,Month-to-month,Yes,Mailed check,20.11947266224923,20.11947266224923,1
0,No,No,2,No,No,No,No,Month-to-month,Yes,Electronic check,71.47581849395131,136.27959925027946,1
0,No,No,34,No,No,No,No,Month-to-month,Yes,Electronic check,70.09790637475753,2416.2468595621363,1
1,Yes,No,16,No,No,No,No,Month-to-month,Yes,Electronic check,82.08257308115266,1332.955355707738,1
1,No,No,13,No,No,No,No,Month-to-month,Yes,Electronic check,96.45408418524423,1299.8060339028252,1
0,No,No,48,No,Yes,Yes,Yes,Month-to-month,Yes,Electronic check,102.14978758508929,5080.96918932517,1
1,Yes,No,15,No,No,No,No,Month-to-month,Yes,Electronic check,86.58380028234343,1351.172696311307,1
0,No,No,2,No,No,No,No,Month-to-month,Yes,Electronic check,37.8135970436794,93.7,1
0,No,No,1,No,No,No,No,Month-to-month,No,Electronic check,69.74960157295618,69.74960157295618,1
0,Yes,No,42,No,No,Yes,No,Month-to-month,Yes,Electronic check,77.92187396178535,3378.8951240640417,1
0,No,No,20,No,No,No,No,Month-to-month,Yes,Electronic check,43.64025846342747,809.2014458747269,1
0,No,No,1,No,No,No,No,Month-to-month,No,Mailed check,62.79129307385749,62.79129307385749,1
0,Yes,No,22,No,No,Yes,No,Month-to-month,Yes,Electronic check,85.13088770701782,1919.899644598311,1
0,No,No,30,No,No,No,No,Month-to-month,Yes,Electronic check,75.50842099708078,2218.311405291399,1
0,No,No,1,No,No,No,No,Month-to-month,Yes,Electronic check,80.80573868993119,80.80573868993119,1
1,Yes,No,41,No,Yes,Yes,Yes,Month-to-month,Yes,Electronic check,112.32869888175561,4527.541161497331,1
0,Yes,No,17,No,No,No,No,Month-to-month,Yes,Electronic check,99.9238934320809,1743.0100294557594,1
0,Yes,No,69,No,Yes,Yes,Yes,One year,Yes,Electronic check,103.81715473706407,7428.96588950365,1
1,No,No,1,No,No,Yes,No,Month-to-month,Yes,Electronic check,84.94685930091741,84.94685930091741,1
0,No,No,30,No,No,No,No,Month-to-month,Yes,Electronic check,79.082072906888,2438.5157882291787,1
0,Yes,No,4,No,Yes,No,No,Month-to-month,Yes,Electronic check,93.05087621991348,369.64710092069004,1
0,No,No,1,No,No,No,No,Month-to-month,Yes,Mailed check,78.12893355199911,78.12893355199911,1
0,No,No,1,No,No,No,No,Month-to-month,Yes,Electronic check,45.48232580492869,45.48232580492869,1
0,No,No,36,No,No,No,No,Month-to-month,Yes,Electronic check,61.86020215990541,2104.3080099438844,1
1,No,No,1,No,No,No,No,Month-to-month,Yes,Electronic check,69.93268035223247,69.93268035223247,1
0,No,No,5,No,No,No,No,Month-to-month,Yes,Electronic check,89.30777470805234,519.1790867961423,1
0,No,No,3,No,No,No,No,Month-to-month,No,Electronic check,77.17730016730195,270.7383251704129,1
0,Yes,Yes,30,No,No,No,No,Month-to-month,Yes,Electronic check,74.37161008398733,2350.9517995328943,1
1,No,No,35,No,No,Yes,No,Month-to-month,Yes,Electronic check,100.3162263755228,3528.312435251836,1
0,Yes,No,7,No,No,Yes,No,Month-to-month,Yes,Electronic check,49.34711551022201,334.7341106509648,1
1,No,No,14,No,Yes,No,No,Month-to-month,Yes,Electronic check,74.35568784431722,1084.0265181723726,1
1,No,No,37,No,Yes,No,No,Month-to-month,Yes,Credit card (automatic),68.17506825826423,2497.7865638586995,1
0,No,No,1,No,No,No,No,Month-to-month,Yes,Credit card (automatic),48.57855278332849,48.57855278332849,1
0,No,No,1,No,No,Yes,No,Month-to-month,Yes,Electronic check,98.20456997697151,98.20456997697151,1
0,Yes,No,10,No,No,No,No,Month-to-month,Yes,Electronic check,86.22500172985056,856.2401802394987,1
0,No,No,10,No,No,No,No,Month-to-month,Yes,Electronic check,52.71231333873609,522.0572513804726,1
1,No,No,1,No,No,No,No,Month-to-month,Yes,Electronic check,26.80023402476849,26.80023402476849,1
1,Yes,No,14,No,Yes,No,No,Month-to-month,Yes,Electronic check,87.22742980725131,1235.625501746741,1
0,No,No,2,No,No,No,No,Month-to-month,No,Electronic check,70.08255599978581,143.31678647709825,1
0,No,No,1,No,No,No,No,Month-to-month,Yes,Electronic check,46.86057286538126,46.86057286538126,1
1,No,No,18,No,No,No,No,Month-to-month,Yes,Electronic check,95.33942567636552,1766.0769255912855,1
1,No,No,1,No,No,No,No,Month-to-month,Yes,Electronic check,25.179875609962398,25.179875609962398,1
0,No,No,1,No,No,No,No,Month-to-month,Yes,Electronic check,45.33266473400798,45.33266473400798,1
0,No,No,7,No,No,No,No,Month-to-month,Yes,Electronic check,84.27818944661706,586.646483572722,1
1,Yes,No,53,No,Yes,Yes,No,Month-to-month,Yes,Electronic check,88.32735588444973,4874.711720390568,1
1,No,No,13,No,Yes,No,No,Month-to-month,Yes,Electronic check,80.03251178461778,1095.65988849276,1
1,Yes,No,31,No,No,No,No,Month-to-month,Yes,Credit card (automatic),86.60700397805114,2660.035827362133,1
0,No,No,7,No,No,No,No,Month-to-month,Yes,Electronic check,77.33719769393159,522.0416172587219,1
0,No,No,12,No,No,Yes,No,Month-to-month,Yes,Electronic check,87.55404358116644,1090.7721375077751,1
0,No,Yes,15,No,No,No,No,Month-to-month,Yes,Electronic check,80.82509684274686,1290.7832374695588,1
0,No,No,5,No,No,No,No,Month-to-month,Yes,Electronic check,95.06069246485407,513.6027937073126,1
0,Yes,Yes,68,No,Yes,Yes,No,One year,Yes,Credit card (automatic),78.82474802173887,5343.567852026695,1
1,No,No,7,No,No,No,No,Month-to-month,Yes,Electronic check,95.6278269537132,688.5865077053955,1
0,No,Yes,56,Yes,No,No,No internet service,Month-to-month,No,Bank transfer (automatic),19.957943908690734,1066.9806647612834,1
0,No,No,3,No,No,No,No,Month-to-month,Yes,Electronic check,30.0052312044963,117.98980824456271,1
0,No,No,1,No,No,No,No,Month-to-month,No,Electronic check,46.83620943213593,46.83620943213593,1
0,No,No,50,No,Yes,No,No,Month-to-month,Yes,Electronic check,87.45965750101017,4367.550233128312,1
1,No,No,8,No,No,No,No,Month-to-month,Yes,Electronic check,79.49457730071894,611.7401074265806,1
0,No,No,9,No,No,No,No,Month-to-month,Yes,Electronic check,74.7060678294939,705.2600687995638,1
0,No,No,14,No,No,No,No,Month-to-month,Yes,Electronic check,81.72735911977075,1286.3551265516355,1
0,No,No,1,No,No,No,No,Month-to-month,Yes,Electronic check,50.41886316293079,50.41886316293079,1
0,Yes,No,1,No,No,No,No,Month-to-month,Yes,Mailed check,69.28602742741478,69.28602742741478,1
1,No,No,1,No,No,No,No,Month-to-month,Yes,Electronic check,91.24411885071268,91.24411885071268,1
0,No,No,12,No,No,No,No,Month-to-month,Yes,Electronic check,97.14295317290235,1131.7405693675953,1
1,No,No,42,Yes,Yes,Yes,Yes,Month-to-month,Yes,Credit card (automatic),110.6806715335557,4598.030025446248,1
0,No,No,11,No,No,No,No,Month-to-month,Yes,Electronic check,52.40616516629944,606.1972947352797,1
0,Yes,No,36,No,No,No,No,Month-to-month,Yes,Electronic check,73.5667916168684,2560.1830017648613,1
0,Yes,Yes,1,No,No,No,No,Month-to-month,Yes,Electronic check,69.04816200906212,69.04816200906212,1
0,Yes,No,35,No,No,Yes,No,Month-to-month,Yes,Electronic check,97.93306019177085,3470.295394176131,1
0,No,No,17,No,No,No,No,Month-to-month,Yes,Electronic check,90.67079754171613,1533.217345310425,1
0,No,No,5,No internet service,No internet service,No internet service,No internet service,Month-to-month,No,Mailed check,19.454220898704317,122.29804764664466,1
0,No,No,4,No,No,No,No,Month-to-month,Yes,Electronic check,80.36567067505,360.6937883555879,1
0,Yes,No,42,No,Yes,No,No,Month-to-month,Yes,Electronic check,104.34699378672403,4400.273050289351,1
0,No,No,1,No internet service,No internet service,No internet service,No internet service,Month-to-month,No,Mailed check,20.092748700978074,20.092748700978074,1
1,No,No,8,No,No,No,No,Month-to-month,Yes,Electronic check,77.94437135179216,705.924719291441,1
0,Yes,No,8,Yes,No,No,No,Month-to-month,Yes,Electronic check,79.63978207359469,649.480680855169,1
0,No,No,7,No,No,No,No,Month-to-month,Yes,Electronic check,79.37569972730978,523.4187340319497,1
0,Yes,No,13,No,Yes,No,No,Month-to-month,No,Electronic check,89.14582608310799,1213.9540869992995,1
0,Yes,No,34,No,No,No,No,Month-to-month,Yes,Electronic check,77.1548002883471,2572.2118144870906,1
1,No,No,2,No,No,No,No,Month-to-month,Yes,Electronic check,86.77107387591211,165.98042024585035,1
1,Yes,No,51,No,Yes,No,No,One year,Yes,Electronic check,108.65298356176179,5542.909353928847,1
0,No,No,6,No,No,No,No,Month-to-month,Yes,Electronic check,85.20161146313266,523.3526580535444,1
0,No,No,46,No,Yes,Yes,No,Month-to-month,Yes,Credit card (automatic),87.4383542303257,3972.4285036263655,1
0,Yes,No,61,No,Yes,Yes,No,One year,Yes,Credit card (automatic),96.77597247808276,5933.2566036899125,1
0,Yes,No,8,Yes,No,No,No,Month-to-month,Yes,Electronic check,74.72911951786622,620.4624097736327,1
0,No,No,1,No,No,No,No,Month-to-month,Yes,Electronic check,75.1286921772828,75.1286921772828,1
1,Yes,No,1,No,No,No,No,Month-to-month,Yes,Electronic check,70.64831801058467,70.64831801058467,1
1,No,No,33,No,No,Yes,No,Month-to-month,Yes,Electronic check,102.39526015454221,3525.190978351047,1
0,Yes,Yes,3,No,No,No,No,Month-to-month,Yes,Electronic check,52.33764519795242,224.35873417187096,1
0,Yes,No,52,No,No,Yes,No,Month-to-month,Yes,Bank transfer (automatic),95.7243435001469,4993.985915838241,1
0,No,No,1,No,No,No,No,Month-to-month,No,Electronic check,69.31675763658558,69.31675763658558,1
0,No,No,1,No,No,No,No,Month-to-month,Yes,Mailed check,72.23456246681975,72.23456246681975,1
0,No,No,2,No,No,No,No,Month-to-month,Yes,Electronic check,80.24830941234177,144.57296381569097,1
0,No,No,1,No,No,No,No,Month-to-month,No,Mailed check,45.23778735860145,45.23778735860145,1
0,No,No,1,No,No,No,No,Month-to-month,Yes,Electronic check,69.08576756947281,69.08576756947281,1
0,No,No,8,No,No,No,No,Month-to-month,No,Mailed check,28.645298879933154,262.254241283838,1
0,No,No,1,No,No,No,No,Month-to-month,Yes,Mailed check,83.83760554228365,83.83760554228365,1
0,No,No,35,No,No,Yes,No,Month-to-month,Yes,Electronic check,85.47742657432731,3053.006482269761,1
0,No,No,1,No,No,No,No,Month-to-month,Yes,Electronic check,36.38128632227604,36.38128632227604,1
0,No,No,10,Yes,No,No,No,Month-to-month,No,Electronic check,67.10894984377768,659.8577304022327,1
0,Yes,No,3,No,No,No,No,Month-to-month,Yes,Bank transfer (automatic),77.3752312532778,241.42069293580224,1
0,No,No,2,No,No,No,No,Month-to-month,No,Mailed check,44.43317867432836,79.48938472671641,1
0,No,No,11,No,No,No,No,Month-to-month,Yes,Electronic check,75.9679307013185,833.7449361878397,1
1,No,No,27,No,Yes,No,No,Month-to-month,Yes,Electronic check,94.60974951633354,2634.199660039694,1
0,Yes,No,70,No,Yes,Yes,Yes,Two year,Yes,Bank transfer (automatic),106.029272886569,7723.288925035752,1
0,Yes,No,5,No,No,No,No,Month-to-month,Yes,Electronic check,85.98325684562082,450.63467149677433,1
1,No,No,6,No,No,No,No,Month-to-month,Yes,Electronic check,57.89203430841497,326.35924170032075,1
0,No,No,33,No,Yes,No,No,Month-to-month,Yes,Electronic check,68.28175546813418,2257.7162447754245,1
0,No,No,1,No internet service,No internet service,No internet service,No internet service,Month-to-month,No,Mailed check,19.89893730486633,19.89893730486633,1
1,No,No,1,No,No,No,No,Month-to-month,Yes,Electronic check,75.48606776728296,75.48606776728296,1
1,No,No,1,No,No,No,No,Month-to-month,Yes,Electronic check,75.09758324674192,75.09758324674192,1
0,No,No,45,No,Yes,No,No,Month-to-month,Yes,Electronic check,102.38660776434817,4654.967429262237,1
0,No,No,1,No,No,No,No,Month-to-month,Yes,Electronic check,70.11329266515524,70.11329266515524,1
0,No,No,1,No,No,No,No,Month-to-month,Yes,Mailed check,47.532856861169215,47.532856861169215,1
0,No,No,20,No,No,No,No,Month-to-month,Yes,Electronic check,90.14791148181907,1841.8828361216076,1
0,No,No,3,No,No,Yes,No,Month-to-month,Yes,Electronic check,80.63257061102459,316.7651574620699,1
0,No,No,9,No,No,No,No,Month-to-month,Yes,Electronic check,45.24930120304166,413.0116958446824,1
1,Yes,No,56,Yes,No,No,No,Month-to-month,Yes,Credit card (automatic),57.13443066497599,3236.505527895867,1
0,No,No,1,No,No,No,No,Month-to-month,Yes,Electronic check,79.09819919335953,79.09819919335953,1
1,Yes,No,43,No,Yes,No,No,Month-to-month,Yes,Electronic check,99.18279748939398,4385.446168892026,1
0,No,No,1,No,No,No,No,Month-to-month,Yes,Electronic check,91.44555987511546,91.44555987511546,1
0,Yes,No,41,No,No,Yes,No,Month-to-month,Yes,Electronic check,101.53732659814551,4230.789229576862,1
1,No,No,2,No,No,No,No,Month-to-month,Yes,Electronic check,71.66450874528465,144.03740082769767,1
0,Yes,No,41,No,No,Yes,No,Month-to-month,Yes,Electronic check,100.13126796179893,4261.703816235618,1
0,No,No,3,No,No,No,No,Month-to-month,Yes,Electronic check,74.5677291229315,245.28285636243794,1
0,Yes,No,52,No,No,Yes,No,Month-to-month,Yes,Bank transfer (automatic),94.99042530366769,5027.961627544578,1
0,No,Yes,1,No,No,No,No,Month-to-month,Yes,Electronic check,79.27500222015479,79.27500222015479,1
0,Yes,No,46,No,No,No,No,Month-to-month,Yes,Electronic check,99.48765726694951,4748.310290671608,1
0,Yes,No,54,No,Yes,No,No,Month-to-month,Yes,Electronic check,88.2890742312668,4777.769488877643,1
1,Yes,No,4,No,No,No,No,Month-to-month,Yes,Electronic check,71.92180548014025,321.70802924155464,1
0,Yes,No,39,No,No,Yes,No,Month-to-month,Yes,Electronic check,103.62667651161307,4275.980384794211,1
0,No,No,1,No,No,No,No,Month-to-month,Yes,Electronic check,85.17739532169598,85.17739532169598,1
0,Yes,Yes,9,No,No,Yes,No,Month-to-month,Yes,Mailed check,71.22217261100336,658.9115317052396,1
1,No,No,48,No,No,Yes,Yes,Month-to-month,Yes,Bank transfer (automatic),93.05949958640238,4515.577380525694,1
0,No,No,1,No,No,No,No,Month-to-month,Yes,Mailed check,84.05538847918632,84.05538847918632,1
0,No,No,21,No,No,No,No,Month-to-month,Yes,Electronic check,98.96133214839475,2107.8889301071554,1
0,Yes,No,21,No,Yes,No,No,Month-to-month,No,Electronic check,88.3943667862788,1896.960206498714,1
0,No,No,1,No,No,No,No,Month-to-month,Yes,Mailed check,70.00418853966328,70.00418853966328,1
1,No,No,2,No,No,No,No,Month-to-month,Yes,Electronic check,88.67028762472081,216.24759030280455,1
0,No,No,1,No internet service,No internet service,No internet service,No internet service,Month-to-month,Yes,Mailed check,19.978456702056103,19.978456702056103,1
0,No,No,59,No,Yes,Yes,Yes,Month-to-month,Yes,Electronic check,91.98845270036918,5456.116882064919,1
0,No,No,1,No internet service,No internet service,No internet service,No internet service,Month-to-month,No,Mailed check,20.0962718407409,20.0962718407409,1
0,Yes,No,57,Yes,Yes,Yes,Yes,One year,Yes,Credit card (automatic),94.79766537471272,5321.237219205184,1
0,No,No,1,No,No,No,No,Month-to-month,Yes,Electronic check,79.72304037152912,79.72304037152912,1
0,No,No,7,No,Yes,No,No,Month-to-month,Yes,Electronic check,90.34564072011187,659.1883958356058,1
0,Yes,Yes,4,No,No,No,No,Month-to-month,Yes,Electronic check,50.890603980959234,228.22148931237376,1
0,No,No,49,No,Yes,Yes,Yes,Month-to-month,Yes,Bank transfer (automatic),100.12662423330762,5073.879593232478,1
0,No,No,1,No,No,No,No,Month-to-month,No,Electronic check,46.40903007024657,46.40903007024657,1
0,No,No,39,No,Yes,Yes,No,Month-to-month,Yes,Electronic check,104.0980612973418,4020.619332387897,1
1,No,No,1,No,No,No,No,Month-to-month,Yes,Electronic check,74.76524655950001,74.76524655950001,1
0,Yes,No,12,No,No,No,No,Month-to-month,Yes,Electronic check,59.52780936629591,663.1229901598641,1
0,No,No,11,No,No,No,No,Month-to-month,Yes,Electronic check,81.58427119574259,943.8564805141491,1
1,No,No,1,No,No,No,No,Month-to-month,Yes,Electronic check,69.61359730197093,69.61359730197093,1
0,No,No,1,No,Yes,No,No,Month-to-month,Yes,Electronic check,74.89996670040031,74.89996670040031,1
0,No,No,1,No,No,No,No,Month-to-month,Yes,Mailed check,51.32788822882579,51.32788822882579,1
0,No,No,1,No,No,No,No,Month-to-month,Yes,Mailed check,46.346235649319304,46.346235649319304,1
0,No,No,31,No,No,No,No,Month-to-month,Yes,Electronic check,71.80038056481813,2055.358742279782,1
0,No,No,55,Yes,Yes,No,No,One year,Yes,Electronic check,101.95501018089425,5623.844616615076,1
0,No,Yes,1,No,No,No,No,Month-to-month,No,Bank transfer (automatic),30.284390510166183,30.284390510166183,1
1,No,No,34,No,No,Yes,No,Month-to-month,Yes,Electronic check,101.41465216893702,3526.2921528922593,1
0,No,No,16,No,No,No,No,Month-to-month,Yes,Electronic check,98.82436769174086,1533.0552573218602,1
0,No,No,1,No,No,No,No,Month-to-month,Yes,Mailed check,70.41245873559751,70.41245873559751,1
0,No,No,1,No,No,No,No,Month-to-month,Yes,Mailed check,45.13812130637099,45.13812130637099,1
0,Yes,No,44,Yes,Yes,Yes,Yes,Month-to-month,Yes,Bank transfer (automatic),104.80236690939424,4607.884840981023,1
0,No,No,20,No,No,No,No,Month-to-month,Yes,Electronic check,98.99720185883984,2024.350653428372,1
0,No,No,2,No,No,No,No,Month-to-month,Yes,Electronic check,45.54202423514055,93.2188432942054,1
0,No,No,6,No,No,No,No,Month-to-month,Yes,Electronic check,46.20749815868553,302.4806978691069,1
0,Yes,No,38,No,No,No,No,Month-to-month,Yes,Electronic check,69.6039211437803,2567.841754016031,1
0,No,No,2,No,No,No,No,Month-to-month,Yes,Electronic check,50.10876298429859,143.40538241777637,1
0,Yes,No,53,Yes,Yes,No,No,One year,Yes,Electronic check,104.35657075612879,5636.544286752989,1
0,No,No,1,No,No,No,No,Month-to-month,Yes,Electronic check,85.48168187442018,85.48168187442018,1
0,No,No,10,No,No,No,No,Month-to-month,Yes,Bank transfer (automatic),82.2600832827661,831.9523805269008,1
1,No,No,12,No,Yes,No,No,Month-to-month,Yes,Electronic check,95.58050127369005,1200.5823462264034,1
0,Yes,No,70,No,Yes,Yes,Yes,One year,Yes,Electronic check,107.9222887195471,7529.494539839363,1
0,Yes,Yes,2,No,No,No,No,Month-to-month,Yes,Electronic check,55.40642309781975,162.69889456522398,1
1,No,No,5,No,No,No,No,Month-to-month,Yes,Electronic check,89.3551914633398,477.602338428764,1
1,No,No,4,No,No,No,No,Month-to-month,Yes,Electronic check,91.75036125945638,446.6934000468116,1
0,No,No,11,No,No,No,No,Month-to-month,Yes,Electronic check,73.15631945282719,923.268390630573,1
0,Yes,No,10,No,Yes,No,No,Month-to-month,Yes,Electronic check,87.45388699873695,915.4509233591101,1
0,No,No,11,No,No,No,No,Month-to-month,Yes,Electronic check,46.50896167280916,518.6018081969423,1
0,No,No,54,Yes,Yes,No,No,One year,Yes,Electronic check,102.73399297826565,5630.854445826119,1
0,No,No,4,No,No,No,No,Month-to-month,Yes,Electronic check,69.13454101863114,263.5434941548541,1
0,No,No,9,No,No,No,No,Month-to-month,Yes,Electronic check,93.0707706254536,891.8752637323691,1
0,No,No,9,No,No,No,No,Month-to-month,Yes,Electronic check,86.44535625262904,832.0835645433198,1
0,Yes,Yes,23,No,No,No,No,Month-to-month,Yes,Electronic check,96.3531258526112,2343.368281941221,1
0,No,No,1,No,No,No,No,Month-to-month,No,Electronic check,79.44648938832022,79.44648938832022,1
0,No,No,2,No,No,No,No,Month-to-month,No,Electronic check,73.20696594318632,131.00101033710945,1
0,No,No,6,No,No,No,No,Month-to-month,Yes,Electronic check,86.04323014965416,571.1264250183431,1
1,Yes,No,29,No,No,No,No,Month-to-month,Yes,Electronic check,93.63557457571495,2660.584250755341,1
0,No,No,39,No,Yes,No,No,Month-to-month,Yes,Electronic check,95.69544018610182,3634.2621329076887,1
0,No,No,18,No,Yes,No,No,Month-to-month,Yes,Electronic check,86.47793669538464,1559.9041408914795,1
0,No,No,12,No,No,Yes,No,Month-to-month,Yes,Electronic check,88.79805956999206,1094.0593976346718,1
0,Yes,No,28,No,No,No,No,Month-to-month,Yes,Credit card (automatic),100.6118449580429,2817.3492980725755,1
1,No,No,1,No,No,No,No,Month-to-month,Yes,Electronic check,74.70116275736505,74.70116275736505,1
0,No,No,1,No,No,No,No,Month-to-month,Yes,Electronic check,69.51834018764352,69.51834018764352,1
0,No,No,18,No,No,Yes,No,Month-to-month,Yes,Electronic check,75.9023011168019,1424.7392252835537,1
0,Yes,No,4,No,No,Yes,No,Month-to-month,Yes,Electronic check,74.47599854772415,306.04970547470504,1
0,No,No,4,No,No,No,No,Month-to-month,No,Credit card (automatic),46.920999869337834,197.6166628317195,1
0,No,No,67,Yes,Yes,Yes,Yes,One year,Yes,Bank transfer (automatic),116.19869556357119,7752.813592197564,1
0,Yes,No,7,No,No,Yes,No,Month-to-month,Yes,Electronic check,48.95357130951972,338.088606456951,1
0,No,No,39,No,Yes,Yes,No,Month-to-month,Yes,Bank transfer (automatic),102.87903579993525,3995.353858521657,1
0,Yes,No,55,No internet service,No,No,No internet service,Month-to-month,No,Bank transfer (automatic),19.585523392802166,1071.778799225244,1
0,No,No,5,No internet service,No internet service,No internet service,No internet service,Month-to-month,No,Mailed check,20.913415296679606,116.93941590843748,1
0,No,No,9,No,No,No,No,Month-to-month,Yes,Bank transfer (automatic),86.15652297351976,833.553929598904,1
0,No,No,14,No,Yes,No,No,Month-to-month,Yes,Electronic check,61.34281398047169,830.7619878248701,1
1,No,No,22,No,No,No,No,Month-to-month,Yes,Mailed check,56.99362474790254,1174.0472335515053,1
0,No,No,7,No,Yes,No,No,Month-to-month,Yes,Electronic check,94.44521868894871,670.7786591659773,1
0,No,No,4,No,Yes,No,No,Month-to-month,Yes,Electronic check,93.69386357430062,366.98963813830323,1
0,No,No,9,No,No,No,No,Month-to-month,Yes,Electronic check,83.65988810302099,794.6954026277707,1
0,Yes,No,34,No,Yes,No,No,Month-to-month,Yes,Electronic check,100.29129726465213,3399.0018508882617,1
1,No,No,3,No,No,No,No,Month-to-month,Yes,Electronic check,79.75978090079718,261.00714177323704,1
0,Yes,No,64,No,Yes,Yes,Yes,One year,Yes,Credit card (automatic),91.4295570919371,5919.400898864587,1
0,No,No,1,No internet service,No internet service,No internet service,No internet service,Month-to-month,No,Mailed check,19.9376256915136,19.9376256915136,1
0,No,No,8,No,No,Yes,No,Month-to-month,No,Mailed check,31.99582244273992,247.69122345913053,1
0,Yes,No,1,No,No,No,No,Month-to-month,Yes,Electronic check,80.5383185949937,80.5383185949937,1
0,No,No,12,No,Yes,No,No,Month-to-month,Yes,Electronic check,87.74676422248112,1098.2560859547098,1
0,No,No,27,No,No,No,No,Month-to-month,Yes,Electronic check,83.6885139605736,2198.8120244789257,1
0,No,No,1,No internet service,No internet service,No internet service,No internet service,Month-to-month,No,Mailed check,19.75915116232184,19.75915116232184,1
0,No,No,4,No,No,Yes,No,Month-to-month,Yes,Mailed check,78.761402457671,331.4561752301675,1
1,No,No,1,No,No,No,No,Month-to-month,Yes,Electronic check,70.63134005187898,70.63134005187898,1
0,No,No,3,No,No,No,No,Month-to-month,No,Electronic check,93.3714809346099,284.7897880656885,1
1,No,No,15,No,No,No,No,Month-to-month,Yes,Mailed check,73.33951850670367,1154.9609966044713,1
1,Yes,No,32,No,No,Yes,No,Month-to-month,Yes,Bank transfer (automatic),91.07003981230861,2954.2809601910453,1
0,No,No,19,No,No,No,No,Month-to-month,Yes,Electronic check,87.7313522959006,1738.8910204844124,1
0,Yes,No,6,No,No,Yes,No,Month-to-month,Yes,Electronic check,57.21415575493435,344.69505274478394,1
0,No,No,50,No,Yes,Yes,No,Month-to-month,Yes,Electronic check,108.64290734959005,5430.375866149603,1
1,No,No,2,No,No,No,No,Month-to-month,Yes,Electronic check,87.49907772643216,174.59869586328313,1
0,Yes,Yes,1,No,No,No,No,Month-to-month,No,Electronic check,36.586761650878294,36.586761650878294,1
0,No,No,1,No,No,No,No,Month-to-month,Yes,Electronic check,65.55150948583423,65.55150948583423,1
0,No,No,27,No,No,No,No,Month-to-month,Yes,Electronic check,75.53558843169154,2068.6972266988664,1
0,No,No,6,No,No,Yes,No,Month-to-month,No,Electronic check,76.05658052769307,546.7395888315222,1
0,Yes,No,30,Yes,Yes,Yes,No,Month-to-month,No,Mailed check,51.48287417748118,1446.1673293585877,1
0,Yes,No,67,No,Yes,No,No,Month-to-month,Yes,Credit card (automatic),101.65111303210966,6869.90764033127,1
0,No,No,1,No,No,No,No,Month-to-month,Yes,Electronic check,81.75290897464247,81.75290897464247,1
0,Yes,Yes,11,No internet service,No internet service,No internet service,No internet service,Month-to-month,No,Bank transfer (automatic),19.018130895579635,233.600897574338,1
0,Yes,No,58,Yes,Yes,Yes,No,Month-to-month,Yes,Bank transfer (automatic),106.26684370631898,6145.4638612159,1
0,Yes,No,66,No,Yes,Yes,No,Two year,Yes,Electronic check,106.01495089297075,6979.212004471216,1
0,No,No,6,No,No,No,No,Month-to-month,Yes,Electronic check,76.00144534354779,513.645927768951,1
0,No,No,30,No,No,No,No,Month-to-month,Yes,Electronic check,100.32379829825167,3157.813381992059,1
1,No,No,1,No,No,No,No,Month-to-month,Yes,Electronic check,91.02907756908226,91.02907756908226,1
0,No,No,3,No,No,No,No,Month-to-month,Yes,Mailed check,50.36725561595884,150.77718962950883,1
0,No,No,39,No,No,No,No,Month-to-month,Yes,Electronic check,80.92497440319706,3183.6332812030705,1
0,Yes,No,52,Yes,No,Yes,No,Month-to-month,Yes,Electronic check,103.01741438854631,5622.540982745389,1
0,Yes,Yes,13,No internet service,No internet service,No internet service,No internet service,Month-to-month,No,Mailed check,20.609256447936183,275.0791441722705,1
0,No,No,2,No,No,No,No,Month-to-month,Yes,Electronic check,44.98209482170993,96.70901143157256,1
0,No,No,4,No,No,No,No,Month-to-month,No,Electronic check,46.15436431540803,191.2978090567034,1
0,No,No,37,No,No,Yes,No,Month-to-month,Yes,Electronic check,100.83222874842114,3747.0540587286505,1
0,No,No,22,No,No,No,No,Month-to-month,Yes,Electronic check,95.6757368647419,2093.742235961744,1
0,No,No,4,No,No,No,No,Month-to-month,Yes,Electronic check,69.40194747190304,303.7527762457259,1
1,No,No,13,No,No,No,No,Month-to-month,Yes,Electronic check,96.7914691161221,1295.4818419133583,1
0,No,No,70,Yes,Yes,Yes,Yes,One year,Yes,Credit card (automatic),114.70947351268522,7809.965887539479,1
0,No,No,69,No,Yes,Yes,Yes,Two year,Yes,Bank transfer (automatic),104.0362355893274,7258.7378346705955,1
0,Yes,No,55,No,No,No,No,Month-to-month,Yes,Electronic check,45.93563565237202,2567.998251772634,1
0,No,No,17,Yes,No,No,No,Month-to-month,Yes,Electronic check,92.48477622560016,1620.9536302160645,1
0,No,No,52,Yes,Yes,No,No,One year,Yes,Electronic check,105.24424245815035,5612.202617064477,1
0,No,No,23,No,Yes,No,No,Month-to-month,Yes,Electronic check,80.6266476216074,1859.948570510998,1
1,No,No,19,No,No,No,No,Month-to-month,Yes,Electronic check,95.36925046202701,1779.2268738449325,1
0,No,No,3,No,No,No,No,Month-to-month,No,Electronic check,74.42827212684286,274.90069531076904,1
1,Yes,No,4,No,No,No,No,Month-to-month,Yes,Electronic check,78.8897874904586,304.72682447996124,1
0,No,No,15,No,No,No,No,Month-to-month,Yes,Electronic check,86.58872396579345,1395.8123850933666,1
1,Yes,No,15,No,No,No,No,Month-to-month,Yes,Electronic check,87.8704671643673,1374.2419529071135,1
1,No,No,43,No,Yes,No,No,Month-to-month,Yes,Bank transfer (automatic),101.27843008822009,4527.551052845474,1
1,Yes,No,69,No,Yes,Yes,Yes,Month-to-month,Yes,Bank transfer (automatic),105.81521801782694,7354.068403314461,1
0,No,No,30,No,No,No,No,Month-to-month,Yes,Electronic check,62.50049990129396,1735.594499149792,1
0,No,No,8,No,No,Yes,No,Month-to-month,Yes,Electronic check,98.50360430377879,829.23516219367,1
0,Yes,No,21,No,No,No,No,Month-to-month,Yes,Electronic check,94.06880440245571,1920.7426054029102,1
0,No,No,2,No,No,No,No,Month-to-month,Yes,Electronic check,41.166780883454905,98.87465922383345,1
0,Yes,No,47,No,No,No,No,Month-to-month,Yes,Electronic check,99.20345055098309,4750.492392952994,1
0,No,No,39,No,Yes,No,No,Month-to-month,Yes,Electronic check,90.86520471593845,3584.058925861298,1
0,No,No,7,No,No,No,No,Month-to-month,Yes,Electronic check,88.3983183428284,590.3480527326096,1
0,Yes,No,14,No,Yes,No,No,Month-to-month,Yes,Electronic check,88.89056400054636,1263.2399099588472,1
0,Yes,Yes,1,No internet service,No internet service,No internet service,No internet service,Month-to-month,No,Mailed check,20.20379186499547,20.20379186499547,1
0,No,No,2,No,No,Yes,No,Month-to-month,No,Electronic check,72.96435660270787,149.1373763670986,1
1,Yes,No,25,No,Yes,Yes,No,Month-to-month,Yes,Electronic check,98.15794277731617,2493.404928416734,1
0,No,No,15,No,Yes,No,No,Month-to-month,Yes,Electronic check,92.35060540510479,1445.220520536456,1
0,No,No,15,No,Yes,No,No,Month-to-month,Yes,Electronic check,97.95720735378907,1451.9982041338915,1
0,No,No,7,No,No,No,No,Month-to-month,Yes,Electronic check,74.32427214440649,517.089475778005,1
0,No,No,12,No,No,No,No,Month-to-month,Yes,Electronic check,58.67360346443642,718.8996922367745,1
0,No,No,8,Yes,No,No,No,Month-to-month,Yes,Bank transfer (automatic),103.19143247646798,846.5227591879333,1
0,No,No,32,No,No,No,No,Month-to-month,Yes,Electronic check,83.37227060928669,2782.1563273358493,1
0,No,No,4,No,No,No,No,Month-to-month,Yes,Electronic check,78.23833242792341,319.67828896824665,1
1,No,No,9,No,No,Yes,No,Month-to-month,Yes,Electronic check,98.63394410136166,918.968716571704,1
1,No,No,39,No,No,No,No,Month-to-month,Yes,Electronic check,96.15938721891278,3698.393457926884,1
0,No,No,1,No,No,No,No,Month-to-month,No,Electronic check,79.85834055197388,79.85834055197388,1
0,Yes,No,55,No,Yes,Yes,Yes,Month-to-month,Yes,Electronic check,94.91248647475105,5127.515421068684,1
1,No,No,9,No,No,No,No,Month-to-month,Yes,Electronic check,82.38429565440495,754.0196343995809,1
1,Yes,No,1,No,No,No,No,Month-to-month,Yes,Electronic check,74.41056159157365,74.41056159157365,1
1,No,No,1,No,No,No,No,Month-to-month,Yes,Electronic check,70.70070348550524,70.70070348550524,1
0,No,No,12,No,No,Yes,No,Month-to-month,Yes,Electronic check,85.05667700439471,1060.184241038893,1
0,Yes,No,66,No,Yes,Yes,No,Month-to-month,Yes,Credit card (automatic),80.2435137357994,5210.6334124495315,1
0,Yes,No,52,No,No,Yes,No,Month-to-month,Yes,Bank transfer (automatic),97.2131652280639,5004.847558281859,1
0,No,No,1,No,No,Yes,No,Month-to-month,Yes,Electronic check,81.39746342087956,81.39746342087956,1
0,No,No,1,No internet service,No internet service,No internet service,No internet service,Month-to-month,Yes,Mailed check,20.99996681305887,20.99996681305887,1
0,No,No,1,No,No,No,No,Month-to-month,No,Mailed check,45.11505344552537,45.11505344552537,1
0,No,No,1,No,No,No,No,Month-to-month,Yes,Electronic check,25.122976595203546,25.122976595203546,1
0,No,No,15,No,No,No,No,Month-to-month,Yes,Electronic check,87.02334607273086,1351.6022729990584,1
0,Yes,No,6,No,No,No,No,Month-to-month,Yes,Electronic check,78.68945800397987,465.9186066996481,1
0,No,No,2,No,No,No,No,Month-to-month,Yes,Electronic check,95.99068391670768,174.60036964373617,1
0,Yes,Yes,1,No internet service,No internet service,No internet service,No internet service,Month-to-month,No,Mailed check,20.270994289484143,20.270994289484143,1
0,Yes,No,66,No,Yes,Yes,Yes,One year,Yes,Electronic check,110.85763060347142,7482.639059455111,1
0,Yes,Yes,4,No,Yes,No,No,Month-to-month,Yes,Electronic check,86.89838984269382,381.5870127155521,1
0,No,No,9,No,No,No,No,Month-to-month,Yes,Electronic check,81.9421198471829,800.0310292617365,1
1,No,No,8,No,No,No,No,Month-to-month,Yes,Electronic check,74.54664917311244,621.8042796077677,1
1,No,No,4,No,No,No,No,Month-to-month,Yes,Electronic check,94.2284950870893,425.0738187229795,1
0,No,No,3,No,No,No,No,Month-to-month,Yes,Electronic check,78.21630955627134,239.5516938342606,1
0,Yes,No,31,No,No,No,No,Month-to-month,Yes,Credit card (automatic),91.82346606081416,2862.4982708893917,1
0,No,No,5,No,No,No,No,Month-to-month,Yes,Electronic check,80.62481390742644,413.94019775570956,1
0,No,No,2,No,No,No,No,Month-to-month,Yes,Electronic check,73.03298611039455,131.87124864105593,1
0,Yes,No,66,No,Yes,Yes,Yes,Two year,Yes,Electronic check,110.88072012037433,7455.070176273046,1
0,No,No,11,No,No,No,No,Month-to-month,Yes,Electronic check,89.7035517444522,1048.0338639785068,1
0,No,No,22,No,Yes,No,No,Month-to-month,Yes,Electronic check,84.46863448124002,1859.4548154829781,1
1,No,No,30,No,Yes,Yes,No,Month-to-month,Yes,Electronic check,82.13492621630138,2479.540703611324,1
0,No,No,1,No,No,No,No,Month-to-month,No,Electronic check,79.74073216331428,79.74073216331428,1
0,No,No,10,No,No,No,No,Month-to-month,Yes,Electronic check,87.48704330012666,874.3588390924795,1
0,No,No,2,No,No,No,No,Month-to-month,Yes,Electronic check,82.52003725011147,184.559119703864,1
0,No,No,30,No,No,No,No,Month-to-month,Yes,Electronic check,89.09431148525066,2755.768727722735,1
0,Yes,No,65,No,Yes,Yes,No,Month-to-month,Yes,Credit card (automatic),89.91841213674076,5919.175552687058,1
0,No,No,37,No,No,Yes,No,Month-to-month,Yes,Electronic check,99.25115408396664,3754.315960217975,1
0,No,No,16,No,No,Yes,No,Month-to-month,Yes,Electronic check,97.41407341339753,1584.216201220821,1
0,Yes,No,41,No,No,No,No,Month-to-month,Yes,Electronic check,99.89026789724522,4257.818639329136,1
0,No,No,3,No,No,No,No,Month-to-month,Yes,Electronic check,73.90587198936485,238.3803001866268,1
1,Yes,No,3,No,No,No,No,Month-to-month,Yes,Electronic check,104.14627856552526,338.2687902616145,1
0,Yes,No,64,No,Yes,No,Yes,One year,Yes,Credit card (automatic),105.57288636107063,6887.186190101068,1
0,No,No,7,No,No,No,No,Month-to-month,No,Mailed check,76.49333463693249,538.7263675629655,1
1,Yes,No,13,No,Yes,No,No,Month-to-month,Yes,Electronic check,93.82792897489959,1223.9200403545763,1
0,No,No,10,No,Yes,No,No,Month-to-month,Yes,Electronic check,76.8914250349354,812.6634268950645,1
0,No,No,29,No,No,No,No,Month-to-month,Yes,Electronic check,95.35534829145821,2746.879342768004,1
0,No,No,4,No,Yes,No,No,Month-to-month,Yes,Electronic check,98.30186444152785,366.1144246722023,1
1,Yes,No,14,No,No,No,No,Month-to-month,Yes,Electronic check,96.10296835140174,1365.8399051581223,1
1,No,No,8,No,No,No,No,Month-to-month,Yes,Electronic check,88.1959558913937,744.4787640905035,1
1,No,No,2,No,No,No,No,Month-to-month,Yes,Electronic check,79.44343227312469,159.21230547334164,1
0,No,No,1,No,No,No,No,Month-to-month,No,Electronic check,83.46851599563982,83.46851599563982,1
1,Yes,No,31,No,No,Yes,No,Month-to-month,Yes,Electronic check,93.84780366972694,2959.2744089927082,1
0,Yes,No,54,Yes,No,Yes,No,Month-to-month,Yes,Bank transfer (automatic),99.76968469565288,5621.518547339923,1
1,No,No,40,No,No,Yes,No,Month-to-month,Yes,Electronic check,88.72747724361801,3554.6960284570523,1
0,No,No,2,Yes,Yes,No,No,Month-to-month,Yes,Mailed check,53.985341078141865,107.61540274133966,1
0,No,No,60,No,Yes,Yes,Yes,One year,Yes,Electronic check,106.09295518668607,6439.385970955135,1
0,No,No,13,No,No,No,No,Month-to-month,Yes,Electronic check,90.45469469727097,1175.893073880769,1
0,No,No,36,No,No,Yes,No,Month-to-month,Yes,Electronic check,84.827319300738,3058.9386271838857,1
0,No,No,2,No,No,No,No,Month-to-month,No,Electronic check,63.037698554504615,115.75806245112332,1
0,No,No,35,No,No,No,No,Month-to-month,Yes,Electronic check,85.49220578037745,3040.9597460723853,1
0,No,No,29,No,No,Yes,No,Month-to-month,Yes,Electronic check,99.57247317881426,2964.5051709120103,1
1,No,No,3,No,No,No,No,Month-to-month,Yes,Electronic check,74.36425755923628,257.7106313988267,1
0,No,Yes,11,No internet service,No internet service,No internet service,No internet service,Month-to-month,No,Credit card (automatic),21.80823707057371,232.43228712467797,1
0,No,No,1,No,No,No,No,Month-to-month,Yes,Electronic check,70.0747245619805,70.0747245619805,1
1,No,No,15,No,No,No,No,Month-to-month,Yes,Electronic check,75.44108576028087,1144.8129954783317,1
0,No,No,1,No,No,No,No,Month-to-month,Yes,Electronic check,79.59359977282935,79.59359977282935,1
0,No,No,1,No,No,No,No,Month-to-month,Yes,Electronic check,69.74527191642784,69.74527191642784,1
1,No,No,8,No,No,No,No,Month-to-month,Yes,Electronic check,87.81545326780143,747.1941585713329,1
1,No,No,1,No,No,No,No,Month-to-month,No,Electronic check,45.979431918930736,45.979431918930736,1
0,No,No,2,No,No,No,No,Month-to-month,Yes,Electronic check,74.67840383221053,137.3948007151703,1
0,No,No,1,No,No,No,No,Month-to-month,Yes,Electronic check,38.67672611980893,38.67672611980893,1
1,Yes,No,39,No,Yes,No,No,Month-to-month,Yes,Electronic check,95.93542655275424,3637.9011703805095,1
0,No,No,63,No,Yes,Yes,Yes,One year,Yes,Electronic check,105.98902342563434,6901.558725434722,1
0,No,No,1,No internet service,No internet service,No internet service,No internet service,Month-to-month,No,Mailed check,19.404651818729583,19.404651818729583,1
0,No,No,1,No,No,No,No,Month-to-month,No,Mailed check,45.27101970584973,45.27101970584973,1
1,No,No,26,No,No,No,No,Month-to-month,Yes,Electronic check,87.53244956671732,2280.87014097014,1
1,No,No,1,No,No,No,No,Month-to-month,Yes,Electronic check,76.9464215934117,76.9464215934117,1
0,Yes,No,56,Yes,Yes,Yes,No,Month-to-month,Yes,Bank transfer (automatic),105.42376038352435,6115.258372474648,1
1,Yes,No,32,No,No,No,No,Month-to-month,Yes,Credit card (automatic),85.80508203567365,2635.845898216318,1
0,Yes,No,66,No,Yes,Yes,No,Month-to-month,Yes,Electronic check,104.71751609599929,7128.874944413647,1
0,Yes,No,19,No,Yes,No,No,Month-to-month,Yes,Electronic check,65.57066649118602,1211.3074145701014,1
0,No,No,21,No,No,No,No,Month-to-month,Yes,Credit card (automatic),82.09078098963717,1759.7318443718584,1
0,Yes,Yes,29,No,No,No,No,Month-to-month,Yes,Credit card (automatic),93.35487543535753,2656.8647852153085,1
0,No,No,3,No,No,No,No,Month-to-month,Yes,Electronic check,84.7030575327945,264.6938767382829,1
0,No,No,9,Yes,No,No,No,Month-to-month,Yes,Bank transfer (automatic),87.96131591894289,835.5583450942223,1
0,No,No,1,No,No,No,No,Month-to-month,Yes,Electronic check,44.628465027782966,44.628465027782966,1
1,No,No,41,No,No,Yes,No,Month-to-month,Yes,Electronic check,86.97248155490195,3548.9517358456665,1
0,No,No,1,No,No,No,No,Month-to-month,Yes,Mailed check,77.27432470105937,77.27432470105937,1
0,No,No,1,No,No,No,No,Month-to-month,No,Mailed check,42.46641451836042,42.46641451836042,1
0,No,No,1,No,No,No,No,Month-to-month,Yes,Electronic check,70.19851381415066,70.19851381415066,1
1,No,No,2,No,No,No,No,Month-to-month,Yes,Electronic check,89.83959883449654,192.25641797118288,1
0,No,No,1,No internet service,No internet service,No internet service,No internet service,Month-to-month,Yes,Mailed check,20.2,20.2,1
0,No,No,20,No,No,No,No,Month-to-month,Yes,Credit card (automatic),44.14754415697391,899.9678920203747,1
0,No,No,6,No,No,No,No,Month-to-month,Yes,Electronic check,90.2887638760334,591.2277455957646,1
0,No,No,12,No,No,Yes,No,Month-to-month,Yes,Electronic check,88.64711673917722,1067.1997033487696,1
0,Yes,No,5,No internet service,No internet service,No internet service,No internet service,Month-to-month,No,Mailed check,24.012659642349547,141.97495349566472,1
0,Yes,No,51,No,Yes,Yes,Yes,Month-to-month,Yes,Electronic check,101.5208306499639,5122.798166706959,1
0,No,No,22,No,No,No,No,Month-to-month,Yes,Credit card (automatic),78.9376202306181,1759.1820049512464,1
0,No,No,1,No,No,No,No,Month-to-month,No,Electronic check,49.951490367646024,49.951490367646024,1
0,No,No,10,No,No,No,No,Month-to-month,Yes,Electronic check,76.59010045253135,821.3002095644669,1
0,Yes,No,50,No,Yes,Yes,No,Month-to-month,Yes,Electronic check,84.20971103486738,4144.598200287327,1
0,Yes,No,3,No,No,No,No,Month-to-month,Yes,Bank transfer (automatic),83.96906225815296,262.2527239147559,1
0,Yes,No,2,No,No,No,No,Month-to-month,No,Electronic check,69.97420451155172,146.0145453641379,1
0,No,No,17,No,No,Yes,No,Month-to-month,Yes,Electronic check,88.5654842667045,1562.2295735600937,1
0,No,No,1,No,No,No,No,Month-to-month,No,Electronic check,50.67240611551256,50.67240611551256,1
0,Yes,No,48,No,No,Yes,No,Month-to-month,Yes,Electronic check,60.06302507248627,2859.345939144213,1
0,No,No,11,No,No,No,No,Month-to-month,Yes,Electronic check,60.52181910134879,692.6038243694989,1
0,No,No,69,Yes,Yes,Yes,Yes,One year,No,Credit card (automatic),114.2792266367684,7940.878777854037,1
0,No,No,18,No,No,No,No,Month-to-month,Yes,Electronic check,85.70226139580248,1540.433116325046,1
1,No,No,18,No,No,No,No,Month-to-month,Yes,Electronic check,67.15800498088518,1154.5992323000687,1
1,Yes,No,29,No,No,Yes,No,Month-to-month,Yes,Electronic check,99.60820469680745,2965.302258621089,1
0,No,No,1,No,No,No,No,Month-to-month,Yes,Electronic check,69.49271935420987,69.49271935420987,1
0,Yes,Yes,54,No,Yes,Yes,Yes,One year,Yes,Electronic check,98.18952766537492,5282.875431938776,1
1,No,No,35,No,Yes,No,No,Month-to-month,Yes,Credit card (automatic),67.78239818963357,2505.658651794147,1
0,Yes,No,49,No,No,Yes,No,One year,Yes,Bank transfer (automatic),103.73280647004854,5032.275739674046,1
0,No,No,3,No,No,No,No,Month-to-month,Yes,Electronic check,49.33283777986882,168.8854459981181,1
0,No,No,7,No,No,No,No,Month-to-month,Yes,Electronic check,85.37855475780333,586.8995675942948,1
0,No,No,1,No,No,No,No,Month-to-month,Yes,Electronic check,27.449924757801973,27.449924757801973,1
1,No,No,1,No,No,No,No,Month-to-month,Yes,Electronic check,69.60991808002545,69.60991808002545,1
0,No,No,9,No,Yes,No,No,Month-to-month,Yes,Electronic check,74.59586774562135,703.1019052276433,1
1,No,No,1,No,No,No,No,Month-to-month,Yes,Electronic check,73.68551256392452,73.68551256392452,1
0,No,No,1,No,No,No,No,Month-to-month,Yes,Electronic check,56.80770437839633,56.80770437839633,1
0,Yes,No,5,No,Yes,No,No,Month-to-month,Yes,Electronic check,79.21818530422448,412.24981929735185,1
0,No,No,1,No,No,No,No,Month-to-month,Yes,Electronic check,89.26181418932143,89.26181418932143,1
0,No,No,5,No,Yes,No,No,Month-to-month,Yes,Electronic check,89.91021721860912,509.4702066266352,1
0,No,No,66,No,Yes,Yes,Yes,One year,Yes,Electronic check,104.91298278169721,7143.422312819596,1
0,Yes,No,48,No,Yes,No,No,Month-to-month,Yes,Electronic check,90.66902024460967,4359.679320125637,1
1,No,No,33,No,No,Yes,No,Month-to-month,Yes,Electronic check,102.98912247746395,3523.9405104591815,1
0,No,No,5,No,No,No,No,Month-to-month,Yes,Electronic check,94.65613006778632,467.7079703891988,1
0,No,No,1,No,No,No,No,Month-to-month,Yes,Electronic check,45.16841136464153,45.16841136464153,1
1,Yes,No,46,No,Yes,Yes,No,Month-to-month,Yes,Electronic check,103.30599208659595,4872.277132695954,1
0,Yes,No,53,No,Yes,No,No,Month-to-month,Yes,Electronic check,26.090723022552492,1344.1652465443833,1
0,Yes,No,35,No,No,Yes,No,Month-to-month,Yes,Electronic check,85.43366979491783,3030.272688698172,1
0,No,No,15,No,Yes,No,No,Month-to-month,Yes,Electronic check,89.97373154300726,1421.275170115149,1
0,No,No,10,No,No,No,No,Month-to-month,Yes,Electronic check,69.64563017617104,736.45576022232,1
0,No,No,2,No,No,No,No,Month-to-month,Yes,Electronic check,91.24794538504116,182.72009102493138,1
0,No,Yes,1,No,No,No,No,Month-to-month,No,Mailed check,89.13689951523595,89.13689951523595,1
0,Yes,Yes,1,No,No,No,No,Month-to-month,Yes,Electronic check,45.65600355118828,45.65600355118828,1
0,No,No,45,No,Yes,Yes,No,Month-to-month,Yes,Bank transfer (automatic),93.2352945505499,3982.6279043529203,1
0,No,No,4,No,No,No,No,Month-to-month,Yes,Electronic check,24.375465787018136,90.12174156339309,1
1,Yes,No,41,No,No,Yes,No,Month-to-month,Yes,Electronic check,92.115148544514,3519.3764617016636,1
0,No,No,4,No,No,No,No,Month-to-month,Yes,Electronic check,81.70702583852389,337.9306675054498,1
0,No,No,16,No,No,No,No,Month-to-month,Yes,Electronic check,39.02291617972938,675.2667640541242,1
1,No,No,8,No,No,No,No,Month-to-month,Yes,Electronic check,90.9378061265122,749.8163390226687,1
0,No,No,2,No,No,No,No,Month-to-month,Yes,Electronic check,45.610318111898664,91.90140732139646,1
0,No,Yes,1,No,No,No,No,Month-to-month,No,Mailed check,80.15658602352391,80.15658602352391,1
1,Yes,No,7,No,No,No,No,Month-to-month,Yes,Electronic check,94.72417313628611,644.5481508741434,1
0,No,No,11,No,No,Yes,No,Month-to-month,Yes,Electronic check,97.10490038565707,1105.650369494067,1
0,Yes,No,35,Yes,Yes,No,No,Month-to-month,Yes,Electronic check,45.106425220028925,1444.075864163326,1
0,No,No,1,No,No,No,No,Month-to-month,No,Mailed check,49.67455759983319,49.67455759983319,1
0,No,No,1,No,No,No,No,Month-to-month,Yes,Electronic check,79.16907332683284,79.16907332683284,1
0,No,No,2,No,Yes,No,No,Month-to-month,Yes,Mailed check,53.48831647992353,110.15986158624771,1
1,No,No,2,No,No,No,No,Month-to-month,Yes,Electronic check,89.96502684985539,178.6199463002892,1
0,Yes,No,10,No,No,Yes,No,Month-to-month,Yes,Electronic check,100.23480234824072,1064.8165100780705,1
0,No,No,3,No,No,No,No,Month-to-month,Yes,Electronic check,76.59010037989756,246.34788487150894,1
0,No,No,2,No,No,No,No,Month-to-month,Yes,Electronic check,88.1481932149569,161.1832909817899,1
1,No,No,1,No,No,No,No,Month-to-month,Yes,Electronic check,73.65593106083547,73.65593106083547,1
0,Yes,No,51,No,No,Yes,No,Month-to-month,Yes,Bank transfer (automatic),99.57164711949545,5022.758832919568,1
0,No,No,16,No internet service,No internet service,No internet service,No internet service,Month-to-month,Yes,Mailed check,23.28378112536994,396.07296854228326,1
0,No,No,7,No,Yes,No,No,Month-to-month,Yes,Electronic check,94.24053484955938,669.0086911311289,1
0,Yes,No,9,No internet service,No internet service,No internet service,No internet service,Month-to-month,No,Mailed check,20.215417334112306,188.3791148885843,1
0,Yes,No,47,No,No,No,No,Month-to-month,Yes,Electronic check,101.21043998679137,4822.091080275886,1
0,No,No,1,No,No,No,No,Month-to-month,Yes,Electronic check,85.70703248567641,85.70703248567641,1
0,No,No,7,No,No,No,No,Month-to-month,Yes,Electronic check,86.75732290917188,625.3517550450557,1
0,No,No,3,No,No,No,No,Month-to-month,Yes,Electronic check,69.79013295702123,219.80145587417218,1
0,No,No,7,No,No,No,No,Month-to-month,Yes,Electronic check,85.52711739594284,606.189181029864,1
1,No,No,14,No,No,No,No,Month-to-month,Yes,Electronic check,85.59067430116617,1295.2810858572805,1
0,Yes,No,5,No,No,No,No,Month-to-month,Yes,Electronic check,77.44270500573403,463.2007639517916,1
1,No,No,35,No,No,Yes,No,Month-to-month,Yes,Electronic check,103.61267532459166,3535.8821768573134,1
0,No,No,1,No,No,No,No,Month-to-month,Yes,Mailed check,81.1852285604459,81.1852285604459,1
0,Yes,No,31,No,No,Yes,No,Month-to-month,Yes,Electronic check,97.96687954058945,3041.5426276897742,1
0,Yes,No,12,No,Yes,No,No,Month-to-month,No,Electronic check,95.51492504212104,1213.4630115751825,1
0,Yes,No,5,No,Yes,No,No,Month-to-month,Yes,Electronic check,85.30956258231863,401.2557533304513,1
0,Yes,No,35,No,No,No,No,Month-to-month,Yes,Electronic check,74.1404343768836,2576.086537453867,1
0,No,No,8,No,No,No,No,Month-to-month,Yes,Electronic check,84.53860804570036,619.6837605331708,1
0,Yes,No,62,No,No,Yes,No,One year,Yes,Bank transfer (automatic),92.26747767020248,5710.8857256084675,1
0,No,No,20,No,No,No,No,Month-to-month,Yes,Electronic check,97.84532743262805,2027.4695749516532,1
0,Yes,No,21,No,No,No,No,Month-to-month,Yes,Electronic check,88.29339847849522,1947.5212869909885,1
0,No,No,6,No,No,No,No,Month-to-month,Yes,Electronic check,81.30976196178321,576.5663449319079,1
0,No,No,66,No,No,Yes,Yes,One year,Yes,Electronic check,98.53447530545321,6440.766394583119,1
0,Yes,No,50,No,Yes,No,No,Month-to-month,Yes,Electronic check,85.48445963015689,4364.586136421459,1
0,No,No,4,No,No,No,No,Month-to-month,No,Mailed check,45.66736503066859,191.17651665201404,1
0,No,No,18,No,No,No,No,Month-to-month,Yes,Electronic check,46.57365895016721,818.7968103666798,1
0,No,No,28,No,No,No,No,Month-to-month,Yes,Credit card (automatic),94.51673894999358,2658.256171750438,1
0,No,No,2,No,No,No,No,Month-to-month,Yes,Electronic check,76.50945122507422,147.33093154994484,1
0,Yes,No,66,Yes,Yes,Yes,Yes,Month-to-month,Yes,Electronic check,108.91075672384846,7479.144918705015,1
0,No,No,3,No,No,No,No,Month-to-month,Yes,Electronic check,55.12650394964498,196.00252835719823,1
0,No,No,50,No,No,No,No,Month-to-month,Yes,Electronic check,63.74952693154873,3042.5141106121887,1
1,Yes,No,7,No,No,No,No,Month-to-month,Yes,Electronic check,93.40597582726363,644.8463855594426,1
1,No,No,13,No,Yes,No,No,Month-to-month,Yes,Electronic check,85.72942704779473,1115.1631907248436,1
0,Yes,No,67,No,Yes,Yes,Yes,Two year,Yes,Credit card (automatic),113.65785042195277,7745.172011967436,1
0,No,No,1,No internet service,No internet service,No internet service,No internet service,Month-to-month,Yes,Mailed check,19.537256851600425,19.537256851600425,1
0,No,No,1,No,No,No,No,Month-to-month,Yes,Mailed check,47.75641865203104,47.75641865203104,1
1,Yes,No,60,No,Yes,Yes,Yes,Month-to-month,Yes,Bank transfer (automatic),77.91131313909825,4647.689733552427,1
0,No,No,2,No,No,No,No,Month-to-month,No,Electronic check,40.823768704199736,78.81761736697214,1
0,No,No,31,No,No,No,No,Month-to-month,Yes,Electronic check,88.46970437484809,2751.1597920042154,1
0,No,No,1,No,No,No,No,Month-to-month,Yes,Electronic check,41.63523320222862,43.8530035535028,1
0,No,No,4,No,No,No,No,Month-to-month,No,Mailed check,48.043301233750654,199.20069980572347,1
0,No,No,5,No,No,No,No,Month-to-month,No,Mailed check,45.79593952380994,199.66405449918616,1
0,No,No,1,No internet service,No internet service,No internet service,No internet service,Month-to-month,No,Mailed check,19.752873322832688,19.752873322832688,1
1,No,No,1,No,No,No,No,Month-to-month,Yes,Electronic check,75.87119900731908,75.87119900731908,1
0,No,No,10,No,Yes,No,No,Month-to-month,Yes,Electronic check,77.43604600713788,827.8721770440856,1
0,Yes,No,16,No,Yes,Yes,No,Month-to-month,Yes,Electronic check,89.61856696112379,1435.6216671611448,1
1,No,No,12,No,Yes,No,No,Month-to-month,Yes,Electronic check,92.59810912010306,1200.9155743999886,1
0,No,No,2,No,No,Yes,No,Month-to-month,No,Electronic check,80.65176256182698,157.05955567112332,1
0,No,No,12,No,No,Yes,No,Month-to-month,Yes,Electronic check,81.25084797190793,951.2343229237192,1
1,No,No,9,No,No,No,No,Month-to-month,Yes,Electronic check,83.89284435345206,746.9081813595144,1
0,No,No,32,No,No,No,No,Month-to-month,Yes,Electronic check,85.45252260407172,2757.7065751727655,1
0,No,No,4,No,Yes,No,No,Month-to-month,Yes,Electronic check,33.30266645634839,137.39579459676327,1
0,No,No,2,No,No,No,No,Month-to-month,No,Mailed check,58.99969790772155,155.43305029599298,1
0,No,No,3,No,No,No,No,Month-to-month,Yes,Electronic check,73.13789123668958,269.2235617226575,1
0,Yes,No,10,No,No,Yes,No,Month-to-month,Yes,Electronic check,101.08225004756103,1062.9809752742688,1
0,No,No,1,No,No,No,No,Month-to-month,Yes,Electronic check,37.21923903512601,56.43021497287489,1
0,Yes,No,22,No,No,Yes,No,Month-to-month,Yes,Electronic check,84.88840358359987,1919.7353047724787,1
1,No,No,15,No,No,No,No,Month-to-month,Yes,Electronic check,81.56273042011236,1311.5608503113378,1
0,No,No,2,No,No,No,No,Month-to-month,No,Electronic check,45.407572441152,88.52126850041604,1
1,Yes,No,15,No,No,No,No,Month-to-month,Yes,Electronic check,84.97179307045153,1348.9497080893211,1
0,No,No,32,No,No,No,No,Month-to-month,Yes,Electronic check,76.18866286024162,2429.989156957116,1
0,No,No,1,No,No,No,No,Month-to-month,Yes,Mailed check,81.9201409600014,81.9201409600014,1
0,No,No,1,No internet service,No internet service,No internet service,No internet service,Month-to-month,No,Mailed check,19.905495951933094,19.905495951933094,1
0,No,No,2,No,No,No,No,Month-to-month,Yes,Electronic check,44.60565647276463,97.11439829430996,1
0,No,No,49,No,Yes,No,No,Month-to-month,Yes,Electronic check,95.08888995183585,4774.257426629032,1
1,Yes,No,1,No,No,No,No,Month-to-month,Yes,Electronic check,73.19560926647658,73.19560926647658,1
0,Yes,No,12,No,Yes,No,No,Month-to-month,No,Electronic check,93.72861649322118,1216.880846711012,1
0,No,No,1,No,No,No,No,Month-to-month,No,Mailed check,69.41483673086971,69.41483673086971,1
0,No,No,2,No,No,No,No,Month-to-month,Yes,Electronic check,82.0089007274296,176.2190868302977,1
0,No,No,17,No internet service,No internet service,No internet service,No internet service,Month-to-month,Yes,Electronic check,19.598008440862024,353.3130968277633,1
1,No,No,19,No,No,No,No,Month-to-month,Yes,Electronic check,62.26309098475107,1171.9936588220453,1
1,No,No,1,No,No,No,No,Month-to-month,Yes,Mailed check,25.00349767067967,37.847000623346524,1
0,No,No,1,No,No,No,No,Month-to-month,Yes,Electronic check,70.04779029475303,70.04779029475303,1
1,No,No,1,No,No,No,No,Month-to-month,No,Electronic check,78.67320135641548,78.67320135641548,1
0,No,No,3,No,No,No,No,Month-to-month,Yes,Electronic check,81.78857994542274,315.62053213401794,1
0,No,No,21,No,No,No,No,Month-to-month,Yes,Electronic check,96.70645154864725,2079.5532596372223,1
0,No,No,16,No internet service,No internet service,No internet service,No internet service,Month-to-month,Yes,Mailed check,24.616880381724712,393.17166340006486,1
0,No,No,1,No,No,No,No,Month-to-month,No,Electronic check,69.71862544657768,69.71862544657768,1
0,No,No,5,No,Yes,No,No,Month-to-month,Yes,Electronic check,95.4720731270578,510.8085029286541,1
0,No,No,5,No,No,No,No,Month-to-month,Yes,Electronic check,100.12605881283021,513.0172454750414,1
0,Yes,No,22,No,No,Yes,No,Month-to-month,Yes,Electronic check,82.25148515590918,1915.4883087844564,1
0,Yes,No,11,No,No,No,No,Month-to-month,No,Bank transfer (automatic),82.6244217823479,866.344185857016,1
0,No,No,2,No,No,No,No,Month-to-month,Yes,Electronic check,83.01327080281823,182.17268598956377,1
0,No,No,37,No,No,No,No,Month-to-month,Yes,Electronic check,94.75937997502862,3574.4391050443164,1
0,No,No,7,No,No,No,No,Month-to-month,Yes,Electronic check,78.97118672894256,522.6312411985743,1
0,Yes,Yes,60,No,No,Yes,Yes,Two year,Yes,Bank transfer (automatic),91.56863597313216,5285.208089530684,1
0,No,No,1,No,No,No,No,Month-to-month,Yes,Mailed check,70.85212514449023,70.85212514449023,1
0,Yes,No,45,No,No,No,No,Month-to-month,Yes,Electronic check,99.5550422670216,4750.729649787535,1
0,No,No,1,No,No,No,No,Month-to-month,Yes,Mailed check,45.18225993689131,45.18225993689131,1
0,No,No,3,No internet service,No internet service,No internet service,No internet service,Month-to-month,No,Mailed check,19.985947502049644,64.69197120847383,1
0,No,No,1,No,No,No,No,Month-to-month,Yes,Electronic check,70.0502354273908,70.0502354273908,1
1,Yes,No,28,No,No,No,No,Month-to-month,Yes,Electronic check,88.73164700941408,2629.6111766352865,1
0,Yes,No,50,No,No,Yes,No,Month-to-month,Yes,Bank transfer (automatic),98.76382634021928,5036.13455434791,1
0,No,No,9,No,Yes,No,No,Month-to-month,Yes,Electronic check,74.93973891638421,687.1627945011545,1
0,No,No,1,No,No,No,No,Month-to-month,No,Electronic check,25.076963138922444,25.076963138922444,1
0,Yes,Yes,8,No,No,Yes,No,Month-to-month,Yes,Mailed check,79.0432425276595,675.9198179498766,1
0,No,No,5,No,No,Yes,No,Month-to-month,Yes,Mailed check,103.37156766598596,541.293899813683,1
0,Yes,No,9,No,No,Yes,Yes,Month-to-month,No,Mailed check,40.57124733258502,328.8134724499399,1
0,Yes,No,43,Yes,Yes,Yes,Yes,Month-to-month,Yes,Bank transfer (automatic),106.56726778489373,4588.059387006869,1
0,No,No,64,No,Yes,Yes,Yes,One year,Yes,Electronic check,107.97233257869709,6928.380248928102,1
0,No,No,28,No,No,No,No,Month-to-month,Yes,Credit card (automatic),41.26488265758241,994.2537935652362,1
0,No,No,1,No,No,No,No,Month-to-month,Yes,Mailed check,74.183489075984,74.183489075984,1
0,No,No,4,No,No,Yes,No,Month-to-month,Yes,Electronic check,75.29076504213465,327.2966097883262,1
0,No,No,6,No,No,No,No,Month-to-month,Yes,Electronic check,91.08528321591139,535.6793836521097,1
0,No,No,18,No,Yes,Yes,No,Month-to-month,Yes,Electronic check,80.33896892676754,1487.889206398606,1
0,No,No,1,No,No,No,No,Month-to-month,No,Electronic check,45.76569390382575,45.76569390382575,1
1,Yes,No,59,No,Yes,Yes,No,Month-to-month,Yes,Bank transfer (automatic),81.27035654629408,4661.944337706232,1
0,No,No,2,Yes,Yes,No,No,Month-to-month,Yes,Mailed check,53.32885418486353,100.64160532530576,1
0,No,No,10,No,No,No,No,Month-to-month,Yes,Bank transfer (automatic),84.94446296816818,836.368257013586,1
0,No,No,1,No,No,No,No,Month-to-month,Yes,Electronic check,81.53383078838736,81.53383078838736,1
0,No,No,26,No,Yes,No,No,Month-to-month,Yes,Electronic check,88.91973766730226,2275.4789551488498,1
0,No,No,16,No,No,Yes,No,Month-to-month,Yes,Credit card (automatic),86.88001898450098,1433.7051862997725,1
1,No,No,1,No,No,No,No,Month-to-month,Yes,Electronic check,25.22464237565826,25.22464237565826,1
0,No,No,15,No,No,No,No,Month-to-month,Yes,Electronic check,52.94945703258782,765.786787257445,1
0,Yes,No,2,No,No,No,No,Month-to-month,Yes,Electronic check,40.65039512618392,95.66859957593242,1
0,No,No,10,No,No,No,No,Month-to-month,Yes,Electronic check,74.43112705148641,806.1071772074,1
0,No,No,9,No,No,No,No,Month-to-month,Yes,Credit card (automatic),92.48350407794494,930.3530991556886,1
1,No,No,5,No,No,No,No,Month-to-month,Yes,Electronic check,90.43635721061237,463.92569261230756,1
0,No,No,4,No,No,No,No,Month-to-month,Yes,Electronic check,85.88057350920747,374.23465531517326,1
0,Yes,No,3,No,No,No,No,Month-to-month,Yes,Credit card (automatic),74.72588605300022,221.29407800356907,1
0,No,No,12,No,No,No,No,Month-to-month,Yes,Electronic check,83.92761442677894,982.4908755568167,1
0,Yes,No,54,No,Yes,No,No,Month-to-month,No,Electronic check,26.00490875121017,1332.5013999715177,1
0,No,No,5,No,No,No,No,Month-to-month,No,Electronic check,48.772116072171535,270.5594467002384,1
1,Yes,No,32,No,No,No,No,Month-to-month,Yes,Credit card (automatic),85.65535219334689,2643.3323903326555,1
1,No,No,13,No,No,No,No,Month-to-month,Yes,Electronic check,84.34627388654387,1116.3710436005667,1
0,No,No,2,No,No,No,No,Month-to-month,Yes,Electronic check,32.207039208919205,60.15066459698459,1
0,Yes,No,1,No,No,No,No,Month-to-month,Yes,Electronic check,80.3300999678332,80.3300999678332,1
0,No,No,4,No,No,No,No,Month-to-month,Yes,Electronic check,93.19716494260246,388.0273410443255,1
0,No,No,23,No,Yes,No,No,Month-to-month,Yes,Electronic check,80.39373467995009,1860.907950008777,1
0,No,No,7,No,Yes,No,No,Month-to-month,Yes,Electronic check,92.3344968851008,670.9781597588445,1
0,No,No,9,No,No,No,No,Month-to-month,Yes,Electronic check,90.819336796179,830.3785144862288,1
0,Yes,No,5,No,No,Yes,No,Month-to-month,Yes,Electronic check,65.15861398076439,330.52594862613523,1
0,No,No,4,No,No,No,No,Month-to-month,No,Electronic check,49.29241248576598,207.02169616367624,1
1,No,No,1,No,No,No,No,Month-to-month,Yes,Electronic check,33.8370016842601,33.8370016842601,1
0,Yes,No,28,No,No,Yes,No,Month-to-month,Yes,Electronic check,100.92024241159022,2948.330594881215,1
0,No,No,5,No,No,No,No,Month-to-month,Yes,Electronic check,48.185681623247284,305.31081613088634,1
0,No,No,9,No,No,No,No,Month-to-month,Yes,Electronic check,75.73705767114811,810.3256841306275,1
0,No,No,66,No,Yes,Yes,No,Month-to-month,Yes,Electronic check,62.369742248441874,3941.808522661166,1
0,No,No,21,No,Yes,No,No,Month-to-month,Yes,Electronic check,109.97788213822822,2322.526412215303,1
0,No,No,1,No,No,No,No,Month-to-month,Yes,Electronic check,80.29239966641421,80.29239966641421,1
0,No,No,6,No,No,No,No,Month-to-month,Yes,Electronic check,82.29651255627364,512.5780458595293,1
0,Yes,No,52,No,No,No,No,Month-to-month,No,Electronic check,28.6637892270697,1328.4558000506004,1
0,No,No,1,No,No,No,No,Month-to-month,Yes,Electronic check,34.517341334370805,34.517341334370805,1
0,No,No,1,No,No,No,No,Month-to-month,Yes,Electronic check,26.65459393958958,26.65459393958958,1
0,Yes,No,66,No,Yes,Yes,No,Month-to-month,Yes,Electronic check,105.82561676683247,6979.6605622139405,1
0,No,No,7,No,No,No,No,Month-to-month,No,Electronic check,89.97353964320887,652.0201428299138,1
0,No,No,2,No,No,No,No,Month-to-month,No,Electronic check,40.563566818428974,79.77459672580163,1
0,No,No,25,No,No,No,No,Month-to-month,Yes,Electronic check,93.72831879088676,2361.5517057618026,1
0,No,No,5,No,No,No,No,Month-to-month,Yes,Electronic check,77.24054004249219,430.33821098942167,1
0,No,No,12,No,No,No,No,Month-to-month,Yes,Electronic check,80.5053054052457,1001.0979137366796,1
0,Yes,Yes,3,No,No,No,No,Month-to-month,No,Mailed check,44.95573280635656,136.23485214910082,1
0,No,No,2,No,No,Yes,No,Month-to-month,Yes,Electronic check,92.50016094736166,174.88242969495033,1
0,Yes,No,6,No,No,No,No,Month-to-month,Yes,Electronic check,77.79610248747062,452.41767839318595,1
0,No,No,1,No,No,No,No,Month-to-month,No,Electronic check,90.58518211932433,90.58518211932433,1
0,No,No,7,No,Yes,No,No,Month-to-month,Yes,Electronic check,92.92995659313817,670.2120959320016,1
1,No,No,2,No,No,No,No,Month-to-month,Yes,Electronic check,64.60882849614302,121.08225931329223,1
0,No,No,9,No,No,No,No,Month-to-month,Yes,Bank transfer (automatic),95.34471010155411,829.1821639674317,1
1,No,No,15,No,No,No,No,Month-to-month,Yes,Electronic check,83.7654944348219,1309.254670145703,1
1,Yes,No,30,No,No,No,No,Month-to-month,Yes,Electronic check,86.63023237308536,2697.428762548842,1
1,No,No,8,No,No,No,No,Month-to-month,Yes,Electronic check,78.62516006953022,618.8032782369802,1
0,Yes,No,47,No,Yes,Yes,No,Month-to-month,Yes,Credit card (automatic),84.96985714445194,4050.4110074957985,1
0,No,No,48,No,No,No,Yes,Month-to-month,Yes,Electronic check,91.6908371003882,4516.7588089617975,1
0,No,No,7,No,No,No,No,Month-to-month,Yes,Electronic check,80.24723474214039,526.5126833345985,1
1,No,No,7,No,No,No,No,Month-to-month,Yes,Electronic check,69.58099155804,456.16641483967754,1
0,No,No,1,No,No,No,No,Month-to-month,Yes,Electronic check,75.22103550278298,75.22103550278298,1
0,Yes,No,21,No,Yes,Yes,No,Month-to-month,Yes,Electronic check,104.03756539834224,2147.122266275474,1
0,No,No,28,No,No,No,No,Month-to-month,Yes,Electronic check,45.05017695901942,1128.8748172900152,1
0,Yes,No,3,No,No,No,No,Month-to-month,Yes,Bank transfer (automatic),82.30991915888643,266.3292199917632,1
1,No,No,37,No,No,Yes,No,Month-to-month,Yes,Electronic check,99.40217111402055,3742.845193799091,1
0,No,No,24,No,No,Yes,No,Month-to-month,Yes,Electronic check,100.2238198819398,2397.367735578232,1
0,No,No,1,No,No,Yes,No,Month-to-month,Yes,Electronic check,85.07940149802468,85.07940149802468,1
0,Yes,Yes,18,No,No,No,No,Month-to-month,Yes,Electronic check,79.39487312536747,1453.9799245351055,1
0,No,No,1,No internet service,No internet service,No internet service,No internet service,Month-to-month,Yes,Mailed check,22.212200967228753,22.212200967228753,1
0,No,No,1,No,No,No,No,Month-to-month,Yes,Electronic check,69.51229522266624,69.51229522266624,1
0,No,No,1,No,No,Yes,No,Month-to-month,Yes,Electronic check,79.54454554615089,79.54454554615089,1
0,No,No,8,No,No,Yes,No,Month-to-month,Yes,Electronic check,91.26057481192187,767.4425790950995,1
0,No,No,28,No,No,No,No,Month-to-month,Yes,Bank transfer (automatic),44.844884398481796,964.9352885765626,1
0,No,No,1,No,No,No,No,Month-to-month,No,Electronic check,88.37595595806116,88.37595595806116,1
1,No,No,1,No,No,No,No,Month-to-month,Yes,Electronic check,84.89905155562101,84.89905155562101,1
0,No,No,3,No internet service,No internet service,No internet service,No internet service,Month-to-month,No,Mailed check,20.116653439557798,71.4563240845469,1
1,No,No,4,No,No,No,No,Month-to-month,Yes,Electronic check,88.92422709704377,434.8640533366686,1
0,No,No,13,No,No,No,No,Month-to-month,Yes,Electronic check,88.6977215270839,1134.928407245454,1
0,No,No,8,No,No,No,No,Month-to-month,Yes,Electronic check,45.20530967411151,434.06372154965715,1
0,No,No,12,No,No,Yes,No,Month-to-month,Yes,Electronic check,88.83756824179318,1076.271160211688,1
0,No,No,2,No,Yes,No,No,Month-to-month,Yes,Mailed check,46.8009860543993,99.83163870852636,1
1,No,No,24,No,Yes,Yes,No,Month-to-month,Yes,Electronic check,102.16512506783293,2499.839499728668,1
0,No,No,1,No,No,Yes,No,Month-to-month,Yes,Electronic check,83.28075824374585,83.28075824374585,1
0,No,No,1,No,No,No,No,Month-to-month,Yes,Electronic check,58.04058369081805,58.04058369081805,1
0,Yes,No,36,No,No,Yes,No,Month-to-month,Yes,Electronic check,97.19755754895336,3448.064628394004,1
0,No,No,19,Yes,No,No,No,Month-to-month,Yes,Electronic check,82.9193274361713,1593.725880480246,1
0,Yes,No,12,No,Yes,No,No,Month-to-month,Yes,Electronic check,98.08644478591451,1238.1059330793494,1
0,No,No,4,No,No,No,No,Month-to-month,Yes,Electronic check,85.17299584561059,322.20650484678765,1
1,No,No,1,No,No,No,No,Month-to-month,Yes,Electronic check,70.0551599355506,70.0551599355506,1
0,No,No,29,No,No,No,No,Month-to-month,Yes,Electronic check,83.8844075720848,2423.4827321402363,1
0,No,No,1,No,No,No,No,Month-to-month,No,Electronic check,50.62037516568527,50.62037516568527,1
0,Yes,No,6,No,No,No,No,Month-to-month,Yes,Electronic check,79.69421717212867,453.09750400565247,1
1,Yes,No,1,No,No,No,No,Month-to-month,Yes,Electronic check,71.18099242001092,71.18099242001092,1
0,No,No,32,No,No,No,No,Month-to-month,Yes,Electronic check,94.31210554348361,3024.2316612900313,1
1,Yes,No,11,No,No,No,No,Month-to-month,Yes,Electronic check,76.11769661689566,934.4789899961593,1
0,Yes,No,29,No,No,No,No,Month-to-month,Yes,Electronic check,85.71255730631843,2555.5119797041034,1
0,No,No,1,No internet service,No internet service,No internet service,No internet service,Month-to-month,Yes,Mailed check,19.6,19.6,1
0,No,No,1,No,No,No,No,Month-to-month,No,Electronic check,79.15032729351076,79.15032729351076,1
0,No,No,17,No,Yes,No,No,Month-to-month,Yes,Electronic check,81.51932074758842,1451.4037342188965,1
0,No,No,10,No,No,No,No,Month-to-month,Yes,Bank transfer (automatic),83.62753142426143,839.0702372502222,1
0,Yes,Yes,56,No,Yes,Yes,Yes,Two year,Yes,Electronic check,94.81026990368711,5285.0495876848045,1
0,Yes,Yes,3,No,No,No,No,Month-to-month,No,Mailed check,48.191253555656836,144.79497003701337,1
0,No,No,37,No,No,Yes,No,Month-to-month,Yes,Electronic check,99.3168838993931,3753.950986769159,1
0,Yes,Yes,4,No,Yes,No,No,Month-to-month,Yes,Electronic check,93.78080028542868,371.8600453097917,1
1,Yes,No,15,No,No,No,No,Month-to-month,Yes,Electronic check,82.54309988112482,1256.3876040969708,1
0,No,No,5,No,No,No,No,Month-to-month,Yes,Electronic check,85.25319993074777,479.9958599030315,1
0,No,No,2,No,No,Yes,No,Month-to-month,Yes,Electronic check,86.0072678171957,172.4224374743743,1
0,No,No,7,No,No,No,No,Month-to-month,Yes,Electronic check,76.18728088744082,536.6390711886847,1
1,No,No,36,No,No,No,No,Month-to-month,Yes,Electronic check,99.23252557276454,3479.00188678264,1
0,No,No,1,No,No,No,No,Month-to-month,Yes,Mailed check,46.228187636576536,46.228187636576536,1
0,Yes,No,70,No,Yes,Yes,Yes,Two year,Yes,Credit card (automatic),110.77374628742196,7703.709576336593,1
0,No,No,1,No,No,No,No,Month-to-month,Yes,Mailed check,41.29613082946939,41.29613082946939,1
1,Yes,No,29,No,No,No,No,Month-to-month,Yes,Credit card (automatic),88.68608494987194,2629.7630501670938,1
0,No,No,8,No,No,No,No,Month-to-month,Yes,Electronic check,99.21062157941552,821.410519136633,1
0,Yes,No,70,No,Yes,Yes,Yes,Two year,Yes,Electronic check,106.66154980734083,7543.326626157106,1
1,No,No,27,No,No,No,No,Month-to-month,Yes,Electronic check,85.84433255407603,2280.2876799262635,1
1,No,No,26,No,No,No,No,Month-to-month,Yes,Electronic check,47.204971695283234,1173.4038479048543,1
0,No,No,22,No,Yes,No,Yes,Month-to-month,Yes,Electronic check,71.53488893399266,1621.9747144450337,1
0,No,No,2,Yes,No,No,No,Month-to-month,Yes,Mailed check,54.68986738309865,111.73751278825108,1
0,No,No,59,No,Yes,Yes,Yes,Month-to-month,Yes,Electronic check,91.91838532280634,5446.364384185325,1
0,No,No,1,No,No,No,No,Month-to-month,No,Electronic check,45.3,45.3,1
0,Yes,No,48,No,Yes,Yes,No,Month-to-month,Yes,Electronic check,81.86027929949034,4069.367233843073,1
0,Yes,No,7,No,No,No,No,Month-to-month,Yes,Electronic check,82.0545160637032,649.0605324833633,1
1,No,No,23,No,Yes,No,No,Month-to-month,Yes,Electronic check,94.57395608979172,2293.1368368552853,1
0,No,No,20,No,No,No,No,Month-to-month,Yes,Electronic check,48.670067944815685,799.5039086067067,1
1,No,No,39,No,No,No,No,Month-to-month,Yes,Electronic check,97.51209895662797,3711.541959802426,1
0,No,No,1,No,No,No,No,Month-to-month,Yes,Mailed check,75.19731543239155,75.19731543239155,1
0,No,No,21,No,Yes,No,No,Month-to-month,Yes,Electronic check,83.43622900088631,1854.40971343717,1
0,No,No,8,No,No,No,No,Month-to-month,Yes,Electronic check,96.88713561344149,836.8387843457109,1
0,No,Yes,1,No,No,No,No,Month-to-month,Yes,Electronic check,85.07208619758667,85.07208619758667,1
0,No,No,5,No,No,No,No,Month-to-month,Yes,Electronic check,90.63010112948045,457.01848729790004,1
0,No,No,70,Yes,Yes,Yes,Yes,One year,No,Credit card (automatic),115.74004628082322,7998.835411514132,1
0,No,No,20,No,No,No,No,Month-to-month,Yes,Electronic check,93.4894612853533,1968.7348534034168,1
0,Yes,No,59,Yes,Yes,Yes,No,One year,Yes,Electronic check,96.08576377221843,5750.833130482584,1
0,No,No,1,No,No,No,No,Month-to-month,Yes,Electronic check,45.65,45.65,1
1,Yes,No,13,No,Yes,No,No,Month-to-month,Yes,Electronic check,97.00540447993158,1237.6577672524236,1
0,No,No,1,No,No,No,No,Month-to-month,Yes,Electronic check,80.67917128627619,80.67917128627619,1
0,Yes,Yes,4,No,Yes,No,No,Month-to-month,Yes,Electronic check,83.8029597957213,382.6696635785916,1
0,No,No,2,No,No,No,No,Month-to-month,Yes,Electronic check,40.789659516412875,98.16850817793713,1
1,No,No,14,No,Yes,No,No,Month-to-month,Yes,Electronic check,77.82341036448224,1095.0285616574693,1
0,Yes,No,58,No,Yes,Yes,No,One year,Yes,Credit card (automatic),102.15710395600807,5927.886425952237,1
0,No,No,1,No,No,No,No,Month-to-month,Yes,Electronic check,79.08225619287717,79.08225619287717,1
0,Yes,Yes,2,No,No,No,No,Month-to-month,No,Electronic check,67.71375214808934,139.83426116926458,1
0,No,No,1,No,No,No,No,Month-to-month,Yes,Electronic check,79.35740141438275,79.35740141438275,1
0,No,No,4,No,No,Yes,No,Month-to-month,Yes,Electronic check,73.04276062484243,345.5311340121425,1
0,No,No,8,No,No,No,No,Month-to-month,Yes,Electronic check,85.02427649207662,625.3498924075606,1
0,No,No,31,No,No,Yes,No,Month-to-month,Yes,Electronic check,92.38656227540618,2954.2243340306973,1
0,No,No,2,No,No,No,No,Month-to-month,Yes,Electronic check,45.00522239884273,92.99374635839366,1
1,No,No,23,No,Yes,No,No,Month-to-month,Yes,Electronic check,55.066471136367674,1239.61313022727,1
0,No,No,1,No internet service,No internet service,No internet service,No internet service,Month-to-month,Yes,Mailed check,22.389488430587093,22.389488430587093,1
0,No,No,7,No,No,No,No,Month-to-month,Yes,Electronic check,75.42351132928383,555.5813372531759,1
0,No,No,15,No,Yes,Yes,No,Month-to-month,Yes,Electronic check,89.53722262377956,1425.0856152520196,1
0,No,No,2,No,No,No,No,Month-to-month,Yes,Electronic check,48.21950444252251,103.32247491200305,1
0,No,No,20,No,No,No,No,Month-to-month,Yes,Credit card (automatic),46.19586649300756,901.8941249618833,1
0,Yes,No,31,No,No,No,No,Month-to-month,Yes,Bank transfer (automatic),93.22896958789468,2868.267834526607,1
0,No,No,1,No,No,No,No,Month-to-month,Yes,Electronic check,44.236237532984035,44.236237532984035,1
0,Yes,No,64,Yes,Yes,Yes,No,Two year,Yes,Electronic check,95.72309538756626,6132.828537371247,1
0,No,No,9,No,No,No,No,Month-to-month,Yes,Electronic check,96.97643082191895,926.4460088157288,1
1,No,No,8,No,No,No,No,Month-to-month,Yes,Electronic check,95.6588040651663,783.6382880440655,1
0,No,No,16,No,No,Yes,No,Month-to-month,Yes,Electronic check,92.88584468606679,1572.9224655980154,1
0,No,No,22,No,No,No,No,Month-to-month,Yes,Mailed check,78.22478654157302,1752.044833611201,1
0,No,No,6,No,No,Yes,No,Month-to-month,Yes,Electronic check,75.31170875035708,497.0090816422527,1
0,No,No,6,No,No,Yes,No,Month-to-month,No,Electronic check,90.53766311241974,593.0603861670235,1
0,Yes,No,9,No,No,No,No,Month-to-month,Yes,Bank transfer (automatic),79.22668995535109,661.0667475725356,1
0,No,No,1,No,No,No,No,Month-to-month,No,Mailed check,44.83830435411531,44.83830435411531,1
0,No,No,49,No,Yes,Yes,Yes,Month-to-month,Yes,Bank transfer (automatic),102.8579496484529,5070.669719196076,1
1,No,No,1,No,No,Yes,No,Month-to-month,Yes,Electronic check,75.45561274428469,75.45561274428469,1
0,No,No,1,No,No,No,No,Month-to-month,Yes,Electronic check,79.4177732892715,79.4177732892715,1
0,Yes,Yes,65,No,Yes,Yes,Yes,Two year,Yes,Bank transfer (automatic),79.88596909603444,5292.00430043046,1
0,No,No,15,No internet service,No internet service,No internet service,No internet service,Month-to-month,No,Bank transfer (automatic),19.98668906117306,288.5425047365968,1
0,Yes,No,42,No,Yes,No,No,Month-to-month,Yes,Electronic check,103.33901291729903,4399.709448082791,1
1,No,No,39,No,No,No,No,Month-to-month,Yes,Electronic check,96.11865585371488,3795.6563522555534,1
1,No,No,5,No,No,No,No,Month-to-month,Yes,Electronic check,70.11703577468394,329.9587223103855,1
1,No,No,1,No,No,No,No,Month-to-month,Yes,Mailed check,44.85084545814915,45.073685855705556,1
1,No,No,5,No,No,No,No,Month-to-month,Yes,Electronic check,78.86238336420121,379.30837835644337,1
0,No,No,8,No,No,Yes,No,Month-to-month,Yes,Electronic check,94.12070576130023,775.8528801437291,1
0,No,No,1,No,No,No,No,Month-to-month,No,Electronic check,79.27653068256876,79.27653068256876,1
0,No,No,15,No,Yes,No,No,Month-to-month,Yes,Credit card (automatic),96.08963962576534,1427.6010246052647,1
0,No,No,1,No,No,No,No,Month-to-month,No,Mailed check,50.42534508529474,50.42534508529474,1
0,No,No,4,No,No,No,No,Month-to-month,Yes,Electronic check,70.06657161511338,324.42480988289844,1
1,No,No,1,No,No,No,No,Month-to-month,Yes,Electronic check,90.07002893596285,90.07002893596285,1
0,No,No,36,No,No,No,No,Month-to-month,Yes,Electronic check,53.396701963769324,2010.8706596072461,1
0,No,Yes,1,No,No,No,No,Month-to-month,No,Bank transfer (automatic),29.230746348998416,29.230746348998416,1
0,Yes,No,11,No internet service,No internet service,No internet service,No internet service,Month-to-month,No,Mailed check,20.82917499702126,234.39257610553182,1
0,No,No,1,No,No,No,No,Month-to-month,Yes,Electronic check,75.35354145827188,75.35354145827188,1
0,Yes,No,5,No,No,Yes,No,Month-to-month,Yes,Electronic check,59.818204604745965,339.35303415008616,1
1,No,No,1,No,No,No,No,Month-to-month,Yes,Mailed check,24.666304561318285,44.02310445880981,1
0,No,No,56,No,Yes,Yes,No,One year,Yes,Electronic check,96.06194791149903,5472.28231036809,1
0,No,No,5,No,No,No,No,Month-to-month,Yes,Electronic check,57.06555638194904,313.2538233691746,1
1,No,No,1,No,No,No,No,Month-to-month,Yes,Mailed check,24.753396277155623,24.753396277155623,1
1,No,No,1,No,No,No,No,Month-to-month,Yes,Electronic check,69.86020353531522,69.86020353531522,1
0,Yes,Yes,1,No,No,No,No,Month-to-month,No,Electronic check,29.741504240686364,29.741504240686364,1
0,No,No,1,No,No,No,No,Month-to-month,No,Mailed check,45.28965586133911,45.28965586133911,1
0,No,No,1,No,No,No,No,Month-to-month,Yes,Electronic check,79.00513506004758,79.00513506004758,1
1,No,No,52,No,Yes,No,No,Month-to-month,Yes,Electronic check,85.60928781407294,4517.039275495966,1
0,Yes,No,25,No internet service,No internet service,No internet service,No internet service,Month-to-month,Yes,Mailed check,25.113945275454178,681.6779307483577,1
0,No,No,12,No,No,No,No,Month-to-month,Yes,Electronic check,93.06787526226539,1140.6296269196143,1
0,No,No,1,No,No,No,No,Month-to-month,No,Mailed check,25.134792354474044,25.134792354474044,1
0,No,No,25,No,No,No,No,Month-to-month,Yes,Bank transfer (automatic),77.2780588359763,2004.863494435776,1
0,No,No,17,No,No,No,No,Month-to-month,Yes,Electronic check,48.98062624694419,811.0556163046679,1
1,No,No,17,No,No,No,No,Month-to-month,Yes,Electronic check,68.81344707446388,1150.1976886448276,1
0,No,No,1,No,No,No,No,Month-to-month,Yes,Electronic check,70.29367264901214,70.29367264901214,1
0,Yes,No,47,No,No,Yes,No,Month-to-month,Yes,Electronic check,87.3649692032077,4258.907013127001,1
0,No,No,11,No,No,Yes,No,Month-to-month,Yes,Electronic check,97.30603324765154,1107.6568833342117,1
1,No,No,36,No,No,Yes,No,Month-to-month,Yes,Electronic check,102.48557761843615,3542.1128742890946,1
1,No,No,9,No,No,No,No,Month-to-month,Yes,Electronic check,79.95444911124098,725.0986862672121,1
0,No,No,9,No,No,No,No,Month-to-month,Yes,Electronic check,97.4240251288761,925.4483968828796,1
0,Yes,No,63,No,Yes,Yes,No,Two year,Yes,Credit card (automatic),102.9190865134438,6601.787591789156,1
1,No,No,8,No,No,No,No,Month-to-month,Yes,Electronic check,100.79301998509482,819.799827111982,1
0,No,No,8,No,No,No,No,Month-to-month,No,Electronic check,35.99726454244759,261.9389871027165,1
0,Yes,No,59,No,No,Yes,No,Two year,Yes,Electronic check,89.57097356670592,5286.818953773589,1
0,No,No,17,No,No,Yes,No,Month-to-month,Yes,Electronic check,82.18480815787588,1425.3540143676148,1
0,No,No,57,No,Yes,Yes,No,Month-to-month,Yes,Bank transfer (automatic),72.28082416168927,3956.0557513147705,1
0,No,No,2,No,No,No,No,Month-to-month,Yes,Credit card (automatic),45.98869746341098,84.63506531223882,1
0,No,No,2,No,No,No,No,Month-to-month,No,Electronic check,42.60542572201822,79.34001680120905,1
1,No,No,1,No,No,No,No,Month-to-month,Yes,Electronic check,28.36994238449428,28.36994238449428,1
0,Yes,No,22,No,No,No,No,Month-to-month,Yes,Electronic check,79.04701958856492,1742.9553158153471,1
0,Yes,Yes,20,No,No,No,No,Month-to-month,Yes,Electronic check,69.89427549832726,1472.514261560264,1
0,No,No,1,No internet service,No internet service,No internet service,No internet service,Month-to-month,No,Mailed check,20.340926234226778,20.340926234226778,1
0,Yes,No,17,Yes,No,No,No,Month-to-month,No,Electronic check,93.95722698573583,1617.6964968998213,1
0,No,No,1,No,No,No,No,Month-to-month,Yes,Electronic check,74.92279006687482,74.92279006687482,1
1,No,No,7,No,No,No,No,Month-to-month,Yes,Electronic check,75.93124374139245,600.9075967887413,1
1,No,No,25,No,Yes,Yes,No,Month-to-month,Yes,Credit card (automatic),92.8763378820149,2468.43281866811,1
0,No,No,21,No,No,No,No,Month-to-month,Yes,Electronic check,93.61084363381806,1998.9311988480572,1
0,No,No,6,No,No,No,No,Month-to-month,Yes,Electronic check,89.03188121594118,578.069207872103,1
0,No,No,3,No,No,No,No,Month-to-month,Yes,Electronic check,96.85077848257934,312.33969643299173,1
0,Yes,No,31,No,No,No,No,Month-to-month,Yes,Electronic check,82.066599655017,2559.6811040726802,1
0,No,No,7,No,No,No,No,Month-to-month,Yes,Electronic check,93.49345961803918,634.8287601666806,1
0,Yes,No,5,No,Yes,No,No,Month-to-month,Yes,Electronic check,84.63298177168599,402.42097583765195,1
0,No,No,2,No,No,No,No,Month-to-month,Yes,Electronic check,80.482363539661,145.58329173589848,1
0,Yes,Yes,1,No,No,No,No,Month-to-month,Yes,Electronic check,69.23604583624565,69.23604583624565,1
0,Yes,No,3,No,No,No,No,Month-to-month,Yes,Electronic check,76.32767243398102,218.38752547963074,1
0,Yes,No,40,No,No,No,No,Month-to-month,Yes,Electronic check,80.79545700751143,3195.898355101424,1
1,No,No,1,No,No,No,No,Month-to-month,Yes,Electronic check,70.17885043801617,70.17885043801617,1
0,No,No,1,No,No,No,No,Month-to-month,Yes,Electronic check,54.0715936806773,54.0715936806773,1
0,No,No,38,No,No,No,No,Month-to-month,Yes,Electronic check,76.15592875209353,3020.7492299413725,1
0,Yes,No,70,No,Yes,Yes,Yes,Two year,Yes,Electronic check,107.51974198652461,7540.703288700282,1
0,No,No,10,No,No,No,No,Month-to-month,Yes,Bank transfer (automatic),80.37058156501601,826.4312033711025,1
0,No,No,5,No,No,No,No,Month-to-month,Yes,Bank transfer (automatic),70.04353442277286,346.52931154454257,1
0,No,No,60,No,Yes,Yes,Yes,One year,Yes,Electronic check,106.05011494880802,6440.314176109159,1
0,Yes,No,1,No,No,No,No,Month-to-month,Yes,Electronic check,49.740916701288214,78.10093906632676,1
0,No,No,1,No,No,No,No,Month-to-month,Yes,Electronic check,50.42524683375865,50.42524683375865,1
0,No,Yes,1,No,No,No,No,Month-to-month,Yes,Electronic check,70.1603737973631,70.1603737973631,1
0,Yes,Yes,1,No,No,No,No,Month-to-month,Yes,Electronic check,69.14029599492858,69.14029599492858,1
0,No,No,2,No,No,No,No,Month-to-month,Yes,Electronic check,80.39894816560587,145.20999663410853,1
0,No,No,3,No,No,No,No,Month-to-month,Yes,Electronic check,27.877833928207945,81.84096842976955,1
0,Yes,No,24,No,No,Yes,No,Month-to-month,Yes,Electronic check,82.83497430142117,1917.631202235028,1
0,No,No,7,No,No,No,No,Month-to-month,Yes,Electronic check,83.03742183279535,602.173037868293,1
0,No,No,3,No,No,No,No,Month-to-month,Yes,Electronic check,79.46307655637386,244.4344978126287,1
0,No,No,58,Yes,Yes,Yes,No,One year,Yes,Electronic check,106.21499484785448,6232.612604630642,1
0,No,No,1,No,No,No,No,Month-to-month,Yes,Electronic check,87.24207331331004,87.24207331331004,1
0,No,No,1,No internet service,No internet service,No internet service,No internet service,Month-to-month,Yes,Mailed check,20.238008046489508,20.238008046489508,1
0,No,No,25,No,No,No,No,Month-to-month,Yes,Electronic check,82.6776836514169,2091.223923498927,1
0,No,No,20,No,Yes,No,No,Month-to-month,Yes,Electronic check,62.16408875851925,1249.1106073581818,1
0,No,No,12,No,No,Yes,No,Month-to-month,Yes,Electronic check,87.54741394745375,1059.538610287107,1
0,No,No,1,No internet service,No internet service,No internet service,No internet service,Month-to-month,Yes,Mailed check,20.2,20.2,1
0,Yes,No,59,Yes,Yes,Yes,No,One year,Yes,Bank transfer (automatic),98.26823962771786,5753.894495686395,1
0,No,No,68,No,Yes,Yes,Yes,One year,Yes,Electronic check,104.79609083495,7192.451627586184,1
0,No,No,7,No,No,No,No,Month-to-month,Yes,Bank transfer (automatic),70.46295791110082,529.1287431693138,1
0,No,No,6,No,Yes,No,No,Month-to-month,Yes,Electronic check,90.78676286900969,530.7399547183045,1
0,Yes,No,3,No,No,No,No,Month-to-month,Yes,Credit card (automatic),74.21757316888318,228.60746137256305,1
0,Yes,No,67,No,Yes,Yes,No,One year,Yes,Credit card (automatic),99.86074956777973,6604.217609286181,1
0,Yes,No,49,No,No,No,No,Month-to-month,Yes,Electronic check,96.34800839890421,4823.866779456537,1
1,No,No,1,No,No,Yes,No,Month-to-month,Yes,Electronic check,81.52259346818565,81.52259346818565,1
0,No,No,2,No,Yes,No,No,Month-to-month,Yes,Mailed check,52.745730413753726,109.85187430350896,1
0,No,No,7,No,No,No,No,Month-to-month,Yes,Electronic check,79.41391389118648,523.554394313712,1
0,No,No,2,No,No,No,No,Month-to-month,Yes,Electronic check,79.81405279378649,147.7606849140275,1
0,No,No,15,No,No,No,No,Month-to-month,Yes,Electronic check,56.46226359697267,887.3434234035783,1
0,No,No,2,No,No,No,No,Month-to-month,Yes,Electronic check,42.426559025047375,97.70948344800259,1
0,No,No,1,No,No,No,No,Month-to-month,Yes,Mailed check,51.58696027933769,51.58696027933769,1
0,No,No,27,No,No,No,No,Month-to-month,Yes,Electronic check,83.37312324141399,2264.961362097784,1
0,No,No,15,No,No,Yes,No,Month-to-month,Yes,Electronic check,98.67992832282738,1560.4204190949888,1
0,No,No,20,No,No,No,No,Month-to-month,Yes,Electronic check,83.3628018273489,1727.2121102825731,1
0,No,No,18,No,No,No,No,Month-to-month,Yes,Electronic check,90.42586496871377,1655.2040678311694,1
0,No,No,1,No,No,No,No,Month-to-month,Yes,Electronic check,69.3236525670874,69.3236525670874,1
0,No,No,2,No,No,No,No,Month-to-month,Yes,Electronic check,57.705181095571064,162.14233637758997,1
0,No,No,1,No,No,No,No,Month-to-month,Yes,Electronic check,45.642184151464555,45.642184151464555,1
0,Yes,No,9,No internet service,No internet service,No internet service,No internet service,Month-to-month,No,Mailed check,20.21069264210964,189.72880190401318,1
0,No,No,3,No internet service,No internet service,No internet service,No internet service,Month-to-month,No,Mailed check,19.831976274742924,62.242963167094054,1
0,No,No,1,No,No,No,No,Month-to-month,Yes,Electronic check,75.16850833009165,75.16850833009165,1
1,Yes,No,51,No,Yes,Yes,No,Month-to-month,Yes,Electronic check,96.83921400596473,4901.026297231127,1
0,No,No,12,No,Yes,Yes,No,Month-to-month,Yes,Credit card (automatic),82.28912879259589,1030.8547230333706,1
0,No,No,33,No,No,No,No,Month-to-month,Yes,Electronic check,68.11647231877974,2171.391091646648,1
0,Yes,No,33,Yes,No,No,No,Month-to-month,Yes,Electronic check,96.49626051995678,3201.260427277906,1
0,No,No,12,No,No,Yes,No,Month-to-month,Yes,Electronic check,78.13531596841138,947.3578950301826,1
0,Yes,Yes,1,No,No,No,No,Month-to-month,No,Electronic check,24.87382436751286,24.87382436751286,1
0,No,No,20,No,Yes,No,No,Month-to-month,Yes,Electronic check,92.60158108193097,1894.2995797964138,1
0,No,No,1,No internet service,No internet service,No internet service,No internet service,Month-to-month,Yes,Mailed check,20.1670288518959,20.1670288518959,1
0,No,No,7,No,No,No,No,Month-to-month,No,Mailed check,38.86297013391521,264.1624432293957,1
0,No,No,13,No,No,Yes,No,Month-to-month,Yes,Electronic check,84.28262693172229,1058.8677969092441,1
0,No,No,9,No,No,No,No,Month-to-month,Yes,Electronic check,45.44341592824292,414.1110797497643,1
0,Yes,No,20,No,No,Yes,No,Month-to-month,Yes,Electronic check,105.96692030312121,2244.467116488594,1
0,No,No,70,Yes,Yes,Yes,Yes,One year,No,Credit card (automatic),113.15215680700896,8120.825141454724,1
0,Yes,Yes,1,No,No,No,No,Month-to-month,Yes,Mailed check,69.73734523759771,69.73734523759771,1
1,Yes,No,1,No,No,No,No,Month-to-month,Yes,Electronic check,78.89358067612835,78.89358067612835,1
1,No,No,3,No,No,No,No,Month-to-month,Yes,Electronic check,82.53033610538844,223.02611753074353,1
0,Yes,No,54,No,Yes,Yes,Yes,Month-to-month,Yes,Electronic check,96.17128432409609,5135.450627764555,1
1,No,No,9,No,No,No,No,Month-to-month,Yes,Electronic check,81.4775869823365,750.8804588192778,1
0,No,No,70,Yes,Yes,Yes,Yes,One year,Yes,Credit card (automatic),114.3602183807596,7997.25542487999,1
0,Yes,No,65,No,Yes,Yes,No,Month-to-month,Yes,Bank transfer (automatic),91.55822702245281,5939.404248504514,1
1,No,No,1,No,No,No,No,Month-to-month,Yes,Electronic check,75.42354203643565,75.42354203643565,1
0,No,No,60,No,No,No,No,Month-to-month,Yes,Credit card (automatic),74.59166066490126,4485.161915841385,1
0,No,No,35,No,No,No,No,Month-to-month,Yes,Electronic check,89.6055219048559,3142.036109436529,1
0,No,No,1,No,Yes,No,No,Month-to-month,Yes,Electronic check,74.84331414407436,74.84331414407436,1
1,No,No,1,No,No,No,No,Month-to-month,Yes,Electronic check,79.04572866891277,79.04572866891277,1
0,Yes,Yes,14,No,No,No,No,Month-to-month,Yes,Electronic check,76.56181911326726,1105.0796460761155,1
0,No,No,11,No,Yes,No,No,Month-to-month,Yes,Electronic check,74.62827077521646,825.2798329399268,1
1,No,No,15,No,No,No,No,Month-to-month,Yes,Electronic check,51.92979885154812,764.575272361448,1
0,Yes,No,64,No,Yes,Yes,Yes,Month-to-month,Yes,Credit card (automatic),105.67411175828407,6903.380098258734,1
0,No,No,1,No,No,No,No,Month-to-month,Yes,Electronic check,27.631775815032945,27.631775815032945,1
0,No,No,68,No,Yes,Yes,Yes,Two year,Yes,Bank transfer (automatic),104.90039474305699,7315.003254608862,1
0,No,No,1,No,No,No,No,Month-to-month,Yes,Electronic check,79.95810029975615,79.95810029975615,1
0,Yes,No,66,No,Yes,Yes,Yes,Month-to-month,Yes,Electronic check,105.5565986352055,6996.405067284755,1
0,Yes,No,10,No,No,No,No,Month-to-month,Yes,Electronic check,80.85073203274624,857.1260593107447,1
0,No,No,37,No,No,Yes,No,Month-to-month,Yes,Electronic check,82.68080600844559,3059.4521722188283,1
0,No,No,18,No,No,No,No,Month-to-month,Yes,Credit card (automatic),45.68760205592273,894.4253886148365,1
0,Yes,No,41,No,Yes,No,No,Month-to-month,Yes,Electronic check,99.55945433572177,4137.9832849763225,1
0,No,No,1,No,No,No,No,Month-to-month,No,Electronic check,39.12899490712695,39.12899490712695,1
0,No,No,47,No,Yes,Yes,Yes,Month-to-month,Yes,Bank transfer (automatic),106.79113836916568,5111.615898050147,1
0,No,No,17,Yes,No,No,No,Month-to-month,Yes,Electronic check,91.49461632261152,1614.2905645424198,1
0,No,No,2,No,No,No,No,Month-to-month,Yes,Electronic check,83.8868364348873,181.37059349980825,1
1,Yes,No,12,No,No,No,No,Month-to-month,Yes,Electronic check,74.32930917872146,930.3226108765274,1
0,No,No,54,Yes,Yes,No,No,One year,Yes,Electronic check,102.50149793844875,5629.287492955024,1
0,Yes,No,35,No,No,Yes,No,Month-to-month,Yes,Electronic check,99.7896720663297,3511.0758145189384,1
1,No,No,8,No,No,No,No,Month-to-month,Yes,Electronic check,89.10628217056014,736.9778056847134,1
0,No,No,1,No,No,No,No,Month-to-month,No,Electronic check,81.87368689879227,81.87368689879227,1
